"id_detalle_reservacion","id_reservacion","id_habitacion","cant_huespedes","fecha_entrada","fecha_salida"
1,680,649,7,2026-02-12,2026-02-14
2,839,241,2,2026-10-29,2026-11-01
3,511,234,8,2025-12-31,2026-01-04
4,934,699,3,2025-07-27,2025-07-30
5,367,635,7,2025-07-30,2025-08-06
6,426,672,2,2025-02-17,2025-02-20
7,269,50,2,2025-04-14,2025-04-21
8,460,719,9,2025-10-13,2025-10-20
9,994,366,7,2025-10-13,2025-10-17
10,308,496,1,2025-02-25,2025-02-27
11,780,342,3,2025-09-23,2025-09-26
12,952,681,3,2025-09-01,2025-09-07
13,967,428,1,2025-08-11,2025-08-16
14,702,803,4,2026-04-05,2026-04-10
15,613,487,2,2026-09-26,2026-10-03
16,544,688,4,2026-02-17,2026-02-18
17,577,946,1,2026-02-16,2026-02-23
18,953,647,3,2025-02-03,2025-02-06
19,915,804,9,2026-04-17,2026-04-21
20,137,241,7,2025-10-26,2025-10-27
21,149,384,3,2026-07-01,2026-07-02
22,123,504,9,2026-07-06,2026-07-13
23,715,109,7,2025-02-16,2025-02-20
24,284,727,9,2026-04-26,2026-05-03
25,318,379,9,2026-02-03,2026-02-04
26,132,636,3,2025-10-27,2025-11-01
27,597,77,6,2026-05-02,2026-05-08
28,91,249,5,2026-12-07,2026-12-14
29,235,808,6,2025-07-24,2025-07-29
30,88,926,7,2025-03-13,2025-03-17
31,452,576,4,2026-08-01,2026-08-08
32,384,514,7,2025-02-25,2025-03-02
33,700,181,3,2025-07-01,2025-07-02
34,305,166,4,2026-04-25,2026-05-02
35,937,821,6,2025-07-11,2025-07-14
36,137,324,7,2025-11-30,2025-12-01
37,465,64,5,2025-09-17,2025-09-21
38,248,900,8,2025-10-10,2025-10-14
39,586,380,2,2025-08-15,2025-08-19
40,708,595,6,2025-02-13,2025-02-20
41,986,695,2,2026-06-25,2026-06-27
42,646,80,9,2026-09-25,2026-10-01
43,793,902,1,2025-09-20,2025-09-24
44,887,303,3,2026-04-09,2026-04-10
45,276,454,6,2025-11-30,2025-12-02
46,389,374,1,2025-08-10,2025-08-13
47,260,385,4,2025-03-24,2025-03-29
48,261,786,10,2025-05-25,2025-05-26
49,762,653,5,2025-03-12,2025-03-18
50,12,712,7,2026-08-07,2026-08-10
51,410,44,6,2026-12-06,2026-12-11
52,340,742,9,2026-06-12,2026-06-15
53,183,884,3,2026-03-22,2026-03-27
54,84,611,6,2025-12-23,2025-12-25
55,19,513,3,2026-09-02,2026-09-06
56,61,466,10,2026-02-10,2026-02-16
57,446,850,10,2026-03-28,2026-04-03
58,209,507,8,2025-03-22,2025-03-26
59,85,815,5,2025-06-13,2025-06-18
60,754,199,3,2026-08-19,2026-08-22
61,84,558,3,2025-03-27,2025-04-01
62,976,456,5,2026-08-19,2026-08-25
63,675,953,10,2026-12-28,2027-01-03
64,827,244,3,2025-06-05,2025-06-09
65,695,28,2,2026-02-09,2026-02-15
66,744,583,6,2025-08-23,2025-08-26
67,76,833,6,2026-04-11,2026-04-15
68,889,941,10,2025-06-14,2025-06-15
69,581,814,10,2025-12-26,2025-12-28
70,783,903,10,2025-03-04,2025-03-06
71,759,404,10,2026-08-12,2026-08-16
72,885,462,8,2026-09-06,2026-09-09
73,212,143,3,2025-06-19,2025-06-26
74,884,29,3,2025-11-13,2025-11-17
75,167,69,7,2026-02-03,2026-02-08
76,237,873,7,2026-04-26,2026-04-27
77,641,546,1,2025-10-23,2025-10-29
78,884,867,10,2025-06-29,2025-06-30
79,740,699,7,2025-08-02,2025-08-07
80,462,247,7,2025-02-24,2025-02-25
81,425,399,4,2025-10-08,2025-10-12
82,524,155,6,2025-06-26,2025-07-03
83,287,755,2,2026-08-22,2026-08-25
84,937,975,4,2026-01-29,2026-02-05
85,793,723,10,2026-07-04,2026-07-11
86,137,629,3,2025-12-28,2026-01-04
87,613,653,10,2026-11-28,2026-12-03
88,484,876,6,2025-03-01,2025-03-07
89,846,650,8,2025-07-07,2025-07-10
90,917,744,10,2026-11-13,2026-11-14
91,366,761,10,2026-02-27,2026-03-03
92,918,135,6,2026-11-15,2026-11-22
93,321,576,1,2026-11-06,2026-11-12
94,321,222,2,2026-10-14,2026-10-20
95,156,155,4,2026-05-09,2026-05-11
96,180,944,1,2026-11-04,2026-11-09
97,682,558,3,2026-09-24,2026-09-28
98,803,621,9,2025-11-10,2025-11-13
99,848,617,7,2025-11-03,2025-11-10
100,328,447,3,2025-03-29,2025-03-30
101,977,517,4,2026-01-26,2026-01-29
102,588,506,9,2026-05-02,2026-05-07
103,96,463,9,2026-01-14,2026-01-20
104,341,595,4,2025-04-27,2025-04-29
105,811,467,8,2025-06-30,2025-07-06
106,114,323,7,2025-06-08,2025-06-13
107,507,624,3,2026-09-28,2026-09-30
108,628,207,1,2026-07-22,2026-07-26
109,579,898,3,2025-02-23,2025-02-28
110,168,877,7,2025-11-27,2025-12-01
111,921,524,3,2026-03-24,2026-03-26
112,220,52,3,2025-10-22,2025-10-24
113,93,226,6,2026-07-26,2026-07-30
114,598,586,4,2025-11-15,2025-11-16
115,283,583,6,2026-11-22,2026-11-29
116,898,173,4,2026-07-08,2026-07-14
117,887,494,6,2025-08-13,2025-08-20
118,256,135,2,2025-10-09,2025-10-16
119,446,1,4,2025-11-26,2025-11-30
120,545,645,6,2026-04-18,2026-04-19
121,904,316,7,2026-06-29,2026-07-01
122,815,647,3,2025-01-04,2025-01-05
123,101,546,8,2026-08-18,2026-08-22
124,78,14,5,2025-09-17,2025-09-22
125,965,758,3,2025-08-27,2025-09-01
126,532,307,6,2025-01-27,2025-01-29
127,947,430,5,2025-12-03,2025-12-08
128,584,891,5,2026-03-31,2026-04-05
129,571,793,9,2026-06-17,2026-06-18
130,502,764,8,2026-11-30,2026-12-06
131,707,56,1,2026-09-28,2026-10-01
132,863,82,1,2025-11-16,2025-11-17
133,636,578,4,2026-08-14,2026-08-17
134,690,134,3,2026-06-29,2026-07-03
135,583,877,6,2025-05-08,2025-05-15
136,189,243,2,2025-11-28,2025-12-01
137,692,357,7,2026-10-27,2026-10-28
138,345,500,9,2025-07-15,2025-07-20
139,270,302,6,2026-10-02,2026-10-09
140,305,409,1,2026-04-06,2026-04-13
141,416,307,5,2025-05-06,2025-05-12
142,957,784,8,2025-02-21,2025-02-28
143,499,811,5,2025-04-10,2025-04-13
144,41,264,10,2026-11-05,2026-11-07
145,832,109,7,2026-04-21,2026-04-27
146,154,837,6,2025-09-02,2025-09-03
147,855,94,2,2026-09-02,2026-09-04
148,915,596,5,2026-03-20,2026-03-25
149,3,246,3,2025-11-09,2025-11-15
150,339,416,9,2026-03-29,2026-03-31
151,403,201,8,2025-03-11,2025-03-17
152,239,271,2,2025-06-07,2025-06-12
153,669,79,7,2026-06-11,2026-06-15
154,867,221,4,2025-07-14,2025-07-21
155,982,414,8,2025-02-04,2025-02-05
156,529,628,9,2025-09-06,2025-09-09
157,517,473,9,2025-07-29,2025-08-05
158,700,960,4,2025-09-19,2025-09-25
159,862,602,2,2026-01-01,2026-01-02
160,31,787,9,2025-11-21,2025-11-23
161,856,331,5,2026-08-11,2026-08-16
162,666,88,7,2025-02-01,2025-02-02
163,513,930,10,2025-01-23,2025-01-30
164,186,313,2,2026-01-22,2026-01-24
165,176,390,9,2025-10-04,2025-10-08
166,760,227,9,2025-08-25,2025-08-28
167,15,548,1,2026-03-16,2026-03-19
168,470,915,6,2026-07-05,2026-07-07
169,435,182,9,2025-06-20,2025-06-24
170,513,31,1,2026-12-25,2026-12-30
171,849,299,5,2026-07-26,2026-07-29
172,693,712,3,2026-07-08,2026-07-15
173,982,82,7,2025-01-08,2025-01-15
174,784,708,9,2026-03-18,2026-03-21
175,885,547,9,2026-04-20,2026-04-23
176,706,772,6,2026-07-30,2026-08-03
177,741,38,10,2025-09-06,2025-09-09
178,415,895,9,2025-05-11,2025-05-15
179,828,547,6,2025-05-23,2025-05-27
180,519,168,8,2026-08-11,2026-08-13
181,178,336,3,2026-10-03,2026-10-08
182,843,241,9,2026-06-02,2026-06-03
183,106,243,5,2026-02-12,2026-02-17
184,278,700,5,2025-03-27,2025-04-02
185,155,166,9,2026-07-08,2026-07-14
186,491,623,8,2025-07-29,2025-08-04
187,903,884,3,2025-12-21,2025-12-26
188,786,401,5,2025-02-22,2025-02-26
189,693,455,5,2026-03-27,2026-03-29
190,776,916,9,2025-04-10,2025-04-15
191,152,697,5,2025-05-01,2025-05-02
192,63,508,3,2025-04-10,2025-04-16
193,110,492,5,2025-06-30,2025-07-02
194,510,432,3,2025-09-11,2025-09-12
195,526,56,7,2026-11-24,2026-11-29
196,340,541,9,2026-08-20,2026-08-21
197,21,138,10,2026-02-13,2026-02-19
198,774,777,9,2026-01-30,2026-02-03
199,817,359,3,2025-06-19,2025-06-21
200,970,222,1,2025-06-08,2025-06-10
201,466,643,6,2025-06-07,2025-06-13
202,627,937,10,2025-06-13,2025-06-17
203,474,188,6,2025-03-26,2025-03-28
204,64,826,9,2026-10-18,2026-10-20
205,407,414,8,2025-02-25,2025-02-28
206,576,777,7,2025-12-01,2025-12-04
207,681,480,8,2026-03-30,2026-04-02
208,919,593,2,2026-03-16,2026-03-17
209,342,806,3,2025-08-13,2025-08-15
210,250,572,9,2026-03-10,2026-03-15
211,366,482,10,2025-06-03,2025-06-04
212,454,242,6,2025-01-29,2025-02-04
213,689,171,8,2026-07-23,2026-07-30
214,535,558,2,2026-09-22,2026-09-29
215,260,850,3,2025-07-25,2025-07-31
216,283,652,3,2025-07-15,2025-07-17
217,653,386,8,2025-11-04,2025-11-10
218,800,30,10,2026-03-27,2026-03-31
219,934,333,7,2026-11-05,2026-11-11
220,288,754,9,2026-06-25,2026-07-01
221,513,248,1,2026-02-03,2026-02-05
222,795,435,8,2026-02-26,2026-03-05
223,594,267,4,2026-07-29,2026-08-05
224,91,32,1,2026-06-25,2026-06-26
225,16,446,6,2026-09-11,2026-09-17
226,368,375,2,2026-05-22,2026-05-29
227,462,86,1,2025-06-15,2025-06-22
228,2,517,2,2025-10-13,2025-10-17
229,148,864,10,2025-03-10,2025-03-15
230,734,73,5,2025-05-09,2025-05-14
231,895,749,4,2026-02-17,2026-02-20
232,562,815,9,2026-04-18,2026-04-22
233,403,114,10,2026-07-02,2026-07-04
234,955,749,8,2026-07-27,2026-08-01
235,809,133,2,2026-11-29,2026-12-06
236,716,745,8,2025-08-19,2025-08-23
237,695,378,5,2026-12-06,2026-12-11
238,396,555,8,2026-02-03,2026-02-04
239,981,232,7,2025-03-14,2025-03-19
240,370,213,4,2026-09-01,2026-09-07
241,553,107,4,2026-09-22,2026-09-26
242,310,440,10,2026-11-22,2026-11-24
243,254,790,1,2025-08-18,2025-08-19
244,640,113,4,2026-02-04,2026-02-06
245,451,366,8,2026-03-18,2026-03-24
246,348,160,1,2026-03-24,2026-03-30
247,304,214,8,2025-06-30,2025-07-05
248,958,807,10,2026-04-06,2026-04-08
249,405,681,6,2026-05-02,2026-05-04
250,597,602,3,2025-10-13,2025-10-18
251,39,781,6,2026-12-26,2027-01-01
252,508,24,3,2025-01-23,2025-01-25
253,987,823,9,2025-11-01,2025-11-08
254,520,569,5,2025-08-10,2025-08-13
255,78,25,9,2026-04-30,2026-05-07
256,618,112,8,2026-12-06,2026-12-10
257,536,864,2,2025-10-18,2025-10-24
258,736,257,3,2026-08-30,2026-09-02
259,128,606,5,2025-05-30,2025-06-02
260,281,773,6,2026-02-02,2026-02-08
261,793,293,6,2025-10-25,2025-10-28
262,541,415,5,2025-08-05,2025-08-12
263,354,957,8,2026-03-07,2026-03-08
264,539,340,4,2025-06-01,2025-06-02
265,901,81,2,2025-07-20,2025-07-25
266,507,569,10,2026-06-14,2026-06-19
267,271,553,1,2026-02-02,2026-02-05
268,939,112,2,2026-07-12,2026-07-13
269,532,522,10,2025-02-22,2025-02-25
270,574,921,3,2026-01-25,2026-01-28
271,816,643,1,2026-06-18,2026-06-20
272,66,378,9,2025-09-28,2025-10-02
273,594,203,5,2026-05-31,2026-06-01
274,736,487,2,2026-04-19,2026-04-21
275,937,671,5,2025-06-17,2025-06-24
276,16,799,2,2026-02-27,2026-03-04
277,300,683,1,2026-04-07,2026-04-09
278,336,914,10,2026-12-20,2026-12-27
279,134,307,5,2025-02-01,2025-02-06
280,821,493,7,2026-02-09,2026-02-11
281,279,681,7,2026-12-12,2026-12-17
282,26,2,7,2026-05-19,2026-05-22
283,727,74,9,2026-02-12,2026-02-19
284,837,157,3,2026-01-20,2026-01-27
285,662,723,1,2025-11-10,2025-11-16
286,927,437,8,2025-01-14,2025-01-15
287,232,541,9,2026-06-20,2026-06-27
288,303,519,2,2026-08-24,2026-08-25
289,641,258,2,2025-10-24,2025-10-27
290,547,634,8,2025-09-26,2025-09-29
291,100,154,9,2026-11-07,2026-11-13
292,499,39,10,2026-07-03,2026-07-06
293,94,82,6,2025-11-25,2025-11-26
294,667,497,4,2025-03-01,2025-03-08
295,966,831,7,2026-07-31,2026-08-04
296,198,838,6,2025-10-07,2025-10-10
297,739,363,6,2026-10-10,2026-10-14
298,430,813,6,2025-10-01,2025-10-07
299,909,131,3,2025-07-12,2025-07-14
300,7,940,9,2025-02-24,2025-02-27
301,470,125,4,2026-05-22,2026-05-24
302,562,470,3,2026-02-28,2026-03-04
303,853,747,8,2026-07-24,2026-07-31
304,231,824,7,2025-05-15,2025-05-22
305,297,803,4,2026-01-12,2026-01-15
306,409,971,4,2026-07-20,2026-07-21
307,695,894,10,2025-02-18,2025-02-24
308,541,933,6,2026-12-29,2026-12-30
309,512,704,3,2026-08-14,2026-08-18
310,273,215,10,2025-01-17,2025-01-19
311,962,70,1,2025-07-05,2025-07-08
312,35,437,2,2025-04-11,2025-04-18
313,517,240,4,2026-02-14,2026-02-17
314,430,233,2,2025-09-12,2025-09-19
315,103,236,7,2026-07-05,2026-07-08
316,512,69,2,2026-06-29,2026-07-04
317,941,896,5,2025-01-01,2025-01-08
318,361,655,5,2025-02-15,2025-02-18
319,979,337,3,2026-05-30,2026-06-05
320,147,846,7,2025-12-04,2025-12-08
321,499,122,5,2025-12-21,2025-12-28
322,460,701,10,2026-05-31,2026-06-06
323,858,776,6,2025-09-24,2025-09-28
324,212,196,5,2026-11-27,2026-12-02
325,597,515,5,2025-12-14,2025-12-20
326,553,295,4,2025-01-19,2025-01-22
327,62,437,2,2026-02-22,2026-02-27
328,250,662,9,2026-07-20,2026-07-25
329,288,393,10,2025-05-03,2025-05-04
330,982,259,7,2026-12-11,2026-12-14
331,735,721,7,2025-02-05,2025-02-10
332,231,964,9,2026-08-08,2026-08-09
333,8,936,2,2026-12-17,2026-12-20
334,100,242,7,2025-06-27,2025-07-02
335,128,939,3,2025-11-26,2025-11-28
336,593,400,8,2026-06-23,2026-06-26
337,709,91,9,2025-04-28,2025-05-04
338,827,45,7,2026-09-10,2026-09-14
339,851,428,4,2025-07-12,2025-07-18
340,500,883,4,2025-02-04,2025-02-07
341,665,449,7,2026-10-12,2026-10-14
342,630,896,10,2026-09-13,2026-09-19
343,576,951,3,2026-07-07,2026-07-13
344,96,70,9,2025-04-05,2025-04-11
345,571,644,1,2025-08-24,2025-08-31
346,484,932,9,2025-09-08,2025-09-14
347,168,131,9,2025-11-07,2025-11-09
348,55,258,2,2025-09-06,2025-09-11
349,963,831,2,2026-07-18,2026-07-22
350,642,244,9,2026-12-27,2027-01-02
351,402,370,9,2025-11-30,2025-12-02
352,752,653,5,2026-09-23,2026-09-27
353,532,877,2,2026-09-17,2026-09-21
354,606,236,9,2026-03-17,2026-03-24
355,221,211,5,2026-04-30,2026-05-04
356,321,296,6,2025-04-09,2025-04-12
357,914,509,1,2026-11-14,2026-11-19
358,668,896,7,2025-01-16,2025-01-18
359,919,880,2,2025-06-05,2025-06-10
360,785,370,2,2026-10-22,2026-10-25
361,243,426,7,2026-01-25,2026-02-01
362,602,111,8,2025-06-27,2025-07-01
363,707,673,2,2025-01-12,2025-01-13
364,586,661,3,2026-08-23,2026-08-26
365,472,282,5,2025-08-28,2025-09-01
366,825,190,10,2026-03-12,2026-03-14
367,377,612,10,2025-03-01,2025-03-06
368,845,335,6,2025-09-03,2025-09-09
369,124,647,10,2025-02-16,2025-02-20
370,5,655,8,2026-11-23,2026-11-29
371,699,32,1,2025-09-21,2025-09-22
372,88,791,1,2025-02-06,2025-02-10
373,490,673,6,2025-01-29,2025-02-05
374,589,367,1,2026-07-22,2026-07-24
375,351,704,7,2025-05-08,2025-05-09
376,174,103,5,2026-01-01,2026-01-02
377,286,295,10,2026-06-12,2026-06-13
378,763,480,6,2025-12-20,2025-12-25
379,815,533,8,2026-03-13,2026-03-17
380,947,599,2,2026-08-29,2026-08-31
381,266,147,8,2025-08-19,2025-08-25
382,116,953,9,2025-09-07,2025-09-11
383,522,392,9,2026-10-30,2026-11-04
384,21,571,4,2025-03-11,2025-03-12
385,798,320,7,2025-01-06,2025-01-12
386,383,435,9,2025-01-18,2025-01-24
387,958,863,3,2025-01-20,2025-01-24
388,637,752,4,2026-02-23,2026-03-01
389,153,478,1,2026-09-22,2026-09-26
390,534,673,10,2025-09-07,2025-09-12
391,822,220,6,2026-02-23,2026-03-01
392,500,457,3,2025-08-30,2025-09-05
393,638,95,5,2025-10-30,2025-11-06
394,442,626,10,2025-03-12,2025-03-14
395,80,562,10,2025-08-19,2025-08-20
396,228,836,10,2026-08-20,2026-08-26
397,36,610,9,2025-04-15,2025-04-18
398,440,498,10,2025-09-27,2025-10-03
399,206,428,6,2026-09-24,2026-09-27
400,191,265,6,2025-05-15,2025-05-20
401,169,274,10,2025-02-24,2025-03-01
402,220,578,8,2025-03-17,2025-03-22
403,773,583,8,2026-09-08,2026-09-11
404,949,894,2,2025-02-20,2025-02-22
405,127,40,10,2026-11-07,2026-11-13
406,936,372,9,2025-11-11,2025-11-13
407,557,325,1,2026-03-04,2026-03-05
408,106,146,10,2025-12-13,2025-12-15
409,856,471,10,2026-01-17,2026-01-21
410,964,958,5,2026-02-23,2026-02-28
411,403,543,5,2026-05-26,2026-05-28
412,951,485,8,2026-11-28,2026-12-03
413,59,42,8,2025-08-06,2025-08-12
414,160,540,7,2025-12-13,2025-12-19
415,963,933,8,2026-05-02,2026-05-07
416,641,730,8,2025-01-08,2025-01-10
417,651,314,3,2025-07-28,2025-07-31
418,409,839,10,2026-05-16,2026-05-19
419,573,676,2,2025-02-13,2025-02-16
420,966,14,8,2025-05-05,2025-05-07
421,948,186,8,2026-10-03,2026-10-07
422,884,831,10,2026-07-03,2026-07-07
423,907,165,4,2025-10-05,2025-10-10
424,533,912,10,2026-08-08,2026-08-09
425,739,497,8,2025-12-21,2025-12-26
426,392,347,10,2025-07-14,2025-07-18
427,951,553,3,2025-08-21,2025-08-25
428,162,727,2,2025-06-11,2025-06-16
429,228,435,1,2025-03-11,2025-03-13
430,764,246,6,2025-08-10,2025-08-11
431,468,361,4,2026-06-06,2026-06-09
432,121,33,7,2025-12-23,2025-12-29
433,550,819,7,2025-09-24,2025-09-28
434,691,6,9,2026-02-06,2026-02-09
435,965,284,6,2026-11-21,2026-11-22
436,754,932,10,2025-11-08,2025-11-15
437,124,670,9,2026-09-18,2026-09-21
438,406,368,9,2026-12-03,2026-12-07
439,696,17,5,2025-11-23,2025-11-25
440,18,630,10,2026-10-13,2026-10-17
441,697,107,7,2026-07-03,2026-07-07
442,557,207,5,2025-07-04,2025-07-09
443,696,455,4,2026-09-11,2026-09-12
444,765,858,6,2025-09-17,2025-09-24
445,26,425,10,2026-05-04,2026-05-11
446,200,776,6,2025-10-24,2025-10-30
447,502,834,1,2026-07-16,2026-07-20
448,300,166,10,2025-12-28,2026-01-02
449,63,197,5,2026-05-22,2026-05-29
450,655,260,1,2026-03-29,2026-04-04
451,711,65,1,2026-02-04,2026-02-06
452,220,110,4,2025-10-04,2025-10-06
453,305,239,7,2025-09-23,2025-09-27
454,281,110,4,2025-01-29,2025-01-30
455,278,517,1,2025-01-12,2025-01-13
456,405,203,5,2026-12-28,2027-01-04
457,254,607,5,2026-02-15,2026-02-21
458,819,866,4,2026-10-09,2026-10-12
459,922,297,5,2025-02-15,2025-02-21
460,952,744,5,2026-10-10,2026-10-17
461,939,696,10,2026-01-01,2026-01-07
462,579,227,1,2026-02-09,2026-02-13
463,856,171,1,2026-04-25,2026-05-02
464,51,903,9,2026-04-18,2026-04-25
465,793,633,3,2026-04-28,2026-05-02
466,324,112,9,2025-10-01,2025-10-08
467,566,429,1,2025-11-24,2025-11-26
468,101,682,3,2026-07-23,2026-07-24
469,450,430,9,2026-02-08,2026-02-14
470,73,11,7,2025-01-27,2025-01-28
471,671,85,1,2026-07-31,2026-08-07
472,981,207,1,2026-09-07,2026-09-13
473,420,754,10,2025-01-21,2025-01-24
474,257,137,10,2026-10-02,2026-10-08
475,158,687,8,2026-08-15,2026-08-17
476,139,292,6,2025-04-08,2025-04-09
477,445,595,4,2025-06-13,2025-06-19
478,904,566,3,2026-07-27,2026-08-01
479,563,167,10,2025-11-12,2025-11-14
480,636,116,9,2026-04-06,2026-04-08
481,922,46,2,2025-05-06,2025-05-10
482,166,398,3,2025-12-29,2026-01-03
483,436,902,4,2025-06-23,2025-06-27
484,392,267,7,2026-02-27,2026-03-06
485,471,213,3,2025-08-22,2025-08-24
486,743,475,3,2025-06-22,2025-06-29
487,503,229,5,2026-01-26,2026-01-30
488,151,24,1,2025-06-29,2025-07-04
489,319,467,9,2025-11-27,2025-12-04
490,71,229,4,2026-06-29,2026-07-05
491,655,817,2,2025-08-14,2025-08-16
492,841,808,4,2026-02-07,2026-02-12
493,827,390,10,2026-04-12,2026-04-17
494,945,256,8,2025-11-13,2025-11-20
495,719,790,7,2025-06-22,2025-06-29
496,180,642,9,2026-06-29,2026-06-30
497,96,954,10,2026-11-14,2026-11-15
498,190,19,6,2026-07-27,2026-07-28
499,322,626,10,2025-11-26,2025-12-03
500,71,947,1,2025-06-07,2025-06-12
501,327,902,7,2025-10-03,2025-10-07
502,532,225,5,2025-07-11,2025-07-18
503,376,901,4,2025-12-24,2025-12-26
504,930,439,10,2025-09-23,2025-09-29
505,31,965,5,2025-07-31,2025-08-05
506,682,219,1,2026-01-01,2026-01-04
507,228,380,9,2026-11-27,2026-12-02
508,143,640,1,2025-12-26,2025-12-29
509,832,422,8,2025-10-13,2025-10-18
510,66,146,7,2026-07-02,2026-07-05
511,626,879,6,2026-11-16,2026-11-21
512,959,79,7,2025-04-11,2025-04-13
513,176,467,10,2026-03-09,2026-03-14
514,279,288,6,2026-01-13,2026-01-16
515,991,801,8,2026-11-25,2026-11-26
516,930,292,4,2025-08-05,2025-08-10
517,490,559,3,2026-02-19,2026-02-23
518,365,189,8,2025-01-06,2025-01-12
519,234,835,4,2026-01-21,2026-01-23
520,757,392,2,2025-02-04,2025-02-05
521,621,860,7,2026-12-12,2026-12-18
522,64,872,5,2026-05-11,2026-05-17
523,350,485,9,2025-01-31,2025-02-02
524,791,627,5,2025-10-27,2025-11-02
525,542,568,10,2026-08-18,2026-08-21
526,436,55,6,2026-04-19,2026-04-25
527,396,519,9,2026-03-03,2026-03-06
528,390,919,1,2026-09-10,2026-09-16
529,876,299,8,2026-02-08,2026-02-13
530,558,899,2,2026-03-19,2026-03-20
531,410,607,1,2026-11-23,2026-11-28
532,211,139,10,2025-05-03,2025-05-08
533,62,81,8,2025-07-01,2025-07-05
534,277,505,3,2025-07-21,2025-07-27
535,321,553,10,2026-12-17,2026-12-19
536,865,945,1,2025-07-13,2025-07-16
537,150,806,8,2026-02-17,2026-02-20
538,721,510,7,2025-08-08,2025-08-13
539,728,617,5,2025-10-05,2025-10-06
540,468,724,3,2025-06-05,2025-06-11
541,739,184,3,2025-12-15,2025-12-18
542,796,331,7,2025-02-20,2025-02-24
543,459,272,2,2026-12-28,2027-01-03
544,84,759,4,2025-11-24,2025-11-30
545,837,154,2,2025-11-30,2025-12-07
546,696,473,6,2026-01-21,2026-01-23
547,403,624,10,2026-07-26,2026-07-27
548,509,376,6,2025-06-14,2025-06-21
549,951,684,5,2025-12-10,2025-12-11
550,264,494,7,2025-02-20,2025-02-23
551,10,51,9,2025-11-13,2025-11-16
552,858,89,1,2025-03-18,2025-03-24
553,939,456,1,2025-10-01,2025-10-05
554,80,473,7,2025-11-18,2025-11-20
555,481,558,4,2025-10-06,2025-10-09
556,150,208,10,2025-08-01,2025-08-07
557,647,807,9,2025-04-28,2025-05-05
558,555,441,6,2026-02-25,2026-03-01
559,785,595,10,2026-01-16,2026-01-19
560,814,159,4,2025-05-04,2025-05-05
561,398,754,1,2025-08-19,2025-08-26
562,648,294,5,2026-07-20,2026-07-24
563,936,299,3,2025-07-18,2025-07-21
564,117,576,2,2026-10-31,2026-11-02
565,752,892,9,2025-10-14,2025-10-20
566,513,304,2,2025-08-31,2025-09-03
567,931,281,5,2025-11-02,2025-11-05
568,376,836,1,2025-04-13,2025-04-19
569,883,179,3,2025-10-08,2025-10-12
570,684,898,7,2025-03-17,2025-03-21
571,179,841,10,2025-04-12,2025-04-19
572,905,16,9,2025-10-07,2025-10-12
573,881,457,10,2026-05-26,2026-05-27
574,110,834,9,2026-04-02,2026-04-08
575,734,947,3,2026-09-21,2026-09-25
576,854,773,4,2025-09-13,2025-09-18
577,328,145,1,2026-03-19,2026-03-25
578,477,85,2,2025-02-01,2025-02-02
579,429,515,5,2025-12-01,2025-12-02
580,773,193,3,2026-08-13,2026-08-19
581,161,217,4,2026-03-09,2026-03-16
582,662,615,1,2026-07-17,2026-07-23
583,368,843,2,2025-08-13,2025-08-17
584,810,368,9,2025-07-15,2025-07-18
585,35,169,2,2025-03-30,2025-04-06
586,45,143,5,2025-09-28,2025-10-04
587,859,321,2,2025-02-16,2025-02-20
588,155,836,2,2025-04-15,2025-04-17
589,597,188,2,2025-05-27,2025-06-03
590,828,559,10,2025-05-29,2025-06-01
591,642,327,6,2026-01-04,2026-01-11
592,269,324,8,2026-04-13,2026-04-16
593,946,528,5,2026-06-27,2026-07-01
594,499,62,4,2026-02-20,2026-02-27
595,724,832,9,2026-03-09,2026-03-15
596,170,125,7,2026-08-01,2026-08-02
597,644,419,1,2026-05-30,2026-06-03
598,203,145,2,2026-11-25,2026-11-26
599,945,628,7,2025-03-03,2025-03-10
600,707,341,4,2026-10-31,2026-11-07
601,97,639,6,2026-04-30,2026-05-05
602,954,54,7,2026-08-11,2026-08-12
603,122,452,5,2026-05-04,2026-05-09
604,958,24,3,2025-10-29,2025-11-04
605,863,596,1,2025-03-07,2025-03-13
606,745,838,3,2026-07-31,2026-08-01
607,71,397,9,2025-10-21,2025-10-23
608,906,860,7,2025-03-21,2025-03-23
609,220,423,6,2025-08-07,2025-08-12
610,8,396,2,2026-04-03,2026-04-08
611,376,683,4,2026-08-05,2026-08-11
612,281,178,6,2026-05-13,2026-05-16
613,647,840,1,2025-08-25,2025-08-30
614,802,337,6,2025-04-17,2025-04-23
615,280,711,5,2025-09-15,2025-09-18
616,764,23,5,2025-08-12,2025-08-13
617,421,696,5,2025-02-11,2025-02-16
618,650,941,7,2025-08-09,2025-08-14
619,794,640,4,2026-03-14,2026-03-18
620,349,883,7,2026-11-07,2026-11-10
621,200,906,2,2026-07-16,2026-07-18
622,78,761,8,2025-10-29,2025-11-04
623,272,128,4,2026-04-05,2026-04-06
624,197,711,2,2026-03-05,2026-03-10
625,412,231,7,2026-09-25,2026-09-29
626,94,420,6,2025-02-18,2025-02-23
627,502,534,1,2025-08-18,2025-08-22
628,22,67,5,2026-05-07,2026-05-12
629,363,634,9,2026-08-14,2026-08-19
630,254,898,6,2026-08-04,2026-08-06
631,784,816,2,2026-04-11,2026-04-17
632,479,874,5,2026-07-29,2026-08-03
633,823,111,8,2026-04-23,2026-04-24
634,149,933,6,2026-02-02,2026-02-05
635,41,452,10,2025-07-31,2025-08-04
636,759,86,9,2026-02-02,2026-02-07
637,44,39,6,2026-01-07,2026-01-13
638,583,518,3,2025-05-31,2025-06-07
639,509,814,3,2026-08-28,2026-08-29
640,81,560,9,2026-12-15,2026-12-21
641,966,464,7,2026-01-06,2026-01-11
642,882,957,1,2026-07-12,2026-07-14
643,111,969,1,2025-06-29,2025-06-30
644,352,702,7,2026-08-28,2026-08-29
645,297,326,10,2026-02-27,2026-03-03
646,254,724,1,2025-09-21,2025-09-25
647,89,470,8,2025-01-08,2025-01-12
648,475,646,9,2025-05-14,2025-05-15
649,340,840,2,2026-08-18,2026-08-23
650,788,358,3,2025-01-08,2025-01-15
651,488,439,2,2025-07-06,2025-07-08
652,239,194,3,2025-03-02,2025-03-07
653,506,840,1,2026-07-30,2026-08-03
654,881,158,7,2026-03-14,2026-03-16
655,816,626,8,2025-09-01,2025-09-04
656,385,535,7,2025-04-01,2025-04-07
657,151,825,10,2025-03-27,2025-03-28
658,438,756,3,2025-09-18,2025-09-24
659,719,562,5,2026-08-30,2026-09-04
660,681,94,1,2026-11-26,2026-11-27
661,318,435,9,2026-08-19,2026-08-24
662,715,456,10,2026-10-10,2026-10-14
663,739,578,6,2025-11-09,2025-11-16
664,701,212,4,2026-12-18,2026-12-24
665,754,633,1,2026-12-17,2026-12-18
666,510,642,7,2026-10-01,2026-10-08
667,130,379,4,2026-09-17,2026-09-24
668,637,154,8,2026-06-16,2026-06-21
669,428,134,4,2026-06-24,2026-07-01
670,49,417,9,2025-06-28,2025-07-05
671,537,64,5,2025-11-25,2025-12-01
672,996,502,5,2025-03-08,2025-03-10
673,775,872,1,2025-11-22,2025-11-27
674,480,264,2,2025-03-15,2025-03-20
675,62,857,8,2025-12-15,2025-12-19
676,704,348,7,2025-08-06,2025-08-13
677,286,324,4,2026-02-13,2026-02-18
678,896,617,10,2025-03-19,2025-03-24
679,941,817,3,2026-06-15,2026-06-21
680,520,22,10,2026-01-15,2026-01-18
681,212,857,3,2025-08-06,2025-08-08
682,612,475,2,2025-12-06,2025-12-13
683,588,900,4,2025-09-19,2025-09-20
684,538,803,1,2026-08-12,2026-08-13
685,560,261,5,2026-01-03,2026-01-05
686,201,70,2,2026-05-22,2026-05-23
687,905,844,6,2026-07-04,2026-07-10
688,998,176,6,2025-02-26,2025-03-04
689,333,780,9,2025-03-05,2025-03-06
690,488,521,7,2025-05-27,2025-06-02
691,399,778,10,2026-02-05,2026-02-06
692,858,798,5,2025-03-29,2025-04-01
693,713,176,2,2026-07-02,2026-07-06
694,22,775,6,2026-02-11,2026-02-12
695,709,481,3,2025-05-07,2025-05-12
696,267,366,7,2026-10-27,2026-10-30
697,643,853,10,2026-12-06,2026-12-07
698,1,271,7,2025-08-22,2025-08-27
699,870,650,5,2026-01-27,2026-01-30
700,954,271,4,2026-11-30,2026-12-05
701,412,28,3,2025-08-10,2025-08-13
702,637,836,2,2025-10-16,2025-10-17
703,422,642,9,2025-10-31,2025-11-01
704,243,639,2,2026-01-12,2026-01-14
705,539,753,6,2025-06-05,2025-06-11
706,454,490,7,2026-01-19,2026-01-26
707,255,960,5,2025-07-19,2025-07-21
708,702,143,6,2026-04-06,2026-04-08
709,525,329,1,2026-03-16,2026-03-18
710,495,695,8,2026-01-17,2026-01-20
711,237,431,3,2025-09-22,2025-09-28
712,924,512,1,2026-04-30,2026-05-04
713,936,343,5,2025-01-31,2025-02-07
714,253,247,7,2026-03-30,2026-04-04
715,977,914,5,2025-02-20,2025-02-25
716,820,387,8,2026-02-26,2026-03-02
717,519,862,3,2025-10-24,2025-10-28
718,807,655,1,2026-04-29,2026-05-06
719,166,774,4,2026-09-01,2026-09-05
720,764,456,3,2025-11-24,2025-11-28
721,154,812,1,2025-05-25,2025-05-30
722,842,561,4,2025-11-01,2025-11-06
723,724,167,8,2025-09-17,2025-09-20
724,656,404,9,2025-07-29,2025-07-31
725,379,695,9,2026-03-02,2026-03-06
726,62,555,2,2026-03-20,2026-03-26
727,317,314,6,2025-11-27,2025-12-01
728,896,539,5,2026-04-27,2026-04-30
729,825,365,5,2026-09-09,2026-09-10
730,186,295,6,2025-09-21,2025-09-27
731,560,152,7,2026-08-21,2026-08-25
732,599,182,2,2025-05-02,2025-05-05
733,518,960,7,2025-02-16,2025-02-21
734,457,409,1,2025-07-09,2025-07-10
735,276,721,6,2026-11-12,2026-11-13
736,482,593,2,2025-06-18,2025-06-21
737,755,728,1,2025-12-31,2026-01-06
738,396,588,10,2026-12-30,2027-01-03
739,817,807,7,2025-05-16,2025-05-22
740,6,686,6,2026-11-15,2026-11-21
741,392,305,4,2025-01-08,2025-01-12
742,419,707,6,2025-05-12,2025-05-18
743,574,732,6,2026-10-03,2026-10-07
744,525,24,10,2025-03-28,2025-04-03
745,658,647,5,2026-05-02,2026-05-08
746,35,277,8,2025-09-14,2025-09-16
747,32,907,2,2026-08-07,2026-08-11
748,746,412,4,2026-11-14,2026-11-21
749,354,455,6,2025-11-07,2025-11-09
750,449,973,9,2025-10-27,2025-10-31
751,303,436,7,2026-11-29,2026-12-06
752,366,784,5,2025-04-27,2025-05-01
753,60,282,3,2026-11-21,2026-11-28
754,597,782,9,2026-11-07,2026-11-12
755,217,566,1,2026-02-04,2026-02-05
756,790,229,10,2026-03-29,2026-04-01
757,616,520,6,2025-02-01,2025-02-08
758,688,285,8,2026-04-06,2026-04-08
759,714,653,7,2026-09-17,2026-09-20
760,953,328,10,2026-03-08,2026-03-10
761,235,218,10,2025-01-13,2025-01-19
762,141,972,4,2025-05-08,2025-05-14
763,471,661,3,2025-10-30,2025-11-05
764,510,510,7,2026-12-29,2027-01-02
765,467,96,7,2026-08-02,2026-08-03
766,768,413,9,2026-05-05,2026-05-12
767,491,113,9,2026-01-13,2026-01-18
768,40,60,5,2025-11-08,2025-11-13
769,261,673,1,2025-04-29,2025-05-06
770,713,32,10,2026-11-27,2026-11-30
771,821,726,9,2026-04-24,2026-04-25
772,600,491,10,2025-08-11,2025-08-13
773,699,892,1,2026-02-18,2026-02-24
774,507,755,10,2026-11-27,2026-11-28
775,532,856,4,2025-05-22,2025-05-29
776,200,213,6,2025-08-01,2025-08-05
777,322,299,9,2025-01-15,2025-01-22
778,796,396,2,2026-03-26,2026-04-02
779,393,664,4,2026-07-14,2026-07-19
780,290,949,7,2025-11-01,2025-11-03
781,458,820,7,2026-09-10,2026-09-13
782,450,375,8,2026-06-07,2026-06-10
783,817,506,10,2026-04-13,2026-04-17
784,933,692,9,2025-05-29,2025-05-30
785,916,843,5,2026-10-11,2026-10-12
786,396,176,4,2025-06-01,2025-06-08
787,289,694,7,2026-05-01,2026-05-06
788,255,299,2,2026-12-12,2026-12-16
789,861,130,8,2025-04-06,2025-04-13
790,429,766,2,2026-10-05,2026-10-09
791,83,785,4,2025-04-15,2025-04-16
792,224,7,5,2025-07-10,2025-07-17
793,586,559,3,2025-08-16,2025-08-22
794,72,385,5,2025-10-01,2025-10-07
795,23,745,3,2025-11-20,2025-11-22
796,215,71,8,2025-11-30,2025-12-06
797,799,582,5,2025-09-24,2025-09-29
798,752,224,1,2026-11-09,2026-11-10
799,135,23,1,2026-05-28,2026-05-31
800,958,234,2,2025-09-22,2025-09-28
801,71,906,3,2026-11-08,2026-11-15
802,774,556,6,2025-09-26,2025-09-28
803,652,576,8,2026-05-14,2026-05-15
804,805,716,8,2026-08-16,2026-08-21
805,367,567,9,2026-10-05,2026-10-12
806,581,1,7,2026-02-22,2026-02-27
807,244,633,7,2026-12-20,2026-12-27
808,852,915,5,2026-04-07,2026-04-09
809,469,808,1,2026-09-26,2026-10-01
810,955,514,10,2025-01-21,2025-01-25
811,233,248,8,2025-04-02,2025-04-09
812,357,515,2,2026-06-01,2026-06-04
813,600,61,4,2025-08-31,2025-09-07
814,519,782,3,2026-02-16,2026-02-22
815,801,367,1,2026-12-21,2026-12-26
816,39,134,9,2025-08-02,2025-08-08
817,686,512,2,2026-10-04,2026-10-07
818,6,571,4,2025-04-30,2025-05-04
819,117,955,1,2026-09-20,2026-09-24
820,573,465,4,2025-12-07,2025-12-08
821,149,571,10,2025-03-02,2025-03-08
822,616,852,2,2025-01-02,2025-01-09
823,226,536,7,2026-04-30,2026-05-03
824,101,522,5,2026-02-11,2026-02-17
825,83,464,4,2026-01-26,2026-01-27
826,907,817,4,2026-01-05,2026-01-11
827,898,546,5,2026-12-05,2026-12-08
828,707,970,7,2026-11-02,2026-11-09
829,53,532,4,2025-10-19,2025-10-22
830,872,416,1,2026-12-10,2026-12-15
831,619,18,2,2025-04-08,2025-04-13
832,366,617,7,2025-10-15,2025-10-20
833,66,791,8,2026-03-05,2026-03-09
834,767,518,6,2025-08-13,2025-08-14
835,119,173,2,2026-05-25,2026-05-28
836,81,350,9,2025-07-29,2025-08-04
837,230,561,7,2025-12-02,2025-12-07
838,473,60,2,2025-05-15,2025-05-22
839,460,730,9,2025-10-08,2025-10-15
840,612,671,10,2026-06-09,2026-06-14
841,426,205,2,2025-02-12,2025-02-15
842,323,532,2,2026-04-29,2026-05-04
843,294,806,6,2025-03-26,2025-04-02
844,729,316,5,2026-08-14,2026-08-18
845,565,611,5,2025-02-18,2025-02-19
846,352,798,1,2026-01-05,2026-01-07
847,108,479,3,2026-01-21,2026-01-26
848,390,711,8,2025-11-20,2025-11-26
849,567,350,1,2025-07-22,2025-07-27
850,845,856,2,2026-05-10,2026-05-17
851,943,733,4,2026-05-28,2026-06-02
852,441,782,6,2026-01-20,2026-01-21
853,703,566,3,2025-06-17,2025-06-20
854,780,181,4,2025-07-03,2025-07-08
855,140,367,6,2026-02-20,2026-02-22
856,870,590,10,2026-01-01,2026-01-02
857,368,674,2,2025-11-16,2025-11-23
858,939,638,8,2025-11-08,2025-11-13
859,561,59,10,2026-08-22,2026-08-25
860,134,536,6,2025-08-11,2025-08-12
861,117,339,8,2025-11-06,2025-11-11
862,732,195,4,2025-05-02,2025-05-06
863,16,741,10,2025-08-29,2025-09-05
864,114,130,4,2026-05-08,2026-05-13
865,400,117,10,2025-10-28,2025-11-04
866,622,905,8,2025-03-26,2025-03-30
867,611,31,3,2025-06-24,2025-07-01
868,517,79,9,2025-11-01,2025-11-03
869,262,257,8,2025-09-24,2025-09-29
870,861,551,1,2026-07-21,2026-07-23
871,839,470,6,2026-09-20,2026-09-24
872,395,967,1,2026-03-18,2026-03-20
873,971,682,10,2025-08-09,2025-08-13
874,948,653,7,2026-06-04,2026-06-10
875,140,816,6,2026-07-22,2026-07-23
876,489,433,5,2025-10-02,2025-10-09
877,182,630,6,2025-11-03,2025-11-10
878,482,161,5,2026-12-16,2026-12-23
879,219,805,8,2025-08-15,2025-08-20
880,368,299,10,2026-01-07,2026-01-14
881,425,661,9,2026-08-31,2026-09-03
882,725,962,8,2025-05-21,2025-05-23
883,829,252,7,2025-02-20,2025-02-22
884,231,174,5,2026-12-30,2027-01-06
885,711,394,6,2026-12-03,2026-12-09
886,397,850,5,2025-10-15,2025-10-18
887,121,935,2,2025-09-23,2025-09-27
888,214,561,7,2025-11-14,2025-11-16
889,779,730,3,2026-12-18,2026-12-22
890,269,856,5,2026-07-23,2026-07-24
891,786,162,2,2026-03-30,2026-04-06
892,851,78,5,2025-07-15,2025-07-18
893,669,568,6,2026-04-30,2026-05-05
894,181,542,5,2026-10-24,2026-10-30
895,657,827,5,2025-08-22,2025-08-29
896,653,577,7,2025-09-17,2025-09-21
897,2,918,2,2025-03-14,2025-03-18
898,855,95,7,2026-01-11,2026-01-18
899,447,464,10,2025-12-01,2025-12-04
900,412,568,10,2025-08-09,2025-08-16
901,891,288,9,2025-05-23,2025-05-29
902,260,55,4,2026-06-14,2026-06-18
903,979,683,9,2026-08-14,2026-08-16
904,209,3,8,2025-11-16,2025-11-17
905,186,80,4,2026-02-03,2026-02-10
906,103,724,4,2025-07-19,2025-07-26
907,339,99,9,2025-10-04,2025-10-08
908,343,972,4,2026-12-08,2026-12-09
909,744,919,8,2025-04-26,2025-05-02
910,409,373,9,2026-04-14,2026-04-20
911,796,419,9,2026-08-01,2026-08-04
912,4,158,6,2026-09-15,2026-09-18
913,230,975,3,2025-11-07,2025-11-09
914,458,332,4,2025-01-09,2025-01-15
915,705,751,8,2025-05-04,2025-05-10
916,15,880,7,2025-10-17,2025-10-23
917,248,780,5,2026-12-02,2026-12-06
918,904,40,9,2026-09-08,2026-09-14
919,940,757,9,2026-01-30,2026-02-02
920,541,651,5,2026-06-04,2026-06-10
921,964,186,3,2026-09-10,2026-09-16
922,383,854,4,2025-01-02,2025-01-04
923,544,490,8,2025-08-16,2025-08-17
924,224,322,6,2025-07-13,2025-07-16
925,811,14,8,2025-05-03,2025-05-05
926,705,603,10,2025-09-25,2025-09-26
927,946,805,1,2025-03-27,2025-03-28
928,41,332,4,2026-08-14,2026-08-15
929,838,418,6,2025-11-21,2025-11-28
930,832,488,4,2025-07-08,2025-07-14
931,59,349,7,2026-05-03,2026-05-08
932,497,518,5,2026-04-06,2026-04-07
933,629,928,9,2026-01-21,2026-01-25
934,247,718,7,2026-10-22,2026-10-28
935,242,127,1,2025-04-13,2025-04-17
936,406,422,5,2026-05-06,2026-05-08
937,431,123,6,2026-04-20,2026-04-26
938,892,682,8,2026-02-12,2026-02-14
939,580,394,8,2025-06-01,2025-06-06
940,49,425,3,2025-03-16,2025-03-21
941,666,878,3,2025-07-11,2025-07-16
942,156,385,3,2025-01-08,2025-01-09
943,28,839,8,2026-10-23,2026-10-30
944,83,159,4,2025-03-03,2025-03-06
945,390,532,4,2026-01-28,2026-02-04
946,59,744,6,2026-02-05,2026-02-10
947,750,836,8,2026-10-03,2026-10-05
948,790,488,9,2025-09-26,2025-10-01
949,64,234,5,2025-03-25,2025-03-29
950,626,577,6,2025-12-02,2025-12-08
951,297,891,8,2025-04-30,2025-05-02
952,328,100,7,2025-04-29,2025-05-05
953,767,202,2,2026-05-13,2026-05-14
954,982,574,7,2026-06-24,2026-06-28
955,982,290,10,2025-09-22,2025-09-29
956,207,239,8,2025-01-30,2025-02-03
957,53,94,5,2026-04-29,2026-05-01
958,84,328,3,2025-04-14,2025-04-18
959,48,612,9,2025-04-28,2025-04-30
960,544,419,1,2025-07-28,2025-07-30
961,577,866,3,2026-05-15,2026-05-21
962,483,425,10,2025-01-12,2025-01-13
963,396,946,9,2025-01-10,2025-01-14
964,581,613,9,2026-03-08,2026-03-10
965,308,862,5,2026-01-23,2026-01-30
966,703,915,8,2026-01-08,2026-01-15
967,152,788,1,2025-02-18,2025-02-25
968,823,93,5,2025-11-20,2025-11-26
969,404,301,6,2025-08-14,2025-08-19
970,318,93,9,2026-06-30,2026-07-02
971,765,543,2,2025-11-23,2025-11-26
972,234,779,2,2025-10-06,2025-10-12
973,925,60,7,2025-07-08,2025-07-12
974,70,173,3,2025-07-16,2025-07-20
975,137,62,8,2026-07-11,2026-07-12
976,910,560,4,2025-09-19,2025-09-20
977,39,55,1,2026-06-29,2026-06-30
978,735,665,5,2026-12-14,2026-12-15
979,478,959,5,2025-09-17,2025-09-23
980,102,642,3,2025-03-23,2025-03-29
981,540,893,8,2025-09-12,2025-09-18
982,307,776,6,2025-05-11,2025-05-14
983,831,941,1,2025-07-17,2025-07-18
984,827,783,5,2026-08-13,2026-08-20
985,419,379,5,2025-06-15,2025-06-22
986,702,326,6,2026-04-27,2026-05-03
987,365,579,4,2026-02-07,2026-02-08
988,877,913,3,2026-09-29,2026-10-01
989,390,98,10,2026-04-04,2026-04-10
990,686,507,6,2025-06-28,2025-07-03
991,132,212,3,2025-01-19,2025-01-21
992,845,710,5,2025-08-09,2025-08-11
993,250,845,5,2025-04-13,2025-04-17
994,340,63,9,2026-06-16,2026-06-21
995,72,778,7,2025-07-29,2025-08-01
996,986,201,6,2025-10-04,2025-10-07
997,344,575,6,2025-09-29,2025-10-05
998,737,890,6,2025-02-07,2025-02-09
999,145,828,1,2026-12-23,2026-12-25
1000,14,663,3,2025-11-06,2025-11-08
