id_reservacion,id_habitacion,cant_huespedes,fecha_entrada,fecha_salida
680,649,7,2026-02-12,2026-02-14
839,241,2,2026-10-29,2026-11-01
511,234,8,2025-12-31,2026-01-04
934,699,3,2025-07-27,2025-07-30
367,635,7,2025-07-30,2025-08-06
426,672,2,2025-02-17,2025-02-20
269,50,2,2025-04-14,2025-04-21
460,719,9,2025-10-13,2025-10-20
994,366,7,2025-10-13,2025-10-17
308,496,1,2025-02-25,2025-02-27
780,342,3,2025-09-23,2025-09-26
952,681,3,2025-09-01,2025-09-07
967,428,1,2025-08-11,2025-08-16
702,803,4,2026-04-05,2026-04-10
613,487,2,2026-09-26,2026-10-03
544,688,4,2026-02-17,2026-02-18
577,946,1,2026-02-16,2026-02-23
953,647,3,2025-02-03,2025-02-06
915,804,9,2026-04-17,2026-04-21
137,241,7,2025-10-26,2025-10-27
149,384,3,2026-07-01,2026-07-02
123,504,9,2026-07-06,2026-07-13
715,109,7,2025-02-16,2025-02-20
284,727,9,2026-04-26,2026-05-03
318,379,9,2026-02-03,2026-02-04
132,636,3,2025-10-27,2025-11-01
597,77,6,2026-05-02,2026-05-08
91,249,5,2026-12-07,2026-12-14
235,808,6,2025-07-24,2025-07-29
88,926,7,2025-03-13,2025-03-17
452,576,4,2026-08-01,2026-08-08
384,514,7,2025-02-25,2025-03-02
700,181,3,2025-07-01,2025-07-02
305,166,4,2026-04-25,2026-05-02
937,821,6,2025-07-11,2025-07-14
137,324,7,2025-11-30,2025-12-01
465,64,5,2025-09-17,2025-09-21
248,900,8,2025-10-10,2025-10-14
586,380,2,2025-08-15,2025-08-19
708,595,6,2025-02-13,2025-02-20
986,695,2,2026-06-25,2026-06-27
646,80,9,2026-09-25,2026-10-01
793,902,1,2025-09-20,2025-09-24
887,303,3,2026-04-09,2026-04-10
276,454,6,2025-11-30,2025-12-02
389,374,1,2025-08-10,2025-08-13
260,385,4,2025-03-24,2025-03-29
261,786,10,2025-05-25,2025-05-26
762,653,5,2025-03-12,2025-03-18
12,712,7,2026-08-07,2026-08-10
410,44,6,2026-12-06,2026-12-11
340,742,9,2026-06-12,2026-06-15
183,884,3,2026-03-22,2026-03-27
84,611,6,2025-12-23,2025-12-25
19,513,3,2026-09-02,2026-09-06
61,466,10,2026-02-10,2026-02-16
446,850,10,2026-03-28,2026-04-03
209,507,8,2025-03-22,2025-03-26
85,815,5,2025-06-13,2025-06-18
754,199,3,2026-08-19,2026-08-22
84,558,3,2025-03-27,2025-04-01
976,456,5,2026-08-19,2026-08-25
675,953,10,2026-12-28,2027-01-03
827,244,3,2025-06-05,2025-06-09
695,28,2,2026-02-09,2026-02-15
744,583,6,2025-08-23,2025-08-26
76,833,6,2026-04-11,2026-04-15
889,941,10,2025-06-14,2025-06-15
581,814,10,2025-12-26,2025-12-28
783,903,10,2025-03-04,2025-03-06
759,404,10,2026-08-12,2026-08-16
885,462,8,2026-09-06,2026-09-09
212,143,3,2025-06-19,2025-06-26
884,29,3,2025-11-13,2025-11-17
167,69,7,2026-02-03,2026-02-08
237,873,7,2026-04-26,2026-04-27
641,546,1,2025-10-23,2025-10-29
884,867,10,2025-06-29,2025-06-30
740,699,7,2025-08-02,2025-08-07
462,247,7,2025-02-24,2025-02-25
425,399,4,2025-10-08,2025-10-12
524,155,6,2025-06-26,2025-07-03
287,755,2,2026-08-22,2026-08-25
937,975,4,2026-01-29,2026-02-05
793,723,10,2026-07-04,2026-07-11
137,629,3,2025-12-28,2026-01-04
613,653,10,2026-11-28,2026-12-03
484,876,6,2025-03-01,2025-03-07
846,650,8,2025-07-07,2025-07-10
917,744,10,2026-11-13,2026-11-14
366,761,10,2026-02-27,2026-03-03
918,135,6,2026-11-15,2026-11-22
321,576,1,2026-11-06,2026-11-12
321,222,2,2026-10-14,2026-10-20
156,155,4,2026-05-09,2026-05-11
180,944,1,2026-11-04,2026-11-09
682,558,3,2026-09-24,2026-09-28
803,621,9,2025-11-10,2025-11-13
848,617,7,2025-11-03,2025-11-10
328,447,3,2025-03-29,2025-03-30
977,517,4,2026-01-26,2026-01-29
588,506,9,2026-05-02,2026-05-07
96,463,9,2026-01-14,2026-01-20
341,595,4,2025-04-27,2025-04-29
811,467,8,2025-06-30,2025-07-06
114,323,7,2025-06-08,2025-06-13
507,624,3,2026-09-28,2026-09-30
628,207,1,2026-07-22,2026-07-26
579,898,3,2025-02-23,2025-02-28
168,877,7,2025-11-27,2025-12-01
921,524,3,2026-03-24,2026-03-26
220,52,3,2025-10-22,2025-10-24
93,226,6,2026-07-26,2026-07-30
598,586,4,2025-11-15,2025-11-16
283,583,6,2026-11-22,2026-11-29
898,173,4,2026-07-08,2026-07-14
887,494,6,2025-08-13,2025-08-20
256,135,2,2025-10-09,2025-10-16
446,1,4,2025-11-26,2025-11-30
545,645,6,2026-04-18,2026-04-19
904,316,7,2026-06-29,2026-07-01
815,647,3,2025-01-04,2025-01-05
101,546,8,2026-08-18,2026-08-22
78,14,5,2025-09-17,2025-09-22
965,758,3,2025-08-27,2025-09-01
532,307,6,2025-01-27,2025-01-29
947,430,5,2025-12-03,2025-12-08
584,891,5,2026-03-31,2026-04-05
571,793,9,2026-06-17,2026-06-18
502,764,8,2026-11-30,2026-12-06
707,56,1,2026-09-28,2026-10-01
863,82,1,2025-11-16,2025-11-17
636,578,4,2026-08-14,2026-08-17
690,134,3,2026-06-29,2026-07-03
583,877,6,2025-05-08,2025-05-15
189,243,2,2025-11-28,2025-12-01
692,357,7,2026-10-27,2026-10-28
345,500,9,2025-07-15,2025-07-20
270,302,6,2026-10-02,2026-10-09
305,409,1,2026-04-06,2026-04-13
416,307,5,2025-05-06,2025-05-12
957,784,8,2025-02-21,2025-02-28
499,811,5,2025-04-10,2025-04-13
41,264,10,2026-11-05,2026-11-07
832,109,7,2026-04-21,2026-04-27
154,837,6,2025-09-02,2025-09-03
855,94,2,2026-09-02,2026-09-04
915,596,5,2026-03-20,2026-03-25
3,246,3,2025-11-09,2025-11-15
339,416,9,2026-03-29,2026-03-31
403,201,8,2025-03-11,2025-03-17
239,271,2,2025-06-07,2025-06-12
669,79,7,2026-06-11,2026-06-15
867,221,4,2025-07-14,2025-07-21
982,414,8,2025-02-04,2025-02-05
529,628,9,2025-09-06,2025-09-09
517,473,9,2025-07-29,2025-08-05
700,960,4,2025-09-19,2025-09-25
862,602,2,2026-01-01,2026-01-02
31,787,9,2025-11-21,2025-11-23
856,331,5,2026-08-11,2026-08-16
666,88,7,2025-02-01,2025-02-02
513,930,10,2025-01-23,2025-01-30
186,313,2,2026-01-22,2026-01-24
176,390,9,2025-10-04,2025-10-08
760,227,9,2025-08-25,2025-08-28
15,548,1,2026-03-16,2026-03-19
470,915,6,2026-07-05,2026-07-07
435,182,9,2025-06-20,2025-06-24
513,31,1,2026-12-25,2026-12-30
849,299,5,2026-07-26,2026-07-29
693,712,3,2026-07-08,2026-07-15
982,82,7,2025-01-08,2025-01-15
784,708,9,2026-03-18,2026-03-21
885,547,9,2026-04-20,2026-04-23
706,772,6,2026-07-30,2026-08-03
741,38,10,2025-09-06,2025-09-09
415,895,9,2025-05-11,2025-05-15
828,547,6,2025-05-23,2025-05-27
519,168,8,2026-08-11,2026-08-13
178,336,3,2026-10-03,2026-10-08
843,241,9,2026-06-02,2026-06-03
106,243,5,2026-02-12,2026-02-17
278,700,5,2025-03-27,2025-04-02
155,166,9,2026-07-08,2026-07-14
491,623,8,2025-07-29,2025-08-04
903,884,3,2025-12-21,2025-12-26
786,401,5,2025-02-22,2025-02-26
693,455,5,2026-03-27,2026-03-29
776,916,9,2025-04-10,2025-04-15
152,697,5,2025-05-01,2025-05-02
63,508,3,2025-04-10,2025-04-16
110,492,5,2025-06-30,2025-07-02
510,432,3,2025-09-11,2025-09-12
526,56,7,2026-11-24,2026-11-29
340,541,9,2026-08-20,2026-08-21
21,138,10,2026-02-13,2026-02-19
774,777,9,2026-01-30,2026-02-03
817,359,3,2025-06-19,2025-06-21
970,222,1,2025-06-08,2025-06-10
466,643,6,2025-06-07,2025-06-13
627,937,10,2025-06-13,2025-06-17
474,188,6,2025-03-26,2025-03-28
64,826,9,2026-10-18,2026-10-20
407,414,8,2025-02-25,2025-02-28
576,777,7,2025-12-01,2025-12-04
681,480,8,2026-03-30,2026-04-02
919,593,2,2026-03-16,2026-03-17
342,806,3,2025-08-13,2025-08-15
250,572,9,2026-03-10,2026-03-15
366,482,10,2025-06-03,2025-06-04
454,242,6,2025-01-29,2025-02-04
689,171,8,2026-07-23,2026-07-30
535,558,2,2026-09-22,2026-09-29
260,850,3,2025-07-25,2025-07-31
283,652,3,2025-07-15,2025-07-17
653,386,8,2025-11-04,2025-11-10
800,30,10,2026-03-27,2026-03-31
934,333,7,2026-11-05,2026-11-11
288,754,9,2026-06-25,2026-07-01
513,248,1,2026-02-03,2026-02-05
795,435,8,2026-02-26,2026-03-05
594,267,4,2026-07-29,2026-08-05
91,32,1,2026-06-25,2026-06-26
16,446,6,2026-09-11,2026-09-17
368,375,2,2026-05-22,2026-05-29
462,86,1,2025-06-15,2025-06-22
2,517,2,2025-10-13,2025-10-17
148,864,10,2025-03-10,2025-03-15
734,73,5,2025-05-09,2025-05-14
895,749,4,2026-02-17,2026-02-20
562,815,9,2026-04-18,2026-04-22
403,114,10,2026-07-02,2026-07-04
955,749,8,2026-07-27,2026-08-01
809,133,2,2026-11-29,2026-12-06
716,745,8,2025-08-19,2025-08-23
695,378,5,2026-12-06,2026-12-11
396,555,8,2026-02-03,2026-02-04
981,232,7,2025-03-14,2025-03-19
370,213,4,2026-09-01,2026-09-07
553,107,4,2026-09-22,2026-09-26
310,440,10,2026-11-22,2026-11-24
254,790,1,2025-08-18,2025-08-19
640,113,4,2026-02-04,2026-02-06
451,366,8,2026-03-18,2026-03-24
348,160,1,2026-03-24,2026-03-30
304,214,8,2025-06-30,2025-07-05
958,807,10,2026-04-06,2026-04-08
405,681,6,2026-05-02,2026-05-04
597,602,3,2025-10-13,2025-10-18
39,781,6,2026-12-26,2027-01-01
508,24,3,2025-01-23,2025-01-25
987,823,9,2025-11-01,2025-11-08
520,569,5,2025-08-10,2025-08-13
78,25,9,2026-04-30,2026-05-07
618,112,8,2026-12-06,2026-12-10
536,864,2,2025-10-18,2025-10-24
736,257,3,2026-08-30,2026-09-02
128,606,5,2025-05-30,2025-06-02
281,773,6,2026-02-02,2026-02-08
793,293,6,2025-10-25,2025-10-28
541,415,5,2025-08-05,2025-08-12
354,957,8,2026-03-07,2026-03-08
539,340,4,2025-06-01,2025-06-02
901,81,2,2025-07-20,2025-07-25
507,569,10,2026-06-14,2026-06-19
271,553,1,2026-02-02,2026-02-05
939,112,2,2026-07-12,2026-07-13
532,522,10,2025-02-22,2025-02-25
574,921,3,2026-01-25,2026-01-28
816,643,1,2026-06-18,2026-06-20
66,378,9,2025-09-28,2025-10-02
594,203,5,2026-05-31,2026-06-01
736,487,2,2026-04-19,2026-04-21
937,671,5,2025-06-17,2025-06-24
16,799,2,2026-02-27,2026-03-04
300,683,1,2026-04-07,2026-04-09
336,914,10,2026-12-20,2026-12-27
134,307,5,2025-02-01,2025-02-06
821,493,7,2026-02-09,2026-02-11
279,681,7,2026-12-12,2026-12-17
26,2,7,2026-05-19,2026-05-22
727,74,9,2026-02-12,2026-02-19
837,157,3,2026-01-20,2026-01-27
662,723,1,2025-11-10,2025-11-16
927,437,8,2025-01-14,2025-01-15
232,541,9,2026-06-20,2026-06-27
303,519,2,2026-08-24,2026-08-25
641,258,2,2025-10-24,2025-10-27
547,634,8,2025-09-26,2025-09-29
100,154,9,2026-11-07,2026-11-13
499,39,10,2026-07-03,2026-07-06
94,82,6,2025-11-25,2025-11-26
667,497,4,2025-03-01,2025-03-08
966,831,7,2026-07-31,2026-08-04
198,838,6,2025-10-07,2025-10-10
739,363,6,2026-10-10,2026-10-14
430,813,6,2025-10-01,2025-10-07
909,131,3,2025-07-12,2025-07-14
7,940,9,2025-02-24,2025-02-27
470,125,4,2026-05-22,2026-05-24
562,470,3,2026-02-28,2026-03-04
853,747,8,2026-07-24,2026-07-31
231,824,7,2025-05-15,2025-05-22
297,803,4,2026-01-12,2026-01-15
409,971,4,2026-07-20,2026-07-21
695,894,10,2025-02-18,2025-02-24
541,933,6,2026-12-29,2026-12-30
512,704,3,2026-08-14,2026-08-18
273,215,10,2025-01-17,2025-01-19
962,70,1,2025-07-05,2025-07-08
35,437,2,2025-04-11,2025-04-18
517,240,4,2026-02-14,2026-02-17
430,233,2,2025-09-12,2025-09-19
103,236,7,2026-07-05,2026-07-08
512,69,2,2026-06-29,2026-07-04
941,896,5,2025-01-01,2025-01-08
361,655,5,2025-02-15,2025-02-18
979,337,3,2026-05-30,2026-06-05
147,846,7,2025-12-04,2025-12-08
499,122,5,2025-12-21,2025-12-28
460,701,10,2026-05-31,2026-06-06
858,776,6,2025-09-24,2025-09-28
212,196,5,2026-11-27,2026-12-02
597,515,5,2025-12-14,2025-12-20
553,295,4,2025-01-19,2025-01-22
62,437,2,2026-02-22,2026-02-27
250,662,9,2026-07-20,2026-07-25
288,393,10,2025-05-03,2025-05-04
982,259,7,2026-12-11,2026-12-14
735,721,7,2025-02-05,2025-02-10
231,964,9,2026-08-08,2026-08-09
8,936,2,2026-12-17,2026-12-20
100,242,7,2025-06-27,2025-07-02
128,939,3,2025-11-26,2025-11-28
593,400,8,2026-06-23,2026-06-26
709,91,9,2025-04-28,2025-05-04
827,45,7,2026-09-10,2026-09-14
851,428,4,2025-07-12,2025-07-18
500,883,4,2025-02-04,2025-02-07
665,449,7,2026-10-12,2026-10-14
630,896,10,2026-09-13,2026-09-19
576,951,3,2026-07-07,2026-07-13
96,70,9,2025-04-05,2025-04-11
571,644,1,2025-08-24,2025-08-31
484,932,9,2025-09-08,2025-09-14
168,131,9,2025-11-07,2025-11-09
55,258,2,2025-09-06,2025-09-11
963,831,2,2026-07-18,2026-07-22
642,244,9,2026-12-27,2027-01-02
402,370,9,2025-11-30,2025-12-02
752,653,5,2026-09-23,2026-09-27
532,877,2,2026-09-17,2026-09-21
606,236,9,2026-03-17,2026-03-24
221,211,5,2026-04-30,2026-05-04
321,296,6,2025-04-09,2025-04-12
914,509,1,2026-11-14,2026-11-19
668,896,7,2025-01-16,2025-01-18
919,880,2,2025-06-05,2025-06-10
785,370,2,2026-10-22,2026-10-25
243,426,7,2026-01-25,2026-02-01
602,111,8,2025-06-27,2025-07-01
707,673,2,2025-01-12,2025-01-13
586,661,3,2026-08-23,2026-08-26
472,282,5,2025-08-28,2025-09-01
825,190,10,2026-03-12,2026-03-14
377,612,10,2025-03-01,2025-03-06
845,335,6,2025-09-03,2025-09-09
124,647,10,2025-02-16,2025-02-20
5,655,8,2026-11-23,2026-11-29
699,32,1,2025-09-21,2025-09-22
88,791,1,2025-02-06,2025-02-10
490,673,6,2025-01-29,2025-02-05
589,367,1,2026-07-22,2026-07-24
351,704,7,2025-05-08,2025-05-09
174,103,5,2026-01-01,2026-01-02
286,295,10,2026-06-12,2026-06-13
763,480,6,2025-12-20,2025-12-25
815,533,8,2026-03-13,2026-03-17
947,599,2,2026-08-29,2026-08-31
266,147,8,2025-08-19,2025-08-25
116,953,9,2025-09-07,2025-09-11
522,392,9,2026-10-30,2026-11-04
21,571,4,2025-03-11,2025-03-12
798,320,7,2025-01-06,2025-01-12
383,435,9,2025-01-18,2025-01-24
958,863,3,2025-01-20,2025-01-24
637,752,4,2026-02-23,2026-03-01
153,478,1,2026-09-22,2026-09-26
534,673,10,2025-09-07,2025-09-12
822,220,6,2026-02-23,2026-03-01
500,457,3,2025-08-30,2025-09-05
638,95,5,2025-10-30,2025-11-06
442,626,10,2025-03-12,2025-03-14
80,562,10,2025-08-19,2025-08-20
228,836,10,2026-08-20,2026-08-26
36,610,9,2025-04-15,2025-04-18
440,498,10,2025-09-27,2025-10-03
206,428,6,2026-09-24,2026-09-27
191,265,6,2025-05-15,2025-05-20
169,274,10,2025-02-24,2025-03-01
220,578,8,2025-03-17,2025-03-22
773,583,8,2026-09-08,2026-09-11
949,894,2,2025-02-20,2025-02-22
127,40,10,2026-11-07,2026-11-13
936,372,9,2025-11-11,2025-11-13
557,325,1,2026-03-04,2026-03-05
106,146,10,2025-12-13,2025-12-15
856,471,10,2026-01-17,2026-01-21
964,958,5,2026-02-23,2026-02-28
403,543,5,2026-05-26,2026-05-28
951,485,8,2026-11-28,2026-12-03
59,42,8,2025-08-06,2025-08-12
160,540,7,2025-12-13,2025-12-19
963,933,8,2026-05-02,2026-05-07
641,730,8,2025-01-08,2025-01-10
651,314,3,2025-07-28,2025-07-31
409,839,10,2026-05-16,2026-05-19
573,676,2,2025-02-13,2025-02-16
966,14,8,2025-05-05,2025-05-07
948,186,8,2026-10-03,2026-10-07
884,831,10,2026-07-03,2026-07-07
907,165,4,2025-10-05,2025-10-10
533,912,10,2026-08-08,2026-08-09
739,497,8,2025-12-21,2025-12-26
392,347,10,2025-07-14,2025-07-18
951,553,3,2025-08-21,2025-08-25
162,727,2,2025-06-11,2025-06-16
228,435,1,2025-03-11,2025-03-13
764,246,6,2025-08-10,2025-08-11
468,361,4,2026-06-06,2026-06-09
121,33,7,2025-12-23,2025-12-29
550,819,7,2025-09-24,2025-09-28
691,6,9,2026-02-06,2026-02-09
965,284,6,2026-11-21,2026-11-22
754,932,10,2025-11-08,2025-11-15
124,670,9,2026-09-18,2026-09-21
406,368,9,2026-12-03,2026-12-07
696,17,5,2025-11-23,2025-11-25
18,630,10,2026-10-13,2026-10-17
697,107,7,2026-07-03,2026-07-07
557,207,5,2025-07-04,2025-07-09
696,455,4,2026-09-11,2026-09-12
765,858,6,2025-09-17,2025-09-24
26,425,10,2026-05-04,2026-05-11
200,776,6,2025-10-24,2025-10-30
502,834,1,2026-07-16,2026-07-20
300,166,10,2025-12-28,2026-01-02
63,197,5,2026-05-22,2026-05-29
655,260,1,2026-03-29,2026-04-04
711,65,1,2026-02-04,2026-02-06
220,110,4,2025-10-04,2025-10-06
305,239,7,2025-09-23,2025-09-27
281,110,4,2025-01-29,2025-01-30
278,517,1,2025-01-12,2025-01-13
405,203,5,2026-12-28,2027-01-04
254,607,5,2026-02-15,2026-02-21
819,866,4,2026-10-09,2026-10-12
922,297,5,2025-02-15,2025-02-21
952,744,5,2026-10-10,2026-10-17
939,696,10,2026-01-01,2026-01-07
579,227,1,2026-02-09,2026-02-13
856,171,1,2026-04-25,2026-05-02
51,903,9,2026-04-18,2026-04-25
793,633,3,2026-04-28,2026-05-02
324,112,9,2025-10-01,2025-10-08
566,429,1,2025-11-24,2025-11-26
101,682,3,2026-07-23,2026-07-24
450,430,9,2026-02-08,2026-02-14
73,11,7,2025-01-27,2025-01-28
671,85,1,2026-07-31,2026-08-07
981,207,1,2026-09-07,2026-09-13
420,754,10,2025-01-21,2025-01-24
257,137,10,2026-10-02,2026-10-08
158,687,8,2026-08-15,2026-08-17
139,292,6,2025-04-08,2025-04-09
445,595,4,2025-06-13,2025-06-19
904,566,3,2026-07-27,2026-08-01
563,167,10,2025-11-12,2025-11-14
636,116,9,2026-04-06,2026-04-08
922,46,2,2025-05-06,2025-05-10
166,398,3,2025-12-29,2026-01-03
436,902,4,2025-06-23,2025-06-27
392,267,7,2026-02-27,2026-03-06
471,213,3,2025-08-22,2025-08-24
743,475,3,2025-06-22,2025-06-29
503,229,5,2026-01-26,2026-01-30
151,24,1,2025-06-29,2025-07-04
319,467,9,2025-11-27,2025-12-04
71,229,4,2026-06-29,2026-07-05
655,817,2,2025-08-14,2025-08-16
841,808,4,2026-02-07,2026-02-12
827,390,10,2026-04-12,2026-04-17
945,256,8,2025-11-13,2025-11-20
719,790,7,2025-06-22,2025-06-29
180,642,9,2026-06-29,2026-06-30
96,954,10,2026-11-14,2026-11-15
190,19,6,2026-07-27,2026-07-28
322,626,10,2025-11-26,2025-12-03
71,947,1,2025-06-07,2025-06-12
327,902,7,2025-10-03,2025-10-07
532,225,5,2025-07-11,2025-07-18
376,901,4,2025-12-24,2025-12-26
930,439,10,2025-09-23,2025-09-29
31,965,5,2025-07-31,2025-08-05
682,219,1,2026-01-01,2026-01-04
228,380,9,2026-11-27,2026-12-02
143,640,1,2025-12-26,2025-12-29
832,422,8,2025-10-13,2025-10-18
66,146,7,2026-07-02,2026-07-05
626,879,6,2026-11-16,2026-11-21
959,79,7,2025-04-11,2025-04-13
176,467,10,2026-03-09,2026-03-14
279,288,6,2026-01-13,2026-01-16
991,801,8,2026-11-25,2026-11-26
930,292,4,2025-08-05,2025-08-10
490,559,3,2026-02-19,2026-02-23
365,189,8,2025-01-06,2025-01-12
234,835,4,2026-01-21,2026-01-23
757,392,2,2025-02-04,2025-02-05
621,860,7,2026-12-12,2026-12-18
64,872,5,2026-05-11,2026-05-17
350,485,9,2025-01-31,2025-02-02
791,627,5,2025-10-27,2025-11-02
542,568,10,2026-08-18,2026-08-21
436,55,6,2026-04-19,2026-04-25
396,519,9,2026-03-03,2026-03-06
390,919,1,2026-09-10,2026-09-16
876,299,8,2026-02-08,2026-02-13
558,899,2,2026-03-19,2026-03-20
410,607,1,2026-11-23,2026-11-28
211,139,10,2025-05-03,2025-05-08
62,81,8,2025-07-01,2025-07-05
277,505,3,2025-07-21,2025-07-27
321,553,10,2026-12-17,2026-12-19
865,945,1,2025-07-13,2025-07-16
150,806,8,2026-02-17,2026-02-20
721,510,7,2025-08-08,2025-08-13
728,617,5,2025-10-05,2025-10-06
468,724,3,2025-06-05,2025-06-11
739,184,3,2025-12-15,2025-12-18
796,331,7,2025-02-20,2025-02-24
459,272,2,2026-12-28,2027-01-03
84,759,4,2025-11-24,2025-11-30
837,154,2,2025-11-30,2025-12-07
696,473,6,2026-01-21,2026-01-23
403,624,10,2026-07-26,2026-07-27
509,376,6,2025-06-14,2025-06-21
951,684,5,2025-12-10,2025-12-11
264,494,7,2025-02-20,2025-02-23
10,51,9,2025-11-13,2025-11-16
858,89,1,2025-03-18,2025-03-24
939,456,1,2025-10-01,2025-10-05
80,473,7,2025-11-18,2025-11-20
481,558,4,2025-10-06,2025-10-09
150,208,10,2025-08-01,2025-08-07
647,807,9,2025-04-28,2025-05-05
555,441,6,2026-02-25,2026-03-01
785,595,10,2026-01-16,2026-01-19
814,159,4,2025-05-04,2025-05-05
398,754,1,2025-08-19,2025-08-26
648,294,5,2026-07-20,2026-07-24
936,299,3,2025-07-18,2025-07-21
117,576,2,2026-10-31,2026-11-02
752,892,9,2025-10-14,2025-10-20
513,304,2,2025-08-31,2025-09-03
931,281,5,2025-11-02,2025-11-05
376,836,1,2025-04-13,2025-04-19
883,179,3,2025-10-08,2025-10-12
684,898,7,2025-03-17,2025-03-21
179,841,10,2025-04-12,2025-04-19
905,16,9,2025-10-07,2025-10-12
881,457,10,2026-05-26,2026-05-27
110,834,9,2026-04-02,2026-04-08
734,947,3,2026-09-21,2026-09-25
854,773,4,2025-09-13,2025-09-18
328,145,1,2026-03-19,2026-03-25
477,85,2,2025-02-01,2025-02-02
429,515,5,2025-12-01,2025-12-02
773,193,3,2026-08-13,2026-08-19
161,217,4,2026-03-09,2026-03-16
662,615,1,2026-07-17,2026-07-23
368,843,2,2025-08-13,2025-08-17
810,368,9,2025-07-15,2025-07-18
35,169,2,2025-03-30,2025-04-06
45,143,5,2025-09-28,2025-10-04
859,321,2,2025-02-16,2025-02-20
155,836,2,2025-04-15,2025-04-17
597,188,2,2025-05-27,2025-06-03
828,559,10,2025-05-29,2025-06-01
642,327,6,2026-01-04,2026-01-11
269,324,8,2026-04-13,2026-04-16
946,528,5,2026-06-27,2026-07-01
499,62,4,2026-02-20,2026-02-27
724,832,9,2026-03-09,2026-03-15
170,125,7,2026-08-01,2026-08-02
644,419,1,2026-05-30,2026-06-03
203,145,2,2026-11-25,2026-11-26
945,628,7,2025-03-03,2025-03-10
707,341,4,2026-10-31,2026-11-07
97,639,6,2026-04-30,2026-05-05
954,54,7,2026-08-11,2026-08-12
122,452,5,2026-05-04,2026-05-09
958,24,3,2025-10-29,2025-11-04
863,596,1,2025-03-07,2025-03-13
745,838,3,2026-07-31,2026-08-01
71,397,9,2025-10-21,2025-10-23
906,860,7,2025-03-21,2025-03-23
220,423,6,2025-08-07,2025-08-12
8,396,2,2026-04-03,2026-04-08
376,683,4,2026-08-05,2026-08-11
281,178,6,2026-05-13,2026-05-16
647,840,1,2025-08-25,2025-08-30
802,337,6,2025-04-17,2025-04-23
280,711,5,2025-09-15,2025-09-18
764,23,5,2025-08-12,2025-08-13
421,696,5,2025-02-11,2025-02-16
650,941,7,2025-08-09,2025-08-14
794,640,4,2026-03-14,2026-03-18
349,883,7,2026-11-07,2026-11-10
200,906,2,2026-07-16,2026-07-18
78,761,8,2025-10-29,2025-11-04
272,128,4,2026-04-05,2026-04-06
197,711,2,2026-03-05,2026-03-10
412,231,7,2026-09-25,2026-09-29
94,420,6,2025-02-18,2025-02-23
502,534,1,2025-08-18,2025-08-22
22,67,5,2026-05-07,2026-05-12
363,634,9,2026-08-14,2026-08-19
254,898,6,2026-08-04,2026-08-06
784,816,2,2026-04-11,2026-04-17
479,874,5,2026-07-29,2026-08-03
823,111,8,2026-04-23,2026-04-24
149,933,6,2026-02-02,2026-02-05
41,452,10,2025-07-31,2025-08-04
759,86,9,2026-02-02,2026-02-07
44,39,6,2026-01-07,2026-01-13
583,518,3,2025-05-31,2025-06-07
509,814,3,2026-08-28,2026-08-29
81,560,9,2026-12-15,2026-12-21
966,464,7,2026-01-06,2026-01-11
882,957,1,2026-07-12,2026-07-14
111,969,1,2025-06-29,2025-06-30
352,702,7,2026-08-28,2026-08-29
297,326,10,2026-02-27,2026-03-03
254,724,1,2025-09-21,2025-09-25
89,470,8,2025-01-08,2025-01-12
475,646,9,2025-05-14,2025-05-15
340,840,2,2026-08-18,2026-08-23
788,358,3,2025-01-08,2025-01-15
488,439,2,2025-07-06,2025-07-08
239,194,3,2025-03-02,2025-03-07
506,840,1,2026-07-30,2026-08-03
881,158,7,2026-03-14,2026-03-16
816,626,8,2025-09-01,2025-09-04
385,535,7,2025-04-01,2025-04-07
151,825,10,2025-03-27,2025-03-28
438,756,3,2025-09-18,2025-09-24
719,562,5,2026-08-30,2026-09-04
681,94,1,2026-11-26,2026-11-27
318,435,9,2026-08-19,2026-08-24
715,456,10,2026-10-10,2026-10-14
739,578,6,2025-11-09,2025-11-16
701,212,4,2026-12-18,2026-12-24
754,633,1,2026-12-17,2026-12-18
510,642,7,2026-10-01,2026-10-08
130,379,4,2026-09-17,2026-09-24
637,154,8,2026-06-16,2026-06-21
428,134,4,2026-06-24,2026-07-01
49,417,9,2025-06-28,2025-07-05
537,64,5,2025-11-25,2025-12-01
996,502,5,2025-03-08,2025-03-10
775,872,1,2025-11-22,2025-11-27
480,264,2,2025-03-15,2025-03-20
62,857,8,2025-12-15,2025-12-19
704,348,7,2025-08-06,2025-08-13
286,324,4,2026-02-13,2026-02-18
896,617,10,2025-03-19,2025-03-24
941,817,3,2026-06-15,2026-06-21
520,22,10,2026-01-15,2026-01-18
212,857,3,2025-08-06,2025-08-08
612,475,2,2025-12-06,2025-12-13
588,900,4,2025-09-19,2025-09-20
538,803,1,2026-08-12,2026-08-13
560,261,5,2026-01-03,2026-01-05
201,70,2,2026-05-22,2026-05-23
905,844,6,2026-07-04,2026-07-10
998,176,6,2025-02-26,2025-03-04
333,780,9,2025-03-05,2025-03-06
488,521,7,2025-05-27,2025-06-02
399,778,10,2026-02-05,2026-02-06
858,798,5,2025-03-29,2025-04-01
713,176,2,2026-07-02,2026-07-06
22,775,6,2026-02-11,2026-02-12
709,481,3,2025-05-07,2025-05-12
267,366,7,2026-10-27,2026-10-30
643,853,10,2026-12-06,2026-12-07
1,271,7,2025-08-22,2025-08-27
870,650,5,2026-01-27,2026-01-30
954,271,4,2026-11-30,2026-12-05
412,28,3,2025-08-10,2025-08-13
637,836,2,2025-10-16,2025-10-17
422,642,9,2025-10-31,2025-11-01
243,639,2,2026-01-12,2026-01-14
539,753,6,2025-06-05,2025-06-11
454,490,7,2026-01-19,2026-01-26
255,960,5,2025-07-19,2025-07-21
702,143,6,2026-04-06,2026-04-08
525,329,1,2026-03-16,2026-03-18
495,695,8,2026-01-17,2026-01-20
237,431,3,2025-09-22,2025-09-28
924,512,1,2026-04-30,2026-05-04
936,343,5,2025-01-31,2025-02-07
253,247,7,2026-03-30,2026-04-04
977,914,5,2025-02-20,2025-02-25
820,387,8,2026-02-26,2026-03-02
519,862,3,2025-10-24,2025-10-28
807,655,1,2026-04-29,2026-05-06
166,774,4,2026-09-01,2026-09-05
764,456,3,2025-11-24,2025-11-28
154,812,1,2025-05-25,2025-05-30
842,561,4,2025-11-01,2025-11-06
724,167,8,2025-09-17,2025-09-20
656,404,9,2025-07-29,2025-07-31
379,695,9,2026-03-02,2026-03-06
62,555,2,2026-03-20,2026-03-26
317,314,6,2025-11-27,2025-12-01
896,539,5,2026-04-27,2026-04-30
825,365,5,2026-09-09,2026-09-10
186,295,6,2025-09-21,2025-09-27
560,152,7,2026-08-21,2026-08-25
599,182,2,2025-05-02,2025-05-05
518,960,7,2025-02-16,2025-02-21
457,409,1,2025-07-09,2025-07-10
276,721,6,2026-11-12,2026-11-13
482,593,2,2025-06-18,2025-06-21
755,728,1,2025-12-31,2026-01-06
396,588,10,2026-12-30,2027-01-03
817,807,7,2025-05-16,2025-05-22
6,686,6,2026-11-15,2026-11-21
392,305,4,2025-01-08,2025-01-12
419,707,6,2025-05-12,2025-05-18
574,732,6,2026-10-03,2026-10-07
525,24,10,2025-03-28,2025-04-03
658,647,5,2026-05-02,2026-05-08
35,277,8,2025-09-14,2025-09-16
32,907,2,2026-08-07,2026-08-11
746,412,4,2026-11-14,2026-11-21
354,455,6,2025-11-07,2025-11-09
449,973,9,2025-10-27,2025-10-31
303,436,7,2026-11-29,2026-12-06
366,784,5,2025-04-27,2025-05-01
60,282,3,2026-11-21,2026-11-28
597,782,9,2026-11-07,2026-11-12
217,566,1,2026-02-04,2026-02-05
790,229,10,2026-03-29,2026-04-01
616,520,6,2025-02-01,2025-02-08
688,285,8,2026-04-06,2026-04-08
714,653,7,2026-09-17,2026-09-20
953,328,10,2026-03-08,2026-03-10
235,218,10,2025-01-13,2025-01-19
141,972,4,2025-05-08,2025-05-14
471,661,3,2025-10-30,2025-11-05
510,510,7,2026-12-29,2027-01-02
467,96,7,2026-08-02,2026-08-03
768,413,9,2026-05-05,2026-05-12
491,113,9,2026-01-13,2026-01-18
40,60,5,2025-11-08,2025-11-13
261,673,1,2025-04-29,2025-05-06
713,32,10,2026-11-27,2026-11-30
821,726,9,2026-04-24,2026-04-25
600,491,10,2025-08-11,2025-08-13
699,892,1,2026-02-18,2026-02-24
507,755,10,2026-11-27,2026-11-28
532,856,4,2025-05-22,2025-05-29
200,213,6,2025-08-01,2025-08-05
322,299,9,2025-01-15,2025-01-22
796,396,2,2026-03-26,2026-04-02
393,664,4,2026-07-14,2026-07-19
290,949,7,2025-11-01,2025-11-03
458,820,7,2026-09-10,2026-09-13
450,375,8,2026-06-07,2026-06-10
817,506,10,2026-04-13,2026-04-17
933,692,9,2025-05-29,2025-05-30
916,843,5,2026-10-11,2026-10-12
396,176,4,2025-06-01,2025-06-08
289,694,7,2026-05-01,2026-05-06
255,299,2,2026-12-12,2026-12-16
861,130,8,2025-04-06,2025-04-13
429,766,2,2026-10-05,2026-10-09
83,785,4,2025-04-15,2025-04-16
224,7,5,2025-07-10,2025-07-17
586,559,3,2025-08-16,2025-08-22
72,385,5,2025-10-01,2025-10-07
23,745,3,2025-11-20,2025-11-22
215,71,8,2025-11-30,2025-12-06
799,582,5,2025-09-24,2025-09-29
752,224,1,2026-11-09,2026-11-10
135,23,1,2026-05-28,2026-05-31
958,234,2,2025-09-22,2025-09-28
71,906,3,2026-11-08,2026-11-15
774,556,6,2025-09-26,2025-09-28
652,576,8,2026-05-14,2026-05-15
805,716,8,2026-08-16,2026-08-21
367,567,9,2026-10-05,2026-10-12
581,1,7,2026-02-22,2026-02-27
244,633,7,2026-12-20,2026-12-27
852,915,5,2026-04-07,2026-04-09
469,808,1,2026-09-26,2026-10-01
955,514,10,2025-01-21,2025-01-25
233,248,8,2025-04-02,2025-04-09
357,515,2,2026-06-01,2026-06-04
600,61,4,2025-08-31,2025-09-07
519,782,3,2026-02-16,2026-02-22
801,367,1,2026-12-21,2026-12-26
39,134,9,2025-08-02,2025-08-08
686,512,2,2026-10-04,2026-10-07
6,571,4,2025-04-30,2025-05-04
117,955,1,2026-09-20,2026-09-24
573,465,4,2025-12-07,2025-12-08
149,571,10,2025-03-02,2025-03-08
616,852,2,2025-01-02,2025-01-09
226,536,7,2026-04-30,2026-05-03
101,522,5,2026-02-11,2026-02-17
83,464,4,2026-01-26,2026-01-27
907,817,4,2026-01-05,2026-01-11
898,546,5,2026-12-05,2026-12-08
707,970,7,2026-11-02,2026-11-09
53,532,4,2025-10-19,2025-10-22
872,416,1,2026-12-10,2026-12-15
619,18,2,2025-04-08,2025-04-13
366,617,7,2025-10-15,2025-10-20
66,791,8,2026-03-05,2026-03-09
767,518,6,2025-08-13,2025-08-14
119,173,2,2026-05-25,2026-05-28
81,350,9,2025-07-29,2025-08-04
230,561,7,2025-12-02,2025-12-07
473,60,2,2025-05-15,2025-05-22
460,730,9,2025-10-08,2025-10-15
612,671,10,2026-06-09,2026-06-14
426,205,2,2025-02-12,2025-02-15
323,532,2,2026-04-29,2026-05-04
294,806,6,2025-03-26,2025-04-02
729,316,5,2026-08-14,2026-08-18
565,611,5,2025-02-18,2025-02-19
352,798,1,2026-01-05,2026-01-07
108,479,3,2026-01-21,2026-01-26
390,711,8,2025-11-20,2025-11-26
567,350,1,2025-07-22,2025-07-27
845,856,2,2026-05-10,2026-05-17
943,733,4,2026-05-28,2026-06-02
441,782,6,2026-01-20,2026-01-21
703,566,3,2025-06-17,2025-06-20
780,181,4,2025-07-03,2025-07-08
140,367,6,2026-02-20,2026-02-22
870,590,10,2026-01-01,2026-01-02
368,674,2,2025-11-16,2025-11-23
939,638,8,2025-11-08,2025-11-13
561,59,10,2026-08-22,2026-08-25
134,536,6,2025-08-11,2025-08-12
117,339,8,2025-11-06,2025-11-11
732,195,4,2025-05-02,2025-05-06
16,741,10,2025-08-29,2025-09-05
114,130,4,2026-05-08,2026-05-13
400,117,10,2025-10-28,2025-11-04
622,905,8,2025-03-26,2025-03-30
611,31,3,2025-06-24,2025-07-01
517,79,9,2025-11-01,2025-11-03
262,257,8,2025-09-24,2025-09-29
861,551,1,2026-07-21,2026-07-23
839,470,6,2026-09-20,2026-09-24
395,967,1,2026-03-18,2026-03-20
971,682,10,2025-08-09,2025-08-13
948,653,7,2026-06-04,2026-06-10
140,816,6,2026-07-22,2026-07-23
489,433,5,2025-10-02,2025-10-09
182,630,6,2025-11-03,2025-11-10
482,161,5,2026-12-16,2026-12-23
219,805,8,2025-08-15,2025-08-20
368,299,10,2026-01-07,2026-01-14
425,661,9,2026-08-31,2026-09-03
725,962,8,2025-05-21,2025-05-23
829,252,7,2025-02-20,2025-02-22
231,174,5,2026-12-30,2027-01-06
711,394,6,2026-12-03,2026-12-09
397,850,5,2025-10-15,2025-10-18
121,935,2,2025-09-23,2025-09-27
214,561,7,2025-11-14,2025-11-16
779,730,3,2026-12-18,2026-12-22
269,856,5,2026-07-23,2026-07-24
786,162,2,2026-03-30,2026-04-06
851,78,5,2025-07-15,2025-07-18
669,568,6,2026-04-30,2026-05-05
181,542,5,2026-10-24,2026-10-30
657,827,5,2025-08-22,2025-08-29
653,577,7,2025-09-17,2025-09-21
2,918,2,2025-03-14,2025-03-18
855,95,7,2026-01-11,2026-01-18
447,464,10,2025-12-01,2025-12-04
412,568,10,2025-08-09,2025-08-16
891,288,9,2025-05-23,2025-05-29
260,55,4,2026-06-14,2026-06-18
979,683,9,2026-08-14,2026-08-16
209,3,8,2025-11-16,2025-11-17
186,80,4,2026-02-03,2026-02-10
103,724,4,2025-07-19,2025-07-26
339,99,9,2025-10-04,2025-10-08
343,972,4,2026-12-08,2026-12-09
744,919,8,2025-04-26,2025-05-02
409,373,9,2026-04-14,2026-04-20
796,419,9,2026-08-01,2026-08-04
4,158,6,2026-09-15,2026-09-18
230,975,3,2025-11-07,2025-11-09
458,332,4,2025-01-09,2025-01-15
705,751,8,2025-05-04,2025-05-10
15,880,7,2025-10-17,2025-10-23
248,780,5,2026-12-02,2026-12-06
904,40,9,2026-09-08,2026-09-14
940,757,9,2026-01-30,2026-02-02
541,651,5,2026-06-04,2026-06-10
964,186,3,2026-09-10,2026-09-16
383,854,4,2025-01-02,2025-01-04
544,490,8,2025-08-16,2025-08-17
224,322,6,2025-07-13,2025-07-16
811,14,8,2025-05-03,2025-05-05
705,603,10,2025-09-25,2025-09-26
946,805,1,2025-03-27,2025-03-28
41,332,4,2026-08-14,2026-08-15
838,418,6,2025-11-21,2025-11-28
832,488,4,2025-07-08,2025-07-14
59,349,7,2026-05-03,2026-05-08
497,518,5,2026-04-06,2026-04-07
629,928,9,2026-01-21,2026-01-25
247,718,7,2026-10-22,2026-10-28
242,127,1,2025-04-13,2025-04-17
406,422,5,2026-05-06,2026-05-08
431,123,6,2026-04-20,2026-04-26
892,682,8,2026-02-12,2026-02-14
580,394,8,2025-06-01,2025-06-06
49,425,3,2025-03-16,2025-03-21
666,878,3,2025-07-11,2025-07-16
156,385,3,2025-01-08,2025-01-09
28,839,8,2026-10-23,2026-10-30
83,159,4,2025-03-03,2025-03-06
390,532,4,2026-01-28,2026-02-04
59,744,6,2026-02-05,2026-02-10
750,836,8,2026-10-03,2026-10-05
790,488,9,2025-09-26,2025-10-01
64,234,5,2025-03-25,2025-03-29
626,577,6,2025-12-02,2025-12-08
297,891,8,2025-04-30,2025-05-02
328,100,7,2025-04-29,2025-05-05
767,202,2,2026-05-13,2026-05-14
982,574,7,2026-06-24,2026-06-28
982,290,10,2025-09-22,2025-09-29
207,239,8,2025-01-30,2025-02-03
53,94,5,2026-04-29,2026-05-01
84,328,3,2025-04-14,2025-04-18
48,612,9,2025-04-28,2025-04-30
544,419,1,2025-07-28,2025-07-30
577,866,3,2026-05-15,2026-05-21
483,425,10,2025-01-12,2025-01-13
396,946,9,2025-01-10,2025-01-14
581,613,9,2026-03-08,2026-03-10
308,862,5,2026-01-23,2026-01-30
703,915,8,2026-01-08,2026-01-15
152,788,1,2025-02-18,2025-02-25
823,93,5,2025-11-20,2025-11-26
404,301,6,2025-08-14,2025-08-19
318,93,9,2026-06-30,2026-07-02
765,543,2,2025-11-23,2025-11-26
234,779,2,2025-10-06,2025-10-12
925,60,7,2025-07-08,2025-07-12
70,173,3,2025-07-16,2025-07-20
137,62,8,2026-07-11,2026-07-12
910,560,4,2025-09-19,2025-09-20
39,55,1,2026-06-29,2026-06-30
735,665,5,2026-12-14,2026-12-15
478,959,5,2025-09-17,2025-09-23
102,642,3,2025-03-23,2025-03-29
540,893,8,2025-09-12,2025-09-18
307,776,6,2025-05-11,2025-05-14
831,941,1,2025-07-17,2025-07-18
827,783,5,2026-08-13,2026-08-20
419,379,5,2025-06-15,2025-06-22
702,326,6,2026-04-27,2026-05-03
365,579,4,2026-02-07,2026-02-08
877,913,3,2026-09-29,2026-10-01
390,98,10,2026-04-04,2026-04-10
686,507,6,2025-06-28,2025-07-03
132,212,3,2025-01-19,2025-01-21
845,710,5,2025-08-09,2025-08-11
250,845,5,2025-04-13,2025-04-17
340,63,9,2026-06-16,2026-06-21
72,778,7,2025-07-29,2025-08-01
986,201,6,2025-10-04,2025-10-07
344,575,6,2025-09-29,2025-10-05
737,890,6,2025-02-07,2025-02-09
145,828,1,2026-12-23,2026-12-25
14,663,3,2025-11-06,2025-11-08
