id_factura,id_servicio,id_habitacion,id_descuento,id_aumento_costo,concepto,precio_unitario,cantidad,subtotal,monto_descuento,monto_aumento,precio_total
1,,113,5,,Actividades y Tours,33.21,10,332.1,49.815,0,282.285
2,,154,,,Uso de Spa,849.67,2,1699.34,0,0,1699.34
3,3,,,,Cargos de limpieza extra,894.57,6,5367.42,0,0,5367.42
4,,691,,9,Restaurantes de especialidad,202.85,13,2637.05,0,527.41,3164.46
5,5,,,,Check-out tardío,772.42,12,9269.04,0,0,9269.04
6,6,,,,Alquiler de equipos,538.9,14,7544.6,0,0,7544.6
7,7,,,,Estacionamiento,847.57,1,847.57,0,0,847.57
8,,356,,10,Desayuno,77.46,4,309.84,0,61.968,371.808
9,9,,,5,Uso de gimnasio,612.01,12,7344.12,0,1468.824,8812.944
10,,75,,,Lavandería,275.1,7,1925.7,0,0,1925.7
11,1,,,8,Bar,11.23,14,157.22,0,31.444,188.664
12,2,,2,,Restaurantes de especialidad,103.92,1,103.92,15.588,0,88.332
13,,578,,,Sauna,645.13,2,1290.26,0,0,1290.26
14,,512,,,Cargos de limpieza extra,351.48,10,3514.8,0,0,3514.8
15,5,,,,Estadía noche,680.16,7,4761.12,0,0,4761.12
16,,544,8,10,Restaurantes de especialidad,54.05,1,54.05,8.1075,10.81,56.7525
17,,680,,8,Desayuno,275.42,1,275.42,0,55.084,330.504
18,,503,,,Cargos de limpieza extra,516.1,7,3612.7,0,0,3612.7
19,9,,,,Desayuno,685.54,4,2742.16,0,0,2742.16
20,10,,,,"",842.85,9,7585.65,0,0,7585.65
21,1,,,7,Traslados al aeropuerto,978.27,3,2934.81,0,586.962,3521.772
22,2,,,,Bar,543.61,13,7066.93,0,0,7066.93
23,3,,9,,Check-in temprano,523.11,13,6800.43,1020.0645,0,5780.3655
24,4,,,,Estadía noche,743.72,9,6693.48,0,0,6693.48
25,,669,,,Check-in temprano,737.39,9,6636.51,0,0,6636.51
26,,267,,10,Bar,324.31,14,4540.34,0,908.068,5448.408
27,7,,,,Alquiler de equipos,645.69,13,8393.97,0,0,8393.97
28,8,,,2,Lavandería,129.29,6,775.74,0,155.148,930.888
29,9,,4,,Alquiler de equipos,314.46,2,628.92,94.338,0,534.582
30,,656,,,Uso de gimnasio,844.21,11,9286.31,0,0,9286.31
31,1,,,1,Cargos de limpieza extra,633.2,12,7598.4,0,1519.68,9118.08
32,,180,,,Check-in temprano,507.86,14,7110.04,0,0,7110.04
33,,768,,,Bar,598.46,8,4787.68,0,0,4787.68
34,,953,,,Actividades y Tours,331.75,11,3649.25,0,0,3649.25
35,5,,,7,Uso de Spa,425.17,7,2976.19,0,595.238,3571.428
36,6,,,,Check-out tardío,948.79,6,5692.74,0,0,5692.74
37,,276,,1,Check-in temprano,460.61,6,2763.66,0,552.732,3316.392
38,8,,,,Check-in temprano,874.16,12,10489.92,0,0,10489.92
39,9,,3,,Check-in temprano,934.47,7,6541.29,981.1935,0,5560.0965
40,10,,,1,Estacionamiento,365.76,6,2194.56,0,438.912,2633.472
41,,573,,9,"",379.36,15,5690.4,0,1138.08,6828.48
42,,568,,8,Check-in temprano,367.48,10,3674.8,0,734.96,4409.76
43,,270,,,"",171.29,8,1370.32,0,0,1370.32
44,4,,,8,Desayuno,67.09,8,536.72,0,107.344,644.064
45,5,,,,Lavandería,992.98,9,8936.82,0,0,8936.82
46,,289,,,Traslados al aeropuerto,366.03,14,5124.42,0,0,5124.42
47,,224,9,,Uso de Spa,948.14,4,3792.56,568.884,0,3223.676
48,,97,,,Sauna,356.21,5,1781.05,0,0,1781.05
49,,764,,,Check-in temprano,483.12,2,966.24,0,0,966.24
50,10,,,4,Uso de gimnasio,42.3,11,465.3,0,93.06,558.36
51,1,,,,Estacionamiento,491.11,11,5402.21,0,0,5402.21
52,,649,,,Estacionamiento,485.67,4,1942.68,0,0,1942.68
53,3,,,,"",745.36,15,11180.4,0,0,11180.4
54,,456,8,,Alquiler de equipos,73.24,11,805.64,120.846,0,684.794
55,5,,,9,Uso de gimnasio,249.74,1,249.74,0,49.948,299.688
56,6,,,,Sauna,969.67,4,3878.68,0,0,3878.68
57,,155,,,Check-in temprano,117.65,3,352.95,0,0,352.95
58,8,,,,Estacionamiento,955.03,13,12415.39,0,0,12415.39
59,9,,,3,Restaurantes de especialidad,95.01,15,1425.15,0,285.03,1710.18
60,10,,,,"",285.51,5,1427.55,0,0,1427.55
61,,189,,,Actividades y Tours,588.32,3,1764.96,0,0,1764.96
62,2,,,,Check-out tardío,496.85,11,5465.35,0,0,5465.35
63,,296,,,Uso de Spa,792.06,1,792.06,0,0,792.06
64,,855,,,Desayuno,301.53,7,2110.71,0,0,2110.71
65,5,,,,Actividades y Tours,582.61,4,2330.44,0,0,2330.44
66,6,,,,Alquiler de equipos,649.68,9,5847.12,0,0,5847.12
67,7,,,,Restaurantes de especialidad,201.11,9,1809.99,0,0,1809.99
68,8,,,,Restaurantes de especialidad,653.88,10,6538.8,0,0,6538.8
69,,974,,,Sauna,263.48,14,3688.72,0,0,3688.72
70,10,,,2,"",376.74,5,1883.7,0,376.74,2260.44
71,,41,,,Bar,225.63,3,676.89,0,0,676.89
72,2,,,,Actividades y Tours,325.55,3,976.65,0,0,976.65
73,3,,,10,Cargos de limpieza extra,559.76,3,1679.28,0,335.856,2015.136
74,,820,,,Traslados al aeropuerto,982.62,5,4913.1,0,0,4913.1
75,,957,,10,Uso de Spa,69.88,1,69.88,0,13.976,83.856
76,,158,6,8,Sauna,860.27,7,6021.89,903.2835,1204.378,6322.9845
77,,21,,,Check-in temprano,990.34,7,6932.38,0,0,6932.38
78,8,,,10,Desayuno,786.31,15,11794.65,0,2358.93,14153.58
79,9,,,,Sauna,576.63,10,5766.3,0,0,5766.3
80,,80,,7,Restaurantes de especialidad,172.26,11,1894.86,0,378.972,2273.832
81,,919,,,Uso de Spa,131.45,14,1840.3,0,0,1840.3
82,,611,,,Estacionamiento,504.37,11,5548.07,0,0,5548.07
83,,663,,,Check-out tardío,665.71,12,7988.52,0,0,7988.52
84,4,,,,Servicio Room Service,447.46,12,5369.52,0,0,5369.52
85,5,,,,Servicio Room Service,166.24,1,166.24,0,0,166.24
86,6,,,,Cargos de limpieza extra,66.62,14,932.68,0,0,932.68
87,7,,5,,Check-out tardío,18.1,2,36.2,5.43,0,30.77
88,,676,,,Cargos de limpieza extra,933.89,1,933.89,0,0,933.89
89,,333,,,Check-out tardío,889.07,2,1778.14,0,0,1778.14
90,,774,,7,Sauna,91.76,2,183.52,0,36.704,220.224
91,,290,,,Uso de Spa,119.51,14,1673.14,0,0,1673.14
92,,731,,,Uso de gimnasio,412.73,2,825.46,0,0,825.46
93,3,,,,Cargos de limpieza extra,772.16,6,4632.96,0,0,4632.96
94,,849,,,Bar,730.4,5,3652.0,0,0,3652.0
95,,859,,,Estadía noche,21.6,15,324.0,0,0,324.0
96,6,,,,Lavandería,720.03,15,10800.45,0,0,10800.45
97,,514,3,,Desayuno,739.18,1,739.18,110.877,0,628.303
98,8,,,8,Uso de gimnasio,44.05,15,660.75,0,132.15,792.9
99,9,,3,,Desayuno,728.65,4,2914.6,437.19,0,2477.41
100,,536,,7,Actividades y Tours,283.6,12,3403.2,0,680.64,4083.84
101,1,,,2,Restaurantes de especialidad,994.78,6,5968.68,0,1193.736,7162.416
102,2,,,9,Bar,444.23,2,888.46,0,177.692,1066.152
103,,629,1,,Actividades y Tours,97.98,2,195.96,29.394,0,166.566
104,,879,,,Bar,621.32,11,6834.52,0,0,6834.52
105,,850,,,Lavandería,608.97,1,608.97,0,0,608.97
106,,544,,,Uso de Spa,493.62,5,2468.1,0,0,2468.1
107,,695,,,Desayuno,244.97,4,979.88,0,0,979.88
108,,590,,1,Uso de Spa,800.7,3,2402.1,0,480.42,2882.52
109,9,,2,,Alquiler de equipos,388.66,2,777.32,116.598,0,660.722
110,10,,,,Sauna,551.84,14,7725.76,0,0,7725.76
111,,866,,,"",542.47,7,3797.29,0,0,3797.29
112,,507,,10,Restaurantes de especialidad,704.21,4,2816.84,0,563.368,3380.208
113,3,,,8,"",233.53,5,1167.65,0,233.53,1401.18
114,,656,,,Sauna,258.05,3,774.15,0,0,774.15
115,,697,,,Bar,290.97,1,290.97,0,0,290.97
116,6,,,,Check-out tardío,982.63,9,8843.67,0,0,8843.67
117,,216,,,Alquiler de equipos,199.9,2,399.8,0,0,399.8
118,,330,,9,Lavandería,774.41,9,6969.69,0,1393.938,8363.628
119,9,,9,,Estacionamiento,114.93,7,804.51,120.6765,0,683.8335
120,10,,4,3,Bar,647.29,13,8414.77,1262.2155,1682.954,8835.5085
121,1,,,,Actividades y Tours,920.84,8,7366.72,0,0,7366.72
122,2,,,,Restaurantes de especialidad,121.89,10,1218.9,0,0,1218.9
123,,290,,,Estadía noche,827.46,8,6619.68,0,0,6619.68
124,4,,,7,Restaurantes de especialidad,43.93,1,43.93,0,8.786,52.716
125,5,,,,Desayuno,64.71,2,129.42,0,0,129.42
126,6,,,,Restaurantes de especialidad,930.91,12,11170.92,0,0,11170.92
127,7,,,,Check-out tardío,349.41,6,2096.46,0,0,2096.46
128,8,,,1,Actividades y Tours,612.02,3,1836.06,0,367.212,2203.272
129,,910,,2,Restaurantes de especialidad,252.47,14,3534.58,0,706.916,4241.496
130,,743,,8,Estacionamiento,87.91,7,615.37,0,123.074,738.444
131,,66,,,"",635.89,6,3815.34,0,0,3815.34
132,,93,10,,Restaurantes de especialidad,140.42,8,1123.36,168.504,0,954.856
133,,330,,,Alquiler de equipos,639.24,6,3835.44,0,0,3835.44
134,4,,,9,Bar,893.77,12,10725.24,0,2145.048,12870.288
135,5,,7,2,Estacionamiento,60.5,3,181.5,27.225,36.3,190.575
136,6,,,4,Traslados al aeropuerto,888.56,6,5331.36,0,1066.272,6397.632
137,,214,,7,"",299.82,11,3298.02,0,659.604,3957.624
138,8,,1,,Uso de gimnasio,447.21,7,3130.47,469.5705,0,2660.8995
139,9,,,8,Check-out tardío,404.06,1,404.06,0,80.812,484.872
140,10,,,10,Cargos de limpieza extra,972.41,11,10696.51,0,2139.302,12835.812
141,1,,,,Lavandería,404.67,1,404.67,0,0,404.67
142,,606,,,Check-out tardío,967.37,6,5804.22,0,0,5804.22
143,,315,,9,Check-in temprano,941.58,1,941.58,0,188.316,1129.896
144,4,,,,Desayuno,91.08,5,455.4,0,0,455.4
145,5,,,,Actividades y Tours,181.71,8,1453.68,0,0,1453.68
146,6,,,,Check-out tardío,676.92,15,10153.8,0,0,10153.8
147,,610,,,Estacionamiento,385.4,11,4239.4,0,0,4239.4
148,,128,,,Estacionamiento,779.09,2,1558.18,0,0,1558.18
149,,486,,2,Uso de gimnasio,726.65,12,8719.8,0,1743.96,10463.76
150,10,,,,Uso de Spa,335.58,10,3355.8,0,0,3355.8
151,,384,,,Sauna,808.3,1,808.3,0,0,808.3
152,2,,,,Uso de gimnasio,707.44,14,9904.16,0,0,9904.16
153,3,,,,Servicio Room Service,101.24,13,1316.12,0,0,1316.12
154,4,,,,Uso de Spa,527.34,14,7382.76,0,0,7382.76
155,5,,,1,Cargos de limpieza extra,790.51,5,3952.55,0,790.51,4743.06
156,6,,,9,Check-out tardío,167.51,2,335.02,0,67.004,402.024
157,,597,5,,Desayuno,738.86,12,8866.32,1329.948,0,7536.372
158,8,,,7,Traslados al aeropuerto,600.48,9,5404.32,0,1080.864,6485.184
159,9,,,,"",243.2,10,2432.0,0,0,2432.0
160,,89,,8,Uso de Spa,619.17,12,7430.04,0,1486.008,8916.048
161,1,,,,Servicio Room Service,359.22,4,1436.88,0,0,1436.88
162,2,,7,,Desayuno,417.37,1,417.37,62.6055,0,354.7645
163,3,,,,Estacionamiento,882.97,5,4414.85,0,0,4414.85
164,,505,,,Servicio Room Service,155.81,2,311.62,0,0,311.62
165,5,,,10,Cargos de limpieza extra,867.44,8,6939.52,0,1387.904,8327.424
166,6,,,,Check-in temprano,489.73,15,7345.95,0,0,7345.95
167,,338,,,Servicio Room Service,20.43,15,306.45,0,0,306.45
168,,802,,,Desayuno,302.66,7,2118.62,0,0,2118.62
169,9,,,,Desayuno,830.76,1,830.76,0,0,830.76
170,,247,,,Desayuno,716.07,13,9308.91,0,0,9308.91
171,,366,,,Estadía noche,629.15,2,1258.3,0,0,1258.3
172,,520,1,7,Bar,737.53,13,9587.89,1438.1835,1917.578,10067.2845
173,3,,,,Desayuno,63.58,6,381.48,0,0,381.48
174,4,,,,Cargos de limpieza extra,408.01,8,3264.08,0,0,3264.08
175,5,,,,Desayuno,462.61,5,2313.05,0,0,2313.05
176,,801,,5,Servicio Room Service,216.54,9,1948.86,0,389.772,2338.632
177,,708,,,"",232.53,4,930.12,0,0,930.12
178,,796,,6,Sauna,554.58,5,2772.9,0,554.58,3327.48
179,9,,,,Actividades y Tours,356.44,1,356.44,0,0,356.44
180,10,,,,Traslados al aeropuerto,611.73,15,9175.95,0,0,9175.95
181,,245,,8,Restaurantes de especialidad,489.47,9,4405.23,0,881.046,5286.276
182,2,,,,Lavandería,203.18,3,609.54,0,0,609.54
183,,718,,8,Traslados al aeropuerto,427.23,4,1708.92,0,341.784,2050.704
184,,795,,5,Traslados al aeropuerto,583.38,12,7000.56,0,1400.112,8400.672
185,5,,,9,Uso de gimnasio,726.37,13,9442.81,0,1888.562,11331.372
186,6,,,7,Servicio Room Service,314.2,5,1571.0,0,314.2,1885.2
187,7,,,3,Alquiler de equipos,727.87,1,727.87,0,145.574,873.444
188,8,,,7,Actividades y Tours,346.3,6,2077.8,0,415.56,2493.36
189,9,,,,Lavandería,898.13,13,11675.69,0,0,11675.69
190,,208,,7,Estadía noche,596.2,6,3577.2,0,715.44,4292.64
191,1,,,,Servicio Room Service,643.81,3,1931.43,0,0,1931.43
192,2,,,3,Servicio Room Service,652.43,9,5871.87,0,1174.374,7046.244
193,,62,,,Check-in temprano,303.14,4,1212.56,0,0,1212.56
194,,812,,,Estadía noche,470.93,4,1883.72,0,0,1883.72
195,,109,,1,Servicio Room Service,790.38,11,8694.18,0,1738.836,10433.016
196,6,,,9,Uso de gimnasio,681.64,12,8179.68,0,1635.936,9815.616
197,7,,,9,Sauna,772.43,3,2317.29,0,463.458,2780.748
198,8,,,7,Check-in temprano,295.53,3,886.59,0,177.318,1063.908
199,9,,,,Traslados al aeropuerto,668.19,13,8686.47,0,0,8686.47
200,,1,,3,Check-out tardío,497.04,8,3976.32,0,795.264,4771.584
201,,169,6,,Estacionamiento,182.01,3,546.03,81.9045,0,464.1255
202,,929,,8,Desayuno,153.9,4,615.6,0,123.12,738.72
203,,909,,,Uso de Spa,702.95,10,7029.5,0,0,7029.5
204,4,,,,Alquiler de equipos,772.97,2,1545.94,0,0,1545.94
205,5,,,,Alquiler de equipos,15.93,12,191.16,0,0,191.16
206,6,,,,Desayuno,661.82,12,7941.84,0,0,7941.84
207,,951,1,3,Lavandería,724.84,11,7973.24,1195.986,1594.648,8371.902
208,8,,,,Bar,434.39,3,1303.17,0,0,1303.17
209,,802,,7,Traslados al aeropuerto,832.64,15,12489.6,0,2497.92,14987.52
210,,308,,,Uso de gimnasio,526.57,8,4212.56,0,0,4212.56
211,,455,,,Traslados al aeropuerto,161.04,11,1771.44,0,0,1771.44
212,2,,,,Estacionamiento,395.71,3,1187.13,0,0,1187.13
213,3,,,9,Estadía noche,240.24,11,2642.64,0,528.528,3171.168
214,,416,,,Lavandería,299.79,1,299.79,0,0,299.79
215,,326,,,Sauna,778.11,1,778.11,0,0,778.11
216,6,,,2,Lavandería,23.16,5,115.8,0,23.16,138.96
217,7,,,,Estadía noche,690.09,5,3450.45,0,0,3450.45
218,,483,,,Uso de gimnasio,654.17,15,9812.55,0,0,9812.55
219,,575,,2,Sauna,505.56,5,2527.8,0,505.56,3033.36
220,10,,,,Cargos de limpieza extra,249.02,10,2490.2,0,0,2490.2
221,1,,,,Estadía noche,141.99,11,1561.89,0,0,1561.89
222,,940,,,Traslados al aeropuerto,785.49,15,11782.35,0,0,11782.35
223,3,,,,Check-in temprano,29.26,13,380.38,0,0,380.38
224,,684,,,Check-in temprano,908.86,14,12724.04,0,0,12724.04
225,5,,4,,Check-in temprano,210.52,4,842.08,126.312,0,715.768
226,,241,,,Traslados al aeropuerto,856.09,15,12841.35,0,0,12841.35
227,7,,,,Desayuno,139.12,15,2086.8,0,0,2086.8
228,,321,,,"",418.16,6,2508.96,0,0,2508.96
229,,144,9,,Check-out tardío,261.53,7,1830.71,274.6065,0,1556.1035
230,,393,,,Traslados al aeropuerto,598.74,10,5987.4,0,0,5987.4
231,1,,,,Uso de Spa,351.49,13,4569.37,0,0,4569.37
232,2,,,,Lavandería,814.37,11,8958.07,0,0,8958.07
233,,90,7,,Uso de gimnasio,469.15,13,6098.95,914.8425,0,5184.1075
234,,369,,,Cargos de limpieza extra,188.31,1,188.31,0,0,188.31
235,5,,,,Bar,37.69,10,376.9,0,0,376.9
236,,150,,,Alquiler de equipos,493.77,14,6912.78,0,0,6912.78
237,,290,,7,Actividades y Tours,719.2,7,5034.4,0,1006.88,6041.28
238,8,,7,6,Servicio Room Service,665.95,10,6659.5,998.925,1331.9,6992.475
239,,933,,,Traslados al aeropuerto,61.93,8,495.44,0,0,495.44
240,,884,,,Estacionamiento,572.51,11,6297.61,0,0,6297.61
241,,569,9,,Sauna,549.61,7,3847.27,577.0905,0,3270.1795
242,,419,,4,Estacionamiento,832.0,4,3328.0,0,665.6,3993.6
243,,753,1,,Restaurantes de especialidad,146.77,10,1467.7,220.155,0,1247.545
244,4,,,10,Traslados al aeropuerto,931.71,15,13975.65,0,2795.13,16770.78
245,5,,,,Check-in temprano,344.61,13,4479.93,0,0,4479.93
246,6,,,,Desayuno,622.29,8,4978.32,0,0,4978.32
247,7,,,4,Estacionamiento,272.28,14,3811.92,0,762.384,4574.304
248,,228,,,Traslados al aeropuerto,902.38,7,6316.66,0,0,6316.66
249,,384,,,Alquiler de equipos,547.79,12,6573.48,0,0,6573.48
250,10,,,,Actividades y Tours,215.22,12,2582.64,0,0,2582.64
251,,568,,5,Alquiler de equipos,807.66,3,2422.98,0,484.596,2907.576
252,2,,,,Estacionamiento,278.62,3,835.86,0,0,835.86
253,,132,10,,Lavandería,786.26,15,11793.9,1769.085,0,10024.815
254,,951,,,"",657.36,6,3944.16,0,0,3944.16
255,,854,,10,Traslados al aeropuerto,863.44,7,6044.08,0,1208.816,7252.896
256,,619,,,Estacionamiento,758.25,2,1516.5,0,0,1516.5
257,7,,,,Check-in temprano,71.64,8,573.12,0,0,573.12
258,8,,6,10,Lavandería,851.27,2,1702.54,255.381,340.508,1787.667
259,,709,6,,Uso de gimnasio,552.35,14,7732.9,1159.935,0,6572.965
260,10,,,,Uso de gimnasio,404.47,9,3640.23,0,0,3640.23
261,1,,,6,Alquiler de equipos,655.38,8,5243.04,0,1048.608,6291.648
262,2,,,6,Desayuno,133.3,13,1732.9,0,346.58,2079.48
263,3,,,7,Desayuno,140.32,4,561.28,0,112.256,673.536
264,4,,,,Estacionamiento,577.57,15,8663.55,0,0,8663.55
265,5,,,,Uso de Spa,53.29,6,319.74,0,0,319.74
266,,499,2,,Traslados al aeropuerto,602.2,1,602.2,90.33,0,511.87
267,,554,6,,Sauna,768.97,4,3075.88,461.382,0,2614.498
268,,551,,,Estadía noche,983.35,2,1966.7,0,0,1966.7
269,9,,,10,Alquiler de equipos,713.68,1,713.68,0,142.736,856.416
270,10,,,7,Alquiler de equipos,873.26,11,9605.86,0,1921.172,11527.032
271,,194,,,Alquiler de equipos,283.97,15,4259.55,0,0,4259.55
272,2,,,,Servicio Room Service,194.88,15,2923.2,0,0,2923.2
273,,320,,1,Actividades y Tours,400.97,11,4410.67,0,882.134,5292.804
274,4,,2,6,Bar,991.81,13,12893.53,1934.0295,2578.706,13538.2065
275,5,,,,Uso de gimnasio,563.51,6,3381.06,0,0,3381.06
276,6,,,,"",866.97,9,7802.73,0,0,7802.73
277,,142,,,Alquiler de equipos,608.75,13,7913.75,0,0,7913.75
278,8,,,,Uso de gimnasio,706.76,1,706.76,0,0,706.76
279,,108,,,Sauna,469.4,1,469.4,0,0,469.4
280,10,,,,Estadía noche,820.12,11,9021.32,0,0,9021.32
281,,243,8,10,Desayuno,724.54,10,7245.4,1086.81,1449.08,7607.67
282,2,,,,Alquiler de equipos,156.54,9,1408.86,0,0,1408.86
283,3,,,10,Estacionamiento,492.83,5,2464.15,0,492.83,2956.98
284,,730,,,Sauna,299.6,11,3295.6,0,0,3295.6
285,5,,10,,Check-in temprano,496.37,13,6452.81,967.9215,0,5484.8885
286,6,,4,,Actividades y Tours,175.03,15,2625.45,393.8175,0,2231.6325
287,7,,,,Sauna,799.0,2,1598.0,0,0,1598.0
288,,487,,,Check-out tardío,327.41,7,2291.87,0,0,2291.87
289,,65,,10,Sauna,434.56,14,6083.84,0,1216.768,7300.608
290,10,,,,Servicio Room Service,498.77,6,2992.62,0,0,2992.62
291,,906,,,Traslados al aeropuerto,669.85,13,8708.05,0,0,8708.05
292,2,,,,Bar,841.71,13,10942.23,0,0,10942.23
293,,318,7,,Estacionamiento,474.28,6,2845.68,426.852,0,2418.828
294,4,,,,"",689.39,10,6893.9,0,0,6893.9
295,5,,,9,Cargos de limpieza extra,255.35,10,2553.5,0,510.7,3064.2
296,6,,,4,"",409.85,14,5737.9,0,1147.58,6885.48
297,7,,2,,Cargos de limpieza extra,412.49,10,4124.9,618.735,0,3506.165
298,,121,,2,Desayuno,138.47,14,1938.58,0,387.716,2326.296
299,9,,,,Cargos de limpieza extra,276.74,2,553.48,0,0,553.48
300,,459,,6,"",661.66,1,661.66,0,132.332,793.992
301,1,,,,Lavandería,685.11,15,10276.65,0,0,10276.65
302,,730,,,Check-out tardío,972.37,9,8751.33,0,0,8751.33
303,3,,,,Actividades y Tours,802.96,12,9635.52,0,0,9635.52
304,,862,,,Check-in temprano,363.71,12,4364.52,0,0,4364.52
305,5,,,8,Traslados al aeropuerto,218.73,4,874.92,0,174.984,1049.904
306,,313,7,1,Sauna,171.6,4,686.4,102.96,137.28,720.72
307,,441,3,,Traslados al aeropuerto,204.77,2,409.54,61.431,0,348.109
308,,771,,9,"",881.94,2,1763.88,0,352.776,2116.656
309,9,,,,Restaurantes de especialidad,499.98,4,1999.92,0,0,1999.92
310,,827,10,1,Uso de gimnasio,241.53,10,2415.3,362.295,483.06,2536.065
311,1,,,1,Estadía noche,381.4,14,5339.6,0,1067.92,6407.52
312,,710,,5,Actividades y Tours,917.64,2,1835.28,0,367.056,2202.336
313,3,,3,,Check-out tardío,208.94,2,417.88,62.682,0,355.198
314,4,,,,Check-in temprano,924.25,3,2772.75,0,0,2772.75
315,5,,,4,Restaurantes de especialidad,184.83,6,1108.98,0,221.796,1330.776
316,,969,,,Desayuno,511.59,13,6650.67,0,0,6650.67
317,7,,,,Restaurantes de especialidad,950.32,2,1900.64,0,0,1900.64
318,,797,,,Sauna,928.45,10,9284.5,0,0,9284.5
319,9,,,,Lavandería,342.16,6,2052.96,0,0,2052.96
320,,736,,,Traslados al aeropuerto,940.64,13,12228.32,0,0,12228.32
321,1,,,,Desayuno,203.0,12,2436.0,0,0,2436.0
322,,453,,,Uso de Spa,770.55,10,7705.5,0,0,7705.5
323,3,,,,Uso de gimnasio,104.75,10,1047.5,0,0,1047.5
324,,21,,10,Sauna,188.87,14,2644.18,0,528.836,3173.016
325,,383,,8,"",160.95,2,321.9,0,64.38,386.28
326,,631,6,,Lavandería,478.87,3,1436.61,215.4915,0,1221.1185
327,7,,,,Sauna,819.9,5,4099.5,0,0,4099.5
328,8,,1,,Servicio Room Service,599.84,13,7797.92,1169.688,0,6628.232
329,,598,,,Sauna,90.83,3,272.49,0,0,272.49
330,,888,,,Check-in temprano,540.0,14,7560.0,0,0,7560.0
331,1,,,,Actividades y Tours,223.36,7,1563.52,0,0,1563.52
332,2,,,,Check-out tardío,494.76,2,989.52,0,0,989.52
333,,798,,,Uso de Spa,991.05,9,8919.45,0,0,8919.45
334,,60,,10,Bar,739.58,9,6656.22,0,1331.244,7987.464
335,5,,,,Alquiler de equipos,486.4,13,6323.2,0,0,6323.2
336,6,,,3,Restaurantes de especialidad,611.44,7,4280.08,0,856.016,5136.096
337,,126,,,Check-in temprano,143.21,7,1002.47,0,0,1002.47
338,,134,,5,Sauna,252.61,5,1263.05,0,252.61,1515.66
339,,454,,,Actividades y Tours,248.04,11,2728.44,0,0,2728.44
340,,590,,,Sauna,290.46,11,3195.06,0,0,3195.06
341,,160,,,Uso de gimnasio,832.39,1,832.39,0,0,832.39
342,,595,,,Uso de gimnasio,914.25,4,3657.0,0,0,3657.0
343,3,,2,,Uso de gimnasio,392.4,6,2354.4,353.16,0,2001.24
344,,126,,,Sauna,715.85,12,8590.2,0,0,8590.2
345,5,,,9,Check-out tardío,536.86,1,536.86,0,107.372,644.232
346,,162,,,Desayuno,813.83,5,4069.15,0,0,4069.15
347,,489,,,Uso de Spa,564.83,15,8472.45,0,0,8472.45
348,8,,,8,Actividades y Tours,800.96,8,6407.68,0,1281.536,7689.216
349,9,,5,,Cargos de limpieza extra,393.45,5,1967.25,295.0875,0,1672.1625
350,10,,,,Servicio Room Service,151.02,14,2114.28,0,0,2114.28
351,1,,,5,Alquiler de equipos,799.7,7,5597.9,0,1119.58,6717.48
352,,959,1,,Servicio Room Service,783.77,6,4702.62,705.393,0,3997.227
353,,320,,,Check-in temprano,375.53,4,1502.12,0,0,1502.12
354,,8,7,,Desayuno,817.45,3,2452.35,367.8525,0,2084.4975
355,,299,,,Check-in temprano,909.89,14,12738.46,0,0,12738.46
356,,848,4,,Estadía noche,474.83,6,2848.98,427.347,0,2421.633
357,,265,,,Sauna,117.65,5,588.25,0,0,588.25
358,,431,,5,Bar,551.8,5,2759.0,0,551.8,3310.8
359,,408,2,,Lavandería,718.89,13,9345.57,1401.8355,0,7943.7345
360,10,,,6,Traslados al aeropuerto,790.53,11,8695.83,0,1739.166,10434.996
361,1,,,,Servicio Room Service,373.79,6,2242.74,0,0,2242.74
362,2,,,,Alquiler de equipos,880.81,7,6165.67,0,0,6165.67
363,3,,,,Servicio Room Service,619.93,12,7439.16,0,0,7439.16
364,,344,,,Lavandería,936.86,10,9368.6,0,0,9368.6
365,,934,,3,Desayuno,647.29,7,4531.03,0,906.206,5437.236
366,,99,,5,Servicio Room Service,697.01,7,4879.07,0,975.814,5854.884
367,7,,,,Sauna,426.68,9,3840.12,0,0,3840.12
368,,47,,4,Lavandería,968.83,5,4844.15,0,968.83,5812.98
369,,149,,,Desayuno,26.27,10,262.7,0,0,262.7
370,10,,3,1,Servicio Room Service,852.98,4,3411.92,511.788,682.384,3582.516
371,1,,,6,Estacionamiento,171.88,11,1890.68,0,378.136,2268.816
372,,395,,,Desayuno,325.6,14,4558.4,0,0,4558.4
373,,576,,,Restaurantes de especialidad,114.85,8,918.8,0,0,918.8
374,4,,,,Check-in temprano,561.44,8,4491.52,0,0,4491.52
375,,861,,,"",687.43,12,8249.16,0,0,8249.16
376,6,,,,Estadía noche,113.6,2,227.2,0,0,227.2
377,7,,3,,Check-out tardío,382.01,9,3438.09,515.7135,0,2922.3765
378,8,,,,Check-in temprano,888.96,4,3555.84,0,0,3555.84
379,9,,,,Check-in temprano,105.26,12,1263.12,0,0,1263.12
380,10,,,,Desayuno,593.18,5,2965.9,0,0,2965.9
381,1,,6,1,Uso de Spa,233.32,3,699.96,104.994,139.992,734.958
382,,380,,7,"",741.28,12,8895.36,0,1779.072,10674.432
383,3,,,,Check-in temprano,873.35,3,2620.05,0,0,2620.05
384,4,,,,Estadía noche,755.47,11,8310.17,0,0,8310.17
385,,659,,,Check-out tardío,333.92,4,1335.68,0,0,1335.68
386,,136,,3,Restaurantes de especialidad,320.86,11,3529.46,0,705.892,4235.352
387,,830,,2,Alquiler de equipos,290.91,3,872.73,0,174.546,1047.276
388,,378,,,Uso de Spa,792.42,3,2377.26,0,0,2377.26
389,,526,,2,"",896.18,8,7169.44,0,1433.888,8603.328
390,10,,,,Estacionamiento,971.39,9,8742.51,0,0,8742.51
391,,770,,,Alquiler de equipos,193.48,13,2515.24,0,0,2515.24
392,2,,,2,Sauna,879.76,7,6158.32,0,1231.664,7389.984
393,3,,5,,Actividades y Tours,503.26,13,6542.38,981.357,0,5561.023
394,,292,,7,Desayuno,46.46,3,139.38,0,27.876,167.256
395,,168,,8,Check-in temprano,193.09,2,386.18,0,77.236,463.416
396,6,,7,7,Lavandería,143.81,15,2157.15,323.5725,431.43,2265.0075
397,7,,,,Restaurantes de especialidad,814.37,11,8958.07,0,0,8958.07
398,8,,,5,Lavandería,774.33,4,3097.32,0,619.464,3716.784
399,9,,1,2,Estacionamiento,495.62,9,4460.58,669.087,892.116,4683.609
400,10,,,3,Estacionamiento,235.72,5,1178.6,0,235.72,1414.32
401,,746,,,Estacionamiento,604.84,14,8467.76,0,0,8467.76
402,,277,,,Estadía noche,319.04,1,319.04,0,0,319.04
403,3,,,4,Servicio Room Service,407.67,14,5707.38,0,1141.476,6848.856
404,4,,,8,Bar,557.8,2,1115.6,0,223.12,1338.72
405,,246,,,Alquiler de equipos,483.28,6,2899.68,0,0,2899.68
406,,441,,,Traslados al aeropuerto,676.57,3,2029.71,0,0,2029.71
407,,311,,8,Uso de gimnasio,874.74,11,9622.14,0,1924.428,11546.568
408,8,,,,Lavandería,813.69,8,6509.52,0,0,6509.52
409,,61,3,9,Actividades y Tours,692.3,14,9692.2,1453.83,1938.44,10176.81
410,,960,,7,Cargos de limpieza extra,165.91,12,1990.92,0,398.184,2389.104
411,,383,8,,Traslados al aeropuerto,575.51,10,5755.1,863.265,0,4891.835
412,,496,,,Uso de gimnasio,594.24,14,8319.36,0,0,8319.36
413,,642,,,Actividades y Tours,52.36,15,785.4,0,0,785.4
414,4,,,,Sauna,987.76,5,4938.8,0,0,4938.8
415,5,,,,Check-out tardío,681.75,2,1363.5,0,0,1363.5
416,6,,,,Restaurantes de especialidad,223.65,4,894.6,0,0,894.6
417,,25,,,Bar,995.1,14,13931.4,0,0,13931.4
418,8,,,,Cargos de limpieza extra,235.07,14,3290.98,0,0,3290.98
419,,773,,8,"",436.38,11,4800.18,0,960.036,5760.216
420,,551,,,Restaurantes de especialidad,420.18,9,3781.62,0,0,3781.62
421,1,,,,"",20.28,10,202.8,0,0,202.8
422,2,,,,Lavandería,404.78,3,1214.34,0,0,1214.34
423,3,,,,Check-out tardío,470.47,14,6586.58,0,0,6586.58
424,,551,,,Estadía noche,382.17,11,4203.87,0,0,4203.87
425,5,,,,Estacionamiento,660.67,2,1321.34,0,0,1321.34
426,6,,1,6,Desayuno,388.79,8,3110.32,466.548,622.064,3265.836
427,,667,10,1,Uso de Spa,508.1,10,5081.0,762.15,1016.2,5335.05
428,8,,,7,Sauna,295.41,11,3249.51,0,649.902,3899.412
429,,380,,,Lavandería,754.03,12,9048.36,0,0,9048.36
430,,885,,,Desayuno,733.91,10,7339.1,0,0,7339.1
431,1,,,,Estadía noche,454.28,12,5451.36,0,0,5451.36
432,2,,,,Restaurantes de especialidad,972.59,11,10698.49,0,0,10698.49
433,,907,,,Bar,873.92,7,6117.44,0,0,6117.44
434,,365,,,Check-in temprano,707.94,9,6371.46,0,0,6371.46
435,5,,,,Estacionamiento,443.95,15,6659.25,0,0,6659.25
436,6,,,,Uso de Spa,430.79,12,5169.48,0,0,5169.48
437,7,,,2,Check-in temprano,33.8,8,270.4,0,54.08,324.48
438,,694,,,Sauna,863.36,13,11223.68,0,0,11223.68
439,9,,,5,Estacionamiento,601.06,5,3005.3,0,601.06,3606.36
440,10,,,,Restaurantes de especialidad,846.49,15,12697.35,0,0,12697.35
441,,37,,,Uso de Spa,910.09,3,2730.27,0,0,2730.27
442,,348,3,2,Restaurantes de especialidad,911.28,1,911.28,136.692,182.256,956.844
443,,231,,,Estadía noche,862.02,15,12930.3,0,0,12930.3
444,,795,,,Check-out tardío,884.63,9,7961.67,0,0,7961.67
445,5,,,6,Estadía noche,579.56,12,6954.72,0,1390.944,8345.664
446,6,,,,Estacionamiento,33.58,14,470.12,0,0,470.12
447,7,,,8,Estacionamiento,761.15,5,3805.75,0,761.15,4566.9
448,,794,,,Estacionamiento,610.65,14,8549.1,0,0,8549.1
449,9,,,,Actividades y Tours,686.34,12,8236.08,0,0,8236.08
450,10,,,,Check-out tardío,535.27,13,6958.51,0,0,6958.51
451,,758,,1,Check-in temprano,787.39,9,7086.51,0,1417.302,8503.812
452,,815,,,Bar,271.59,14,3802.26,0,0,3802.26
453,,180,,,Cargos de limpieza extra,38.45,15,576.75,0,0,576.75
454,,607,,,Actividades y Tours,610.07,8,4880.56,0,0,4880.56
455,,424,6,,Alquiler de equipos,842.93,2,1685.86,252.879,0,1432.981
456,,209,,,Bar,850.49,7,5953.43,0,0,5953.43
457,7,,,,Restaurantes de especialidad,726.05,13,9438.65,0,0,9438.65
458,,531,,,Cargos de limpieza extra,837.67,15,12565.05,0,0,12565.05
459,9,,,,Lavandería,760.36,9,6843.24,0,0,6843.24
460,10,,,6,Servicio Room Service,225.75,10,2257.5,0,451.5,2709.0
461,,187,,,"",228.57,2,457.14,0,0,457.14
462,2,,,10,Lavandería,820.58,9,7385.22,0,1477.044,8862.264
463,,565,,,Traslados al aeropuerto,824.69,7,5772.83,0,0,5772.83
464,4,,,,Alquiler de equipos,624.48,9,5620.32,0,0,5620.32
465,,375,,,Uso de Spa,399.8,4,1599.2,0,0,1599.2
466,6,,,,Bar,606.93,11,6676.23,0,0,6676.23
467,7,,,10,Estadía noche,945.68,6,5674.08,0,1134.816,6808.896
468,8,,,,Desayuno,901.68,11,9918.48,0,0,9918.48
469,9,,,,Alquiler de equipos,17.35,5,86.75,0,0,86.75
470,10,,,,Bar,709.95,10,7099.5,0,0,7099.5
471,1,,6,,Check-in temprano,764.75,7,5353.25,802.9875,0,4550.2625
472,,233,,1,Check-in temprano,254.79,4,1019.16,0,203.832,1222.992
473,3,,,,Servicio Room Service,543.28,12,6519.36,0,0,6519.36
474,,820,,3,Cargos de limpieza extra,986.09,9,8874.81,0,1774.962,10649.772
475,5,,5,,Lavandería,207.89,9,1871.01,280.6515,0,1590.3585
476,,31,,,Uso de Spa,495.46,11,5450.06,0,0,5450.06
477,7,,,1,Servicio Room Service,314.82,2,629.64,0,125.928,755.568
478,,710,,,Restaurantes de especialidad,550.76,9,4956.84,0,0,4956.84
479,,69,,,Uso de gimnasio,739.92,15,11098.8,0,0,11098.8
480,,611,,,Cargos de limpieza extra,933.8,6,5602.8,0,0,5602.8
481,1,,,,Lavandería,606.33,6,3637.98,0,0,3637.98
482,2,,,,"",462.2,5,2311.0,0,0,2311.0
483,3,,,,Cargos de limpieza extra,476.73,3,1430.19,0,0,1430.19
484,4,,,,Uso de gimnasio,832.17,7,5825.19,0,0,5825.19
485,,439,,,Traslados al aeropuerto,159.68,10,1596.8,0,0,1596.8
486,6,,,7,Uso de gimnasio,272.78,3,818.34,0,163.668,982.008
487,,214,,,"",578.37,14,8097.18,0,0,8097.18
488,8,,,,Uso de gimnasio,516.04,15,7740.6,0,0,7740.6
489,9,,,7,Servicio Room Service,974.24,6,5845.44,0,1169.088,7014.528
490,10,,,,Bar,962.73,14,13478.22,0,0,13478.22
491,1,,,,Alquiler de equipos,386.36,3,1159.08,0,0,1159.08
492,,55,,,Lavandería,785.83,11,8644.13,0,0,8644.13
493,,392,,5,Uso de Spa,763.55,5,3817.75,0,763.55,4581.3
494,,225,,4,Cargos de limpieza extra,872.51,4,3490.04,0,698.008,4188.048
495,,385,,4,Uso de gimnasio,148.6,9,1337.4,0,267.48,1604.88
496,,180,,,Sauna,849.76,11,9347.36,0,0,9347.36
497,,596,,4,Restaurantes de especialidad,114.05,10,1140.5,0,228.1,1368.6
498,8,,2,,"",159.25,5,796.25,119.4375,0,676.8125
499,,709,,,Actividades y Tours,658.94,10,6589.4,0,0,6589.4
500,10,,,,Traslados al aeropuerto,984.34,5,4921.7,0,0,4921.7
501,1,,,,Check-out tardío,697.37,13,9065.81,0,0,9065.81
502,2,,,,Bar,401.31,9,3611.79,0,0,3611.79
503,3,,,,"",533.73,10,5337.3,0,0,5337.3
504,4,,,,Check-in temprano,460.03,14,6440.42,0,0,6440.42
505,5,,7,,Lavandería,100.84,13,1310.92,196.638,0,1114.282
506,6,,,5,Restaurantes de especialidad,697.68,15,10465.2,0,2093.04,12558.24
507,7,,,,Estacionamiento,870.05,14,12180.7,0,0,12180.7
508,8,,,,Traslados al aeropuerto,792.46,13,10301.98,0,0,10301.98
509,9,,,,Restaurantes de especialidad,474.9,15,7123.5,0,0,7123.5
510,10,,,,Alquiler de equipos,483.82,15,7257.3,0,0,7257.3
511,,952,,,Bar,210.85,14,2951.9,0,0,2951.9
512,,854,1,,Servicio Room Service,946.81,7,6627.67,994.1505,0,5633.5195
513,3,,,1,Lavandería,919.31,4,3677.24,0,735.448,4412.688
514,4,,,,Uso de Spa,429.47,1,429.47,0,0,429.47
515,,411,,,Cargos de limpieza extra,279.37,2,558.74,0,0,558.74
516,,456,,8,Estacionamiento,979.14,14,13707.96,0,2741.592,16449.552
517,,755,2,,Actividades y Tours,615.44,9,5538.96,830.844,0,4708.116
518,,306,,10,Desayuno,364.28,9,3278.52,0,655.704,3934.224
519,,86,,,Check-in temprano,929.62,13,12085.06,0,0,12085.06
520,,638,,9,Cargos de limpieza extra,610.73,3,1832.19,0,366.438,2198.628
521,1,,7,,Uso de gimnasio,148.61,1,148.61,22.2915,0,126.3185
522,2,,,,Lavandería,592.08,2,1184.16,0,0,1184.16
523,,182,3,9,Actividades y Tours,31.74,9,285.66,42.849,57.132,299.943
524,4,,,,Desayuno,415.98,6,2495.88,0,0,2495.88
525,5,,,2,Cargos de limpieza extra,802.29,14,11232.06,0,2246.412,13478.472
526,,920,,7,Bar,55.91,8,447.28,0,89.456,536.736
527,7,,9,,Traslados al aeropuerto,429.05,3,1287.15,193.0725,0,1094.0775
528,,652,,,Check-out tardío,957.47,15,14362.05,0,0,14362.05
529,9,,,,Servicio Room Service,252.02,1,252.02,0,0,252.02
530,10,,,,Lavandería,77.06,10,770.6,0,0,770.6
531,,644,,10,Traslados al aeropuerto,612.41,13,7961.33,0,1592.266,9553.596
532,2,,,,Traslados al aeropuerto,508.95,9,4580.55,0,0,4580.55
533,3,,,,Sauna,966.68,10,9666.8,0,0,9666.8
534,,685,,5,Uso de gimnasio,676.56,6,4059.36,0,811.872,4871.232
535,5,,,10,"",169.07,13,2197.91,0,439.582,2637.492
536,6,,,,Bar,986.43,7,6905.01,0,0,6905.01
537,7,,,1,Uso de Spa,507.67,14,7107.38,0,1421.476,8528.856
538,8,,,,Alquiler de equipos,533.49,8,4267.92,0,0,4267.92
539,,602,,,Cargos de limpieza extra,322.98,11,3552.78,0,0,3552.78
540,,760,4,,Uso de gimnasio,861.84,1,861.84,129.276,0,732.564
541,,617,1,5,Alquiler de equipos,851.82,1,851.82,127.773,170.364,894.411
542,,792,,,Check-out tardío,971.05,7,6797.35,0,0,6797.35
543,3,,,2,Traslados al aeropuerto,960.71,14,13449.94,0,2689.988,16139.928
544,,116,1,5,Bar,434.19,14,6078.66,911.799,1215.732,6382.593
545,5,,,,Uso de gimnasio,781.0,1,781.0,0,0,781.0
546,,672,,3,Check-out tardío,862.87,13,11217.31,0,2243.462,13460.772
547,7,,,6,Servicio Room Service,504.1,12,6049.2,0,1209.84,7259.04
548,8,,,,Estadía noche,692.89,13,9007.57,0,0,9007.57
549,9,,,,Check-out tardío,294.73,2,589.46,0,0,589.46
550,,877,,8,Actividades y Tours,864.24,11,9506.64,0,1901.328,11407.968
551,,637,,10,Uso de Spa,222.34,2,444.68,0,88.936,533.616
552,2,,,,Uso de Spa,387.5,10,3875.0,0,0,3875.0
553,3,,,,Cargos de limpieza extra,420.53,2,841.06,0,0,841.06
554,,500,,,Restaurantes de especialidad,27.66,3,82.98,0,0,82.98
555,5,,,,Lavandería,341.39,9,3072.51,0,0,3072.51
556,6,,,8,Check-in temprano,442.95,4,1771.8,0,354.36,2126.16
557,,201,8,,Lavandería,753.6,3,2260.8,339.12,0,1921.68
558,,903,,6,Restaurantes de especialidad,20.81,6,124.86,0,24.972,149.832
559,,663,,,Lavandería,716.07,2,1432.14,0,0,1432.14
560,,754,,4,Estacionamiento,615.79,11,6773.69,0,1354.738,8128.428
561,1,,7,,Actividades y Tours,199.72,7,1398.04,209.706,0,1188.334
562,,319,,9,Estacionamiento,224.91,13,2923.83,0,584.766,3508.596
563,,346,10,,Check-out tardío,194.45,11,2138.95,320.8425,0,1818.1075
564,,711,,,Traslados al aeropuerto,147.91,14,2070.74,0,0,2070.74
565,5,,2,,Estadía noche,314.25,3,942.75,141.4125,0,801.3375
566,,551,,7,Traslados al aeropuerto,853.66,6,5121.96,0,1024.392,6146.352
567,7,,,,Desayuno,36.73,7,257.11,0,0,257.11
568,,593,,,Traslados al aeropuerto,462.94,12,5555.28,0,0,5555.28
569,,388,2,,Estacionamiento,844.39,8,6755.12,1013.268,0,5741.852
570,10,,,,Desayuno,428.7,7,3000.9,0,0,3000.9
571,,238,,,Check-in temprano,372.44,5,1862.2,0,0,1862.2
572,,186,,4,Lavandería,382.68,5,1913.4,0,382.68,2296.08
573,,593,,1,Alquiler de equipos,404.85,4,1619.4,0,323.88,1943.28
574,,443,,,Cargos de limpieza extra,856.31,10,8563.1,0,0,8563.1
575,,421,,2,Traslados al aeropuerto,10.21,9,91.89,0,18.378,110.268
576,,577,,,Cargos de limpieza extra,292.5,2,585.0,0,0,585.0
577,,578,,,Servicio Room Service,624.09,8,4992.72,0,0,4992.72
578,8,,,5,Restaurantes de especialidad,392.21,13,5098.73,0,1019.746,6118.476
579,9,,,,Check-out tardío,106.32,10,1063.2,0,0,1063.2
580,,973,,9,Estadía noche,148.83,9,1339.47,0,267.894,1607.364
581,,666,,,Uso de Spa,15.82,7,110.74,0,0,110.74
582,2,,,5,Alquiler de equipos,741.9,12,8902.8,0,1780.56,10683.36
583,,270,,,Cargos de limpieza extra,990.28,13,12873.64,0,0,12873.64
584,,156,,,Estacionamiento,648.16,10,6481.6,0,0,6481.6
585,5,,,9,Servicio Room Service,798.55,2,1597.1,0,319.42,1916.52
586,6,,,,Alquiler de equipos,753.82,1,753.82,0,0,753.82
587,7,,,,Check-out tardío,343.19,12,4118.28,0,0,4118.28
588,8,,,6,Uso de Spa,614.58,2,1229.16,0,245.832,1474.992
589,,170,,,Traslados al aeropuerto,295.29,12,3543.48,0,0,3543.48
590,10,,,,Sauna,625.58,6,3753.48,0,0,3753.48
591,,534,,7,Check-out tardío,888.27,2,1776.54,0,355.308,2131.848
592,,892,,1,Bar,518.7,7,3630.9,0,726.18,4357.08
593,3,,,6,"",951.25,4,3805.0,0,761.0,4566.0
594,4,,,9,Check-in temprano,239.79,1,239.79,0,47.958,287.748
595,5,,,2,Sauna,865.98,9,7793.82,0,1558.764,9352.584
596,,811,,,Alquiler de equipos,645.51,13,8391.63,0,0,8391.63
597,,162,,,Actividades y Tours,477.42,11,5251.62,0,0,5251.62
598,,263,,,Cargos de limpieza extra,322.98,14,4521.72,0,0,4521.72
599,9,,,2,Uso de gimnasio,48.16,7,337.12,0,67.424,404.544
600,10,,,,Restaurantes de especialidad,332.62,9,2993.58,0,0,2993.58
601,,656,9,4,Desayuno,737.9,8,5903.2,885.48,1180.64,6198.36
602,2,,,,Actividades y Tours,587.23,10,5872.3,0,0,5872.3
603,,285,9,,Sauna,234.45,9,2110.05,316.5075,0,1793.5425
604,,857,,1,Lavandería,543.94,12,6527.28,0,1305.456,7832.736
605,,585,6,8,Check-in temprano,235.1,12,2821.2,423.18,564.24,2962.26
606,6,,,,Alquiler de equipos,741.23,9,6671.07,0,0,6671.07
607,7,,,8,Servicio Room Service,491.89,11,5410.79,0,1082.158,6492.948
608,,440,,,Bar,97.64,15,1464.6,0,0,1464.6
609,,63,,8,Desayuno,921.03,14,12894.42,0,2578.884,15473.304
610,,483,,6,Alquiler de equipos,53.49,1,53.49,0,10.698,64.188
611,,476,,3,Uso de Spa,593.49,10,5934.9,0,1186.98,7121.88
612,,469,1,,Restaurantes de especialidad,823.14,10,8231.4,1234.71,0,6996.69
613,3,,,,Uso de Spa,516.69,6,3100.14,0,0,3100.14
614,4,,9,8,Lavandería,95.29,4,381.16,57.174,76.232,400.218
615,5,,,,Alquiler de equipos,842.16,7,5895.12,0,0,5895.12
616,6,,,,Uso de Spa,253.61,10,2536.1,0,0,2536.1
617,,352,,,Estadía noche,785.69,12,9428.28,0,0,9428.28
618,8,,,,Check-out tardío,884.54,7,6191.78,0,0,6191.78
619,,893,,,Uso de Spa,911.86,11,10030.46,0,0,10030.46
620,,647,,5,Sauna,504.95,15,7574.25,0,1514.85,9089.1
621,1,,,,Restaurantes de especialidad,174.17,6,1045.02,0,0,1045.02
622,,613,,,Alquiler de equipos,974.74,11,10722.14,0,0,10722.14
623,3,,,2,Check-out tardío,684.35,13,8896.55,0,1779.31,10675.86
624,4,,,,Lavandería,151.63,7,1061.41,0,0,1061.41
625,5,,,,Uso de Spa,205.31,1,205.31,0,0,205.31
626,6,,4,,Desayuno,180.99,10,1809.9,271.485,0,1538.415
627,,766,,,Sauna,150.07,8,1200.56,0,0,1200.56
628,8,,10,4,Uso de Spa,883.7,3,2651.1,397.665,530.22,2783.655
629,,333,,,Traslados al aeropuerto,231.12,13,3004.56,0,0,3004.56
630,10,,,,Estacionamiento,550.72,6,3304.32,0,0,3304.32
631,1,,,,Check-in temprano,23.3,3,69.9,0,0,69.9
632,2,,8,,Bar,491.16,11,5402.76,810.414,0,4592.346
633,3,,,6,Sauna,724.39,4,2897.56,0,579.512,3477.072
634,4,,,8,Alquiler de equipos,291.84,13,3793.92,0,758.784,4552.704
635,,323,,3,Traslados al aeropuerto,591.94,9,5327.46,0,1065.492,6392.952
636,6,,,8,Lavandería,948.14,12,11377.68,0,2275.536,13653.216
637,,463,,,Bar,41.63,4,166.52,0,0,166.52
638,8,,1,3,Traslados al aeropuerto,758.21,6,4549.26,682.389,909.852,4776.723
639,9,,,,Traslados al aeropuerto,12.83,3,38.49,0,0,38.49
640,,920,,,Estacionamiento,211.79,3,635.37,0,0,635.37
641,1,,,,Check-in temprano,965.35,7,6757.45,0,0,6757.45
642,2,,,,Actividades y Tours,388.12,3,1164.36,0,0,1164.36
643,3,,,,Cargos de limpieza extra,177.68,13,2309.84,0,0,2309.84
644,,976,,,Servicio Room Service,466.78,11,5134.58,0,0,5134.58
645,5,,,,Bar,204.17,13,2654.21,0,0,2654.21
646,,10,,,Uso de Spa,448.32,5,2241.6,0,0,2241.6
647,,379,,3,Actividades y Tours,440.3,2,880.6,0,176.12,1056.72
648,8,,,,Restaurantes de especialidad,917.2,7,6420.4,0,0,6420.4
649,,950,,10,Cargos de limpieza extra,641.4,5,3207.0,0,641.4,3848.4
650,,657,,,Cargos de limpieza extra,474.37,3,1423.11,0,0,1423.11
651,1,,,,Lavandería,132.75,8,1062.0,0,0,1062.0
652,2,,,3,"",334.99,10,3349.9,0,669.98,4019.88
653,3,,,5,Cargos de limpieza extra,390.45,6,2342.7,0,468.54,2811.24
654,,895,,,Traslados al aeropuerto,332.35,4,1329.4,0,0,1329.4
655,,704,,10,Traslados al aeropuerto,339.26,11,3731.86,0,746.372,4478.232
656,,205,,10,Cargos de limpieza extra,333.15,3,999.45,0,199.89,1199.34
657,7,,,,Actividades y Tours,184.01,5,920.05,0,0,920.05
658,,601,,,Cargos de limpieza extra,979.11,2,1958.22,0,0,1958.22
659,,529,,,"",803.07,2,1606.14,0,0,1606.14
660,,976,,,Estacionamiento,183.69,10,1836.9,0,0,1836.9
661,1,,,8,Lavandería,955.85,1,955.85,0,191.17,1147.02
662,,532,,,Sauna,744.48,5,3722.4,0,0,3722.4
663,3,,,4,Actividades y Tours,627.38,9,5646.42,0,1129.284,6775.704
664,4,,,,Desayuno,860.33,10,8603.3,0,0,8603.3
665,5,,,,Actividades y Tours,598.28,4,2393.12,0,0,2393.12
666,6,,,,Estadía noche,22.19,5,110.95,0,0,110.95
667,,145,,,Actividades y Tours,811.34,10,8113.4,0,0,8113.4
668,,491,,,Check-in temprano,822.82,3,2468.46,0,0,2468.46
669,,549,5,5,Uso de Spa,666.96,15,10004.4,1500.66,2000.88,10504.62
670,,450,,,Check-in temprano,954.58,11,10500.38,0,0,10500.38
671,,569,,,Cargos de limpieza extra,234.07,14,3276.98,0,0,3276.98
672,,137,,,Bar,457.55,2,915.1,0,0,915.1
673,,474,,,Lavandería,915.5,4,3662.0,0,0,3662.0
674,,97,,9,Desayuno,685.74,7,4800.18,0,960.036,5760.216
675,,736,,,Actividades y Tours,526.72,14,7374.08,0,0,7374.08
676,,944,,,"",705.41,7,4937.87,0,0,4937.87
677,,873,,5,Bar,965.56,6,5793.36,0,1158.672,6952.032
678,,563,,,Traslados al aeropuerto,884.91,7,6194.37,0,0,6194.37
679,,699,1,3,Uso de Spa,333.21,12,3998.52,599.778,799.704,4198.446
680,10,,,10,Uso de gimnasio,513.47,10,5134.7,0,1026.94,6161.64
681,,915,7,,Check-out tardío,53.04,7,371.28,55.692,0,315.588
682,,531,,3,Desayuno,413.55,2,827.1,0,165.42,992.52
683,3,,,,Sauna,5.79,10,57.9,0,0,57.9
684,4,,,,Check-in temprano,148.25,2,296.5,0,0,296.5
685,,34,,,Actividades y Tours,802.88,10,8028.8,0,0,8028.8
686,,760,,,Servicio Room Service,631.35,12,7576.2,0,0,7576.2
687,7,,3,9,Lavandería,372.36,1,372.36,55.854,74.472,390.978
688,,797,,,"",956.71,7,6696.97,0,0,6696.97
689,,359,,,Sauna,574.99,8,4599.92,0,0,4599.92
690,10,,,8,"",352.84,1,352.84,0,70.568,423.408
691,1,,,,Uso de gimnasio,878.81,15,13182.15,0,0,13182.15
692,2,,,,Servicio Room Service,117.07,4,468.28,0,0,468.28
693,3,,,7,Servicio Room Service,415.13,14,5811.82,0,1162.364,6974.184
694,,85,,,Desayuno,839.04,14,11746.56,0,0,11746.56
695,,882,,,Estadía noche,885.18,9,7966.62,0,0,7966.62
696,6,,,3,Estadía noche,750.94,6,4505.64,0,901.128,5406.768
697,,931,,4,Restaurantes de especialidad,542.85,6,3257.1,0,651.42,3908.52
698,,747,,4,Restaurantes de especialidad,556.65,10,5566.5,0,1113.3,6679.8
699,,625,,2,Uso de Spa,664.89,10,6648.9,0,1329.78,7978.68
700,,845,,,Check-out tardío,930.27,12,11163.24,0,0,11163.24
701,,46,2,,Uso de Spa,46.18,9,415.62,62.343,0,353.277
702,2,,,,Actividades y Tours,46.67,14,653.38,0,0,653.38
703,3,,,,Estadía noche,360.43,11,3964.73,0,0,3964.73
704,4,,,,Actividades y Tours,245.1,3,735.3,0,0,735.3
705,,925,,,Uso de Spa,438.64,6,2631.84,0,0,2631.84
706,6,,,10,Estadía noche,311.0,15,4665.0,0,933.0,5598.0
707,,347,,,Servicio Room Service,866.48,7,6065.36,0,0,6065.36
708,8,,,,Servicio Room Service,751.22,2,1502.44,0,0,1502.44
709,9,,,6,Uso de gimnasio,495.84,7,3470.88,0,694.176,4165.056
710,,640,,,Estadía noche,195.94,13,2547.22,0,0,2547.22
711,,303,,,Check-out tardío,939.25,12,11271.0,0,0,11271.0
712,2,,5,3,Restaurantes de especialidad,59.7,7,417.9,62.685,83.58,438.795
713,3,,,,Estadía noche,209.18,12,2510.16,0,0,2510.16
714,4,,,,Actividades y Tours,362.1,3,1086.3,0,0,1086.3
715,,197,,4,Lavandería,727.17,4,2908.68,0,581.736,3490.416
716,6,,,2,Servicio Room Service,46.92,8,375.36,0,75.072,450.432
717,,87,,,Servicio Room Service,78.33,1,78.33,0,0,78.33
718,8,,,3,Sauna,224.23,11,2466.53,0,493.306,2959.836
719,,39,,,Servicio Room Service,563.29,9,5069.61,0,0,5069.61
720,10,,,6,Estacionamiento,533.83,6,3202.98,0,640.596,3843.576
721,1,,,,Traslados al aeropuerto,187.41,1,187.41,0,0,187.41
722,,7,,2,Check-in temprano,372.98,6,2237.88,0,447.576,2685.456
723,3,,5,,Traslados al aeropuerto,111.01,4,444.04,66.606,0,377.434
724,4,,,,Traslados al aeropuerto,793.01,5,3965.05,0,0,3965.05
725,,342,,,Check-out tardío,651.73,14,9124.22,0,0,9124.22
726,,747,,8,Bar,505.48,1,505.48,0,101.096,606.576
727,,231,,8,"",73.51,1,73.51,0,14.702,88.212
728,,692,,4,Actividades y Tours,792.91,13,10307.83,0,2061.566,12369.396
729,9,,2,6,Check-in temprano,253.67,4,1014.68,152.202,202.936,1065.414
730,,717,8,,Uso de gimnasio,544.47,12,6533.64,980.046,0,5553.594
731,1,,,,Check-out tardío,817.6,2,1635.2,0,0,1635.2
732,2,,,,Uso de Spa,464.93,15,6973.95,0,0,6973.95
733,3,,4,,Bar,882.4,4,3529.6,529.44,0,3000.16
734,,649,,,Servicio Room Service,611.54,2,1223.08,0,0,1223.08
735,,483,,,Alquiler de equipos,118.87,9,1069.83,0,0,1069.83
736,6,,,7,Uso de Spa,129.42,9,1164.78,0,232.956,1397.736
737,7,,,,Desayuno,978.77,3,2936.31,0,0,2936.31
738,,588,,,"",866.54,14,12131.56,0,0,12131.56
739,,42,,,Bar,563.49,10,5634.9,0,0,5634.9
740,10,,7,1,Desayuno,980.47,10,9804.7,1470.705,1960.94,10294.935
741,1,,,,Cargos de limpieza extra,31.83,9,286.47,0,0,286.47
742,,779,,,Estadía noche,911.25,12,10935.0,0,0,10935.0
743,,502,10,,Actividades y Tours,308.97,6,1853.82,278.073,0,1575.747
744,,131,6,,Alquiler de equipos,942.62,9,8483.58,1272.537,0,7211.043
745,,194,,,Actividades y Tours,845.09,6,5070.54,0,0,5070.54
746,6,,,,Alquiler de equipos,778.7,15,11680.5,0,0,11680.5
747,,644,,,Alquiler de equipos,568.02,6,3408.12,0,0,3408.12
748,8,,,9,Uso de gimnasio,594.81,11,6542.91,0,1308.582,7851.492
749,9,,8,5,Uso de Spa,708.86,15,10632.9,1594.935,2126.58,11164.545
750,10,,4,,Bar,359.48,10,3594.8,539.22,0,3055.58
751,1,,,,Servicio Room Service,860.39,8,6883.12,0,0,6883.12
752,,263,,,Desayuno,689.75,8,5518.0,0,0,5518.0
753,,577,,,Uso de gimnasio,718.19,8,5745.52,0,0,5745.52
754,4,,,8,Check-in temprano,127.13,7,889.91,0,177.982,1067.892
755,,591,,,Uso de Spa,717.23,2,1434.46,0,0,1434.46
756,,643,,,Traslados al aeropuerto,370.13,13,4811.69,0,0,4811.69
757,7,,,,Servicio Room Service,123.87,1,123.87,0,0,123.87
758,8,,,4,Cargos de limpieza extra,771.38,11,8485.18,0,1697.036,10182.216
759,9,,,,Desayuno,547.84,11,6026.24,0,0,6026.24
760,10,,,,Desayuno,743.12,1,743.12,0,0,743.12
761,,777,1,5,Desayuno,712.07,4,2848.28,427.242,569.656,2990.694
762,2,,,,Traslados al aeropuerto,676.11,4,2704.44,0,0,2704.44
763,,814,,1,Servicio Room Service,371.97,3,1115.91,0,223.182,1339.092
764,4,,,,Bar,283.74,9,2553.66,0,0,2553.66
765,5,,,3,Uso de gimnasio,912.57,1,912.57,0,182.514,1095.084
766,,452,,,Desayuno,535.7,3,1607.1,0,0,1607.1
767,7,,,9,Check-out tardío,223.37,3,670.11,0,134.022,804.132
768,8,,,,Lavandería,866.34,15,12995.1,0,0,12995.1
769,9,,,5,Desayuno,451.14,7,3157.98,0,631.596,3789.576
770,10,,,6,Bar,956.21,13,12430.73,0,2486.146,14916.876
771,,274,,,Estacionamiento,372.99,8,2983.92,0,0,2983.92
772,,259,,4,Estacionamiento,457.61,15,6864.15,0,1372.83,8236.98
773,3,,5,6,Alquiler de equipos,869.33,11,9562.63,1434.3945,1912.526,10040.7615
774,4,,,,Actividades y Tours,745.09,3,2235.27,0,0,2235.27
775,5,,,2,Estadía noche,186.5,14,2611.0,0,522.2,3133.2
776,6,,,,Check-in temprano,137.57,12,1650.84,0,0,1650.84
777,7,,,,Desayuno,365.39,7,2557.73,0,0,2557.73
778,8,,,6,"",409.36,7,2865.52,0,573.104,3438.624
779,9,,,1,Restaurantes de especialidad,187.89,4,751.56,0,150.312,901.872
780,10,,,10,Lavandería,738.46,2,1476.92,0,295.384,1772.304
781,,496,,,Actividades y Tours,306.42,1,306.42,0,0,306.42
782,,739,,,"",491.28,6,2947.68,0,0,2947.68
783,3,,,,Servicio Room Service,342.06,6,2052.36,0,0,2052.36
784,,724,,10,Uso de Spa,643.59,10,6435.9,0,1287.18,7723.08
785,5,,,,Check-out tardío,630.46,6,3782.76,0,0,3782.76
786,6,,4,,Bar,460.74,7,3225.18,483.777,0,2741.403
787,7,,,2,Estacionamiento,124.89,13,1623.57,0,324.714,1948.284
788,,91,,6,Sauna,899.34,11,9892.74,0,1978.548,11871.288
789,,765,,4,"",774.3,2,1548.6,0,309.72,1858.32
790,10,,,,Estacionamiento,437.4,11,4811.4,0,0,4811.4
791,,899,8,6,Sauna,631.31,9,5681.79,852.2685,1136.358,5965.8795
792,,970,,7,Bar,591.25,12,7095.0,0,1419.0,8514.0
793,,876,,2,Sauna,12.95,5,64.75,0,12.95,77.7
794,4,,,,Alquiler de equipos,107.61,9,968.49,0,0,968.49
795,,763,,,Check-out tardío,7.62,15,114.3,0,0,114.3
796,6,,,6,Estadía noche,169.02,7,1183.14,0,236.628,1419.768
797,,577,,,Bar,430.92,13,5601.96,0,0,5601.96
798,,913,,,Estacionamiento,974.6,15,14619.0,0,0,14619.0
799,,635,,,Actividades y Tours,213.82,5,1069.1,0,0,1069.1
800,10,,,5,Alquiler de equipos,996.59,3,2989.77,0,597.954,3587.724
801,,495,,,Uso de gimnasio,701.3,11,7714.3,0,0,7714.3
802,2,,,10,Uso de gimnasio,148.54,11,1633.94,0,326.788,1960.728
803,,270,,,Actividades y Tours,357.7,15,5365.5,0,0,5365.5
804,,112,,10,Actividades y Tours,130.69,5,653.45,0,130.69,784.14
805,5,,9,4,Estacionamiento,528.13,11,5809.43,871.4145,1161.886,6099.9015
806,,105,,,Uso de Spa,500.97,12,6011.64,0,0,6011.64
807,,47,,,Check-in temprano,678.72,3,2036.16,0,0,2036.16
808,8,,,,Servicio Room Service,850.24,13,11053.12,0,0,11053.12
809,,906,,5,Actividades y Tours,350.91,8,2807.28,0,561.456,3368.736
810,10,,,,Traslados al aeropuerto,787.21,1,787.21,0,0,787.21
811,1,,,,Desayuno,457.11,10,4571.1,0,0,4571.1
812,,260,,,Lavandería,372.9,2,745.8,0,0,745.8
813,,338,,1,Check-out tardío,81.12,12,973.44,0,194.688,1168.128
814,4,,,,Actividades y Tours,430.52,8,3444.16,0,0,3444.16
815,5,,,,Estadía noche,820.17,7,5741.19,0,0,5741.19
816,,67,,,Uso de Spa,48.31,7,338.17,0,0,338.17
817,7,,2,,Estacionamiento,324.04,8,2592.32,388.848,0,2203.472
818,,65,,4,Cargos de limpieza extra,228.04,11,2508.44,0,501.688,3010.128
819,,849,1,4,Check-out tardío,833.02,11,9163.22,1374.483,1832.644,9621.381
820,,317,,,Uso de Spa,22.86,11,251.46,0,0,251.46
821,1,,,1,Lavandería,340.79,11,3748.69,0,749.738,4498.428
822,,165,,,Uso de gimnasio,992.83,5,4964.15,0,0,4964.15
823,3,,,6,"",664.48,2,1328.96,0,265.792,1594.752
824,4,,,7,Traslados al aeropuerto,851.21,12,10214.52,0,2042.904,12257.424
825,,122,,7,Cargos de limpieza extra,949.77,1,949.77,0,189.954,1139.724
826,,819,,,Uso de Spa,329.01,4,1316.04,0,0,1316.04
827,7,,,,Servicio Room Service,130.31,13,1694.03,0,0,1694.03
828,8,,,,Desayuno,966.41,7,6764.87,0,0,6764.87
829,,312,,,Check-in temprano,811.05,1,811.05,0,0,811.05
830,,123,,,Uso de Spa,389.52,14,5453.28,0,0,5453.28
831,1,,,6,Sauna,470.53,1,470.53,0,94.106,564.636
832,,731,,10,Traslados al aeropuerto,149.34,10,1493.4,0,298.68,1792.08
833,3,,,,Restaurantes de especialidad,466.55,2,933.1,0,0,933.1
834,4,,4,3,Uso de gimnasio,314.24,11,3456.64,518.496,691.328,3629.472
835,5,,,,Servicio Room Service,224.78,12,2697.36,0,0,2697.36
836,,652,,,Servicio Room Service,606.45,1,606.45,0,0,606.45
837,,476,,,Traslados al aeropuerto,312.29,12,3747.48,0,0,3747.48
838,,269,,,Traslados al aeropuerto,897.78,13,11671.14,0,0,11671.14
839,9,,1,7,Cargos de limpieza extra,891.52,2,1783.04,267.456,356.608,1872.192
840,10,,,,Actividades y Tours,794.51,15,11917.65,0,0,11917.65
841,,790,,,Sauna,839.67,15,12595.05,0,0,12595.05
842,,561,,1,Desayuno,335.88,1,335.88,0,67.176,403.056
843,,464,,,Desayuno,947.54,4,3790.16,0,0,3790.16
844,4,,8,,Restaurantes de especialidad,370.29,15,5554.35,833.1525,0,4721.1975
845,,851,,,Estadía noche,541.39,13,7038.07,0,0,7038.07
846,6,,,4,Bar,757.27,1,757.27,0,151.454,908.724
847,,863,,7,Uso de Spa,626.44,15,9396.6,0,1879.32,11275.92
848,8,,,,Estacionamiento,868.31,1,868.31,0,0,868.31
849,,580,,1,Estacionamiento,950.25,15,14253.75,0,2850.75,17104.5
850,,919,,,Servicio Room Service,320.75,14,4490.5,0,0,4490.5
851,,237,,,Actividades y Tours,579.96,4,2319.84,0,0,2319.84
852,2,,,7,"",746.83,5,3734.15,0,746.83,4480.98
853,,62,,,Check-in temprano,610.22,5,3051.1,0,0,3051.1
854,,27,,,Lavandería,473.62,1,473.62,0,0,473.62
855,,908,,6,Estadía noche,734.32,6,4405.92,0,881.184,5287.104
856,,436,,,Check-in temprano,953.67,7,6675.69,0,0,6675.69
857,,733,,,Desayuno,835.47,13,10861.11,0,0,10861.11
858,,839,,5,Uso de Spa,363.07,14,5082.98,0,1016.596,6099.576
859,9,,,,Sauna,948.76,6,5692.56,0,0,5692.56
860,10,,3,4,Desayuno,627.37,14,8783.18,1317.477,1756.636,9222.339
861,,806,,,Alquiler de equipos,90.36,6,542.16,0,0,542.16
862,,71,,2,Alquiler de equipos,869.17,5,4345.85,0,869.17,5215.02
863,,386,,,Lavandería,357.3,2,714.6,0,0,714.6
864,,799,2,8,Uso de gimnasio,52.03,8,416.24,62.436,83.248,437.052
865,5,,,9,"",14.92,4,59.68,0,11.936,71.616
866,,880,,8,Bar,30.57,12,366.84,0,73.368,440.208
867,7,,,9,Estadía noche,170.76,6,1024.56,0,204.912,1229.472
868,,173,,,"",47.86,3,143.58,0,0,143.58
869,,155,,,Cargos de limpieza extra,386.77,12,4641.24,0,0,4641.24
870,,662,,,Alquiler de equipos,153.86,5,769.3,0,0,769.3
871,,389,,,Cargos de limpieza extra,851.28,5,4256.4,0,0,4256.4
872,,390,,1,Check-out tardío,791.08,1,791.08,0,158.216,949.296
873,3,,,,Sauna,386.07,8,3088.56,0,0,3088.56
874,,748,,,Servicio Room Service,427.24,10,4272.4,0,0,4272.4
875,,904,,,Cargos de limpieza extra,766.78,6,4600.68,0,0,4600.68
876,,456,,,Alquiler de equipos,161.73,7,1132.11,0,0,1132.11
877,,700,,,Lavandería,830.29,2,1660.58,0,0,1660.58
878,8,,,,Restaurantes de especialidad,931.33,15,13969.95,0,0,13969.95
879,,37,,,Uso de Spa,112.89,4,451.56,0,0,451.56
880,10,,,,Uso de Spa,490.19,6,2941.14,0,0,2941.14
881,1,,,,Estadía noche,716.72,7,5017.04,0,0,5017.04
882,2,,,9,Uso de gimnasio,409.2,3,1227.6,0,245.52,1473.12
883,,156,,7,Sauna,6.16,15,92.4,0,18.48,110.88
884,4,,,6,Actividades y Tours,532.35,11,5855.85,0,1171.17,7027.02
885,,31,,,"",819.94,9,7379.46,0,0,7379.46
886,6,,,,Cargos de limpieza extra,378.15,3,1134.45,0,0,1134.45
887,,395,,5,Sauna,276.25,14,3867.5,0,773.5,4641.0
888,,641,,,Cargos de limpieza extra,611.23,1,611.23,0,0,611.23
889,9,,,,Servicio Room Service,429.64,6,2577.84,0,0,2577.84
890,10,,,8,Traslados al aeropuerto,97.24,8,777.92,0,155.584,933.504
891,,684,,,Traslados al aeropuerto,21.96,1,21.96,0,0,21.96
892,2,,,,Lavandería,935.72,7,6550.04,0,0,6550.04
893,,304,,,"",17.02,8,136.16,0,0,136.16
894,4,,,,Estadía noche,579.58,12,6954.96,0,0,6954.96
895,,46,,3,Alquiler de equipos,401.47,2,802.94,0,160.588,963.528
896,6,,,2,Uso de Spa,161.4,12,1936.8,0,387.36,2324.16
897,,810,,,Uso de gimnasio,746.56,7,5225.92,0,0,5225.92
898,8,,,,Sauna,446.68,1,446.68,0,0,446.68
899,,560,,5,Restaurantes de especialidad,109.52,7,766.64,0,153.328,919.968
900,10,,,,Check-in temprano,41.22,4,164.88,0,0,164.88
901,1,,,2,Check-in temprano,821.92,6,4931.52,0,986.304,5917.824
902,,875,,,Actividades y Tours,381.28,9,3431.52,0,0,3431.52
903,3,,,2,Check-in temprano,197.6,3,592.8,0,118.56,711.36
904,4,,,,Bar,146.99,12,1763.88,0,0,1763.88
905,5,,7,,Check-out tardío,826.97,4,3307.88,496.182,0,2811.698
906,,133,1,,Estadía noche,463.53,9,4171.77,625.7655,0,3546.0045
907,,251,8,,Desayuno,33.58,2,67.16,10.074,0,57.086
908,,853,,,"",495.46,1,495.46,0,0,495.46
909,9,,9,7,Traslados al aeropuerto,327.5,9,2947.5,442.125,589.5,3094.875
910,,185,,7,Actividades y Tours,114.04,8,912.32,0,182.464,1094.784
911,,179,,,"",427.42,9,3846.78,0,0,3846.78
912,2,,,,Desayuno,560.0,14,7840.0,0,0,7840.0
913,3,,,,Uso de gimnasio,870.16,3,2610.48,0,0,2610.48
914,4,,4,,Desayuno,937.34,9,8436.06,1265.409,0,7170.651
915,,923,,,Traslados al aeropuerto,280.26,5,1401.3,0,0,1401.3
916,6,,,9,Restaurantes de especialidad,381.2,7,2668.4,0,533.68,3202.08
917,7,,,1,Traslados al aeropuerto,363.22,12,4358.64,0,871.728,5230.368
918,,351,,,Traslados al aeropuerto,983.98,9,8855.82,0,0,8855.82
919,9,,,,Traslados al aeropuerto,739.89,5,3699.45,0,0,3699.45
920,,485,,1,Estacionamiento,359.67,6,2158.02,0,431.604,2589.624
921,,95,,,Restaurantes de especialidad,152.23,8,1217.84,0,0,1217.84
922,,898,8,10,Servicio Room Service,317.79,11,3495.69,524.3535,699.138,3670.4745
923,,446,,,Check-in temprano,813.55,6,4881.3,0,0,4881.3
924,4,,,8,Estacionamiento,544.49,12,6533.88,0,1306.776,7840.656
925,,854,,,Bar,781.87,15,11728.05,0,0,11728.05
926,,730,3,2,Estacionamiento,463.03,10,4630.3,694.545,926.06,4861.815
927,7,,,,Uso de gimnasio,533.26,4,2133.04,0,0,2133.04
928,,366,,10,Bar,775.2,15,11628.0,0,2325.6,13953.6
929,9,,10,,"",103.88,9,934.92,140.238,0,794.682
930,,904,,3,Bar,527.38,10,5273.8,0,1054.76,6328.56
931,,468,9,,Uso de Spa,969.46,3,2908.38,436.257,0,2472.123
932,2,,,1,Lavandería,688.33,4,2753.32,0,550.664,3303.984
933,,139,,,Servicio Room Service,524.82,11,5773.02,0,0,5773.02
934,,437,,9,Desayuno,336.55,5,1682.75,0,336.55,2019.3
935,5,,8,10,Uso de gimnasio,582.17,9,5239.53,785.9295,1047.906,5501.5065
936,6,,,,Alquiler de equipos,578.66,10,5786.6,0,0,5786.6
937,,626,,,Check-out tardío,567.76,10,5677.6,0,0,5677.6
938,8,,6,,Traslados al aeropuerto,114.33,6,685.98,102.897,0,583.083
939,,422,,10,Desayuno,831.43,1,831.43,0,166.286,997.716
940,,469,,,Bar,254.34,15,3815.1,0,0,3815.1
941,,734,,,Cargos de limpieza extra,550.52,11,6055.72,0,0,6055.72
942,2,,,6,"",63.44,7,444.08,0,88.816,532.896
943,,865,,,Restaurantes de especialidad,939.73,12,11276.76,0,0,11276.76
944,4,,,,Estacionamiento,734.36,5,3671.8,0,0,3671.8
945,,498,,7,Uso de gimnasio,461.25,7,3228.75,0,645.75,3874.5
946,6,,,4,Bar,963.05,9,8667.45,0,1733.49,10400.94
947,7,,,,Actividades y Tours,932.51,12,11190.12,0,0,11190.12
948,8,,2,,Traslados al aeropuerto,120.69,7,844.83,126.7245,0,718.1055
949,,157,,,Check-in temprano,325.18,8,2601.44,0,0,2601.44
950,,534,,,Sauna,830.65,3,2491.95,0,0,2491.95
951,,857,,5,Desayuno,828.66,12,9943.92,0,1988.784,11932.704
952,,452,,4,Estadía noche,893.05,8,7144.4,0,1428.88,8573.28
953,3,,,2,Estadía noche,136.3,11,1499.3,0,299.86,1799.16
954,4,,,10,Bar,42.44,15,636.6,0,127.32,763.92
955,,185,,,Lavandería,252.69,6,1516.14,0,0,1516.14
956,,219,2,,Bar,155.72,7,1090.04,163.506,0,926.534
957,7,,7,,Uso de Spa,95.39,6,572.34,85.851,0,486.489
958,8,,9,,Alquiler de equipos,964.3,7,6750.1,1012.515,0,5737.585
959,9,,,6,Lavandería,968.42,13,12589.46,0,2517.892,15107.352
960,10,,,3,Uso de gimnasio,648.73,9,5838.57,0,1167.714,7006.284
961,,591,2,,Servicio Room Service,635.96,8,5087.68,763.152,0,4324.528
962,,565,,3,Restaurantes de especialidad,399.91,5,1999.55,0,399.91,2399.46
963,3,,,,Uso de gimnasio,874.49,9,7870.41,0,0,7870.41
964,,22,,7,Restaurantes de especialidad,739.99,13,9619.87,0,1923.974,11543.844
965,,805,,,Lavandería,233.62,5,1168.1,0,0,1168.1
966,6,,,5,Desayuno,187.5,5,937.5,0,187.5,1125.0
967,7,,7,,Alquiler de equipos,807.68,9,7269.12,1090.368,0,6178.752
968,8,,,5,Cargos de limpieza extra,214.35,12,2572.2,0,514.44,3086.64
969,9,,,,Traslados al aeropuerto,529.6,5,2648.0,0,0,2648.0
970,10,,5,2,Restaurantes de especialidad,719.18,9,6472.62,970.893,1294.524,6796.251
971,1,,,,Sauna,894.81,7,6263.67,0,0,6263.67
972,2,,,,Sauna,106.18,9,955.62,0,0,955.62
973,3,,,,"",580.47,12,6965.64,0,0,6965.64
974,,557,,,Check-in temprano,52.95,10,529.5,0,0,529.5
975,5,,,,Estadía noche,493.91,4,1975.64,0,0,1975.64
976,,502,,,Check-out tardío,663.18,7,4642.26,0,0,4642.26
977,,280,3,2,Uso de Spa,243.8,10,2438.0,365.7,487.6,2559.9
978,,630,,,Bar,238.58,8,1908.64,0,0,1908.64
979,9,,,,Check-out tardío,116.47,8,931.76,0,0,931.76
980,,408,,,Bar,15.1,5,75.5,0,0,75.5
981,1,,,3,Estadía noche,839.94,11,9239.34,0,1847.868,11087.208
982,,657,,,Alquiler de equipos,676.25,12,8115.0,0,0,8115.0
983,3,,,,Servicio Room Service,620.3,6,3721.8,0,0,3721.8
984,4,,,2,Desayuno,636.49,14,8910.86,0,1782.172,10693.032
985,,204,,,Lavandería,847.63,2,1695.26,0,0,1695.26
986,,780,,,Cargos de limpieza extra,420.38,4,1681.52,0,0,1681.52
987,,894,,1,Check-in temprano,795.26,9,7157.34,0,1431.468,8588.808
988,,13,,,Estadía noche,513.92,8,4111.36,0,0,4111.36
989,9,,8,2,Lavandería,313.27,11,3445.97,516.8955,689.194,3618.2685
990,,580,1,3,Uso de gimnasio,617.01,12,7404.12,1110.618,1480.824,7774.326
991,,254,,,Actividades y Tours,594.39,6,3566.34,0,0,3566.34
992,2,,,9,Uso de Spa,607.8,2,1215.6,0,243.12,1458.72
993,,198,,9,Sauna,86.66,2,173.32,0,34.664,207.984
994,4,,,,Lavandería,928.07,12,11136.84,0,0,11136.84
995,,166,,,Bar,248.87,7,1742.09,0,0,1742.09
996,6,,,10,Check-in temprano,183.96,1,183.96,0,36.792,220.752
997,7,,,9,Uso de Spa,19.39,12,232.68,0,46.536,279.216
998,8,,,9,Estadía noche,301.83,14,4225.62,0,845.124,5070.744
999,,191,,7,Uso de Spa,691.48,6,4148.88,0,829.776,4978.656
1000,,524,,,Estadía noche,415.83,6,2494.98,0,0,2494.98
