id_empleado,id_huesped,id_estadia,fecha,metodo_pago,total_a_pagar
1,1,1,2025-02-08 00:42:41,TARJETA,1707.03
2,2,2,2026-01-29 12:48:00,PAYPAL,2645.08
3,3,3,2026-08-05 19:55:28,EFECTIVO,2017.26
4,4,4,2026-12-25 17:40:22,TRANSFERENCIA,1517.95
5,5,5,2026-06-19 06:04:04,PAYPAL,1050.47
6,6,6,2026-09-09 01:23:14,TRANSFERENCIA,693.0
7,7,7,2025-03-18 11:19:32,TRANSFERENCIA,2099.37
8,8,8,2026-02-01 12:20:51,BITCOIN,45.49
9,9,9,2025-03-17 16:58:13,PAYPAL,1302.05
10,10,10,2025-12-06 19:59:46,TARJETA,2053.35
11,11,11,2026-08-24 04:02:44,PAYPAL,2483.54
12,12,12,2025-03-07 16:20:13,TRANSFERENCIA,2608.28
13,13,13,2026-08-05 16:03:10,TARJETA,2782.04
14,14,14,2026-09-02 20:43:15,EFECTIVO,131.95
15,15,15,2026-05-31 17:29:40,EFECTIVO,512.24
16,16,16,2025-10-02 07:42:09,TARJETA,1551.25
17,17,17,2025-06-30 02:57:47,PAYPAL,1820.41
18,18,18,2026-11-22 01:36:25,TRANSFERENCIA,1927.65
19,19,19,2025-09-28 15:00:19,PAYPAL,1340.18
20,20,20,2026-06-17 10:19:41,BITCOIN,364.98
21,21,21,2026-02-13 15:52:36,TRANSFERENCIA,201.54
22,22,22,2025-06-23 18:11:06,EFECTIVO,411.35
23,23,23,2025-07-07 02:10:25,TARJETA,2774.19
24,24,24,2025-06-26 01:16:04,BITCOIN,783.35
25,25,25,2025-10-02 13:04:44,TRANSFERENCIA,1326.45
26,26,26,2026-03-22 13:13:53,BITCOIN,2440.31
27,27,27,2025-01-19 01:57:33,TRANSFERENCIA,1769.48
28,28,28,2026-04-25 11:08:13,PAYPAL,1962.62
29,29,29,2025-02-26 19:47:43,PAYPAL,2828.88
30,30,30,2025-08-21 13:42:24,BITCOIN,596.3
31,31,31,2025-03-05 23:33:40,PAYPAL,1209.79
32,32,32,2026-03-10 19:26:45,TARJETA,1845.5
33,33,33,2026-06-21 20:34:30,BITCOIN,1739.99
34,34,34,2026-06-12 19:16:10,TARJETA,571.18
35,35,35,2026-05-31 10:14:13,TARJETA,2142.72
36,36,36,2025-09-30 08:00:04,TARJETA,2981.03
37,37,37,2026-03-04 13:48:23,PAYPAL,568.35
38,38,38,2026-03-12 00:21:05,BITCOIN,1612.6
39,39,39,2025-05-01 17:17:05,BITCOIN,2389.87
40,40,40,2026-03-04 15:35:45,PAYPAL,1905.73
41,41,41,2025-12-25 07:26:22,BITCOIN,986.54
42,42,42,2026-06-19 06:39:27,PAYPAL,533.77
43,43,43,2025-03-29 08:13:36,EFECTIVO,1108.57
44,44,44,2026-06-20 00:02:06,TARJETA,2411.61
45,45,45,2026-06-06 03:39:03,TRANSFERENCIA,149.15
46,46,46,2025-06-02 09:41:49,BITCOIN,2450.14
47,47,47,2025-09-26 03:05:59,TRANSFERENCIA,662.65
48,48,48,2025-01-01 15:44:47,TARJETA,2691.6
49,49,49,2025-06-05 09:55:44,TARJETA,2977.07
50,50,50,2025-12-16 23:52:22,PAYPAL,1005.5
51,51,51,2025-12-01 11:10:24,TARJETA,482.6
52,52,52,2025-05-31 07:51:27,PAYPAL,2029.6
53,53,53,2026-05-13 22:35:22,PAYPAL,945.16
54,54,54,2026-10-07 02:48:58,PAYPAL,1932.69
55,55,55,2026-09-19 02:51:30,TRANSFERENCIA,97.9
56,56,56,2025-06-05 04:53:07,TRANSFERENCIA,419.89
57,57,57,2026-08-01 19:10:04,TRANSFERENCIA,498.32
58,58,58,2025-12-03 07:26:57,TARJETA,1227.65
59,59,59,2025-03-15 09:01:36,TARJETA,643.0
60,60,60,2026-10-15 09:44:31,TARJETA,1887.36
61,61,61,2026-06-04 10:59:04,EFECTIVO,2890.82
62,62,62,2026-03-23 08:04:05,EFECTIVO,1944.21
63,63,63,2025-02-08 23:43:37,BITCOIN,614.85
64,64,64,2025-11-15 08:34:39,TARJETA,883.59
65,65,65,2025-03-11 23:54:07,EFECTIVO,1264.36
66,66,66,2025-11-19 15:51:35,TRANSFERENCIA,2661.52
67,67,67,2026-06-06 00:06:48,PAYPAL,2188.31
68,68,68,2026-07-10 22:01:22,TRANSFERENCIA,396.46
69,69,69,2026-09-05 06:08:29,PAYPAL,1712.65
70,70,70,2026-05-14 00:46:55,BITCOIN,1338.78
71,71,71,2025-08-24 00:03:41,EFECTIVO,1285.57
72,72,72,2026-01-30 06:31:02,EFECTIVO,1788.91
73,73,73,2025-10-10 11:47:54,TRANSFERENCIA,2185.8
74,74,74,2026-01-11 13:39:02,PAYPAL,2154.19
75,75,75,2025-08-20 00:15:14,EFECTIVO,552.42
76,76,76,2026-03-05 22:58:39,EFECTIVO,2957.43
77,77,77,2025-07-09 18:29:45,TRANSFERENCIA,1884.88
78,78,78,2025-05-11 21:32:39,PAYPAL,430.05
79,79,79,2026-03-15 02:54:02,EFECTIVO,2022.73
80,80,80,2025-08-14 19:58:22,PAYPAL,89.6
81,81,81,2026-02-21 01:41:01,PAYPAL,1067.9
82,82,82,2025-06-03 11:57:57,PAYPAL,586.48
83,83,83,2026-05-10 01:55:06,BITCOIN,1876.5
84,84,84,2026-09-23 17:22:52,TARJETA,1043.77
85,85,85,2025-06-25 02:03:09,TARJETA,324.91
86,86,86,2025-06-05 22:06:56,PAYPAL,1480.92
87,87,87,2026-12-28 11:04:34,PAYPAL,2016.74
88,88,88,2026-04-15 03:30:41,EFECTIVO,2511.05
89,89,89,2025-07-15 04:31:07,BITCOIN,110.23
90,90,90,2025-07-24 15:36:03,PAYPAL,651.4
91,91,91,2025-11-25 21:22:03,PAYPAL,2540.94
92,92,92,2025-12-09 08:43:06,PAYPAL,989.78
93,93,93,2025-12-21 19:32:39,TARJETA,869.87
94,94,94,2025-01-07 13:03:16,PAYPAL,2415.2
95,95,95,2025-12-18 04:10:04,TRANSFERENCIA,1789.95
96,96,96,2025-03-23 21:36:00,EFECTIVO,921.13
97,97,97,2025-09-30 06:32:53,TRANSFERENCIA,148.61
98,98,98,2025-04-04 17:52:52,BITCOIN,289.32
99,99,99,2025-01-30 07:39:46,PAYPAL,814.18
100,100,100,2026-09-16 04:14:54,TARJETA,498.62
101,101,101,2026-06-19 05:45:55,EFECTIVO,2324.65
102,102,102,2026-12-30 15:07:17,EFECTIVO,1608.84
103,103,103,2026-06-13 14:07:46,PAYPAL,1981.08
104,104,104,2026-08-29 09:05:48,EFECTIVO,1540.96
105,105,105,2025-06-19 03:01:57,PAYPAL,1443.95
106,106,106,2025-03-27 08:18:12,PAYPAL,752.29
107,107,107,2025-11-23 03:42:44,TRANSFERENCIA,911.22
108,108,108,2026-12-14 08:53:14,TARJETA,45.84
109,109,109,2025-12-02 00:24:55,TARJETA,2210.68
110,110,110,2025-06-20 10:43:15,TRANSFERENCIA,1321.85
111,111,111,2026-04-30 13:22:09,BITCOIN,2069.69
112,112,112,2025-09-12 22:44:20,EFECTIVO,1696.71
113,113,113,2025-01-03 02:26:54,TARJETA,2238.42
114,114,114,2025-10-10 19:38:43,BITCOIN,2412.58
115,115,115,2026-12-09 13:18:09,TARJETA,435.29
116,116,116,2025-08-30 09:15:57,TARJETA,931.02
117,117,117,2026-05-12 18:35:11,TRANSFERENCIA,786.39
118,118,118,2026-07-12 19:58:12,EFECTIVO,2055.8
119,119,119,2025-04-10 22:57:18,EFECTIVO,1341.42
120,120,120,2025-05-05 06:05:15,EFECTIVO,1821.94
121,121,121,2025-06-08 17:27:44,PAYPAL,2946.81
122,122,122,2026-11-26 03:17:28,TRANSFERENCIA,2282.05
123,123,123,2025-07-25 16:02:39,TARJETA,2042.95
124,124,124,2025-04-25 23:14:31,EFECTIVO,1388.75
125,125,125,2025-01-12 18:04:09,PAYPAL,2665.16
126,126,126,2025-11-21 03:29:49,TARJETA,2279.84
127,127,127,2026-12-06 11:41:25,BITCOIN,2429.66
128,128,128,2025-10-29 14:05:56,TRANSFERENCIA,207.9
129,129,129,2026-12-17 22:02:31,PAYPAL,1206.3
130,130,130,2026-04-22 12:10:45,BITCOIN,2304.82
131,131,131,2026-01-10 03:10:38,BITCOIN,2910.27
132,132,132,2026-01-15 09:10:10,PAYPAL,1365.42
133,133,133,2026-03-25 00:10:17,TARJETA,1625.44
134,134,134,2026-10-03 04:27:53,PAYPAL,286.09
135,135,135,2026-07-20 05:41:30,PAYPAL,1427.4
136,136,136,2026-09-12 23:17:24,EFECTIVO,2520.52
137,137,137,2025-12-11 16:34:17,TARJETA,2928.06
138,138,138,2026-07-28 22:43:52,PAYPAL,1563.67
139,139,139,2026-03-28 08:04:23,BITCOIN,1481.5
140,140,140,2025-05-16 00:47:52,PAYPAL,2211.9
141,141,141,2026-03-28 21:57:21,BITCOIN,90.74
142,142,142,2025-02-21 11:49:15,TRANSFERENCIA,2265.6
143,143,143,2026-12-15 19:55:14,EFECTIVO,72.01
144,144,144,2025-10-22 05:01:14,EFECTIVO,781.13
145,145,145,2026-12-05 22:28:26,PAYPAL,1488.16
146,146,146,2026-12-08 19:41:18,TARJETA,1954.32
147,147,147,2025-01-26 20:22:12,EFECTIVO,2243.53
148,148,148,2026-12-11 07:34:59,EFECTIVO,1740.13
149,149,149,2025-10-18 15:11:25,EFECTIVO,1066.9
150,150,150,2026-02-28 06:34:42,PAYPAL,2113.47
151,151,151,2026-07-05 17:38:30,TRANSFERENCIA,2890.96
152,152,152,2026-11-23 05:54:36,PAYPAL,443.27
153,153,153,2025-03-20 03:14:33,EFECTIVO,2280.36
154,154,154,2025-08-21 00:13:01,PAYPAL,2341.44
155,155,155,2025-05-26 07:09:20,PAYPAL,2928.25
156,156,156,2026-11-12 16:32:30,PAYPAL,243.78
157,157,157,2026-03-11 10:11:12,EFECTIVO,86.92
158,158,158,2026-10-24 02:51:17,TARJETA,2651.4
159,159,159,2025-03-08 17:17:10,EFECTIVO,782.17
160,160,160,2025-05-11 01:19:12,BITCOIN,924.91
161,161,161,2025-07-19 18:38:22,EFECTIVO,1303.42
162,162,162,2026-08-29 13:18:49,EFECTIVO,1732.75
163,163,163,2025-10-01 07:34:30,BITCOIN,2398.27
164,164,164,2026-03-27 19:50:32,TRANSFERENCIA,958.2
165,165,165,2026-08-15 05:05:09,EFECTIVO,2815.69
166,166,166,2025-03-02 02:29:40,EFECTIVO,992.96
167,167,167,2025-01-18 14:43:02,EFECTIVO,1646.52
168,168,168,2026-03-13 23:35:59,EFECTIVO,2200.07
169,169,169,2025-03-29 01:41:03,PAYPAL,2284.13
170,170,170,2026-03-22 13:16:50,EFECTIVO,2093.56
171,171,171,2026-05-29 23:54:22,TRANSFERENCIA,2416.85
172,172,172,2025-12-02 22:26:29,TRANSFERENCIA,2131.42
173,173,173,2026-07-19 06:10:00,PAYPAL,1574.35
174,174,174,2026-01-06 07:21:52,PAYPAL,979.79
175,175,175,2025-12-26 06:17:30,TRANSFERENCIA,2584.66
176,176,176,2026-01-13 04:23:26,TRANSFERENCIA,1223.28
177,177,177,2026-05-21 10:10:11,PAYPAL,1265.64
178,178,178,2025-02-28 01:24:36,BITCOIN,351.94
179,179,179,2025-06-17 23:31:53,BITCOIN,1257.01
180,180,180,2026-05-13 03:12:36,EFECTIVO,2509.27
181,181,181,2025-10-31 08:41:43,BITCOIN,331.2
182,182,182,2026-08-13 15:09:25,EFECTIVO,302.49
183,183,183,2026-12-09 23:23:01,BITCOIN,506.61
184,184,184,2025-02-11 22:38:37,BITCOIN,557.05
185,185,185,2025-04-18 07:49:46,TARJETA,2562.75
186,186,186,2026-05-31 07:12:46,BITCOIN,2707.8
187,187,187,2025-07-28 22:23:56,TRANSFERENCIA,1533.89
188,188,188,2025-12-09 22:26:59,BITCOIN,2956.95
189,189,189,2025-07-08 01:06:30,PAYPAL,2791.62
190,190,190,2025-10-14 19:54:11,PAYPAL,991.88
191,191,191,2025-06-15 10:06:25,BITCOIN,2645.55
192,192,192,2026-12-11 12:55:41,EFECTIVO,333.03
193,193,193,2026-10-13 22:41:11,PAYPAL,2542.17
194,194,194,2026-12-27 02:33:12,TARJETA,1969.91
195,195,195,2026-11-14 08:24:33,TARJETA,1189.13
196,196,196,2025-09-05 09:24:53,EFECTIVO,1567.94
197,197,197,2025-10-16 19:20:01,TRANSFERENCIA,368.78
198,198,198,2026-03-19 08:22:23,TRANSFERENCIA,1752.81
199,199,199,2026-09-05 17:31:57,TRANSFERENCIA,545.45
200,200,200,2026-09-27 00:10:11,PAYPAL,1261.18
201,201,201,2026-09-27 10:31:00,BITCOIN,765.46
202,202,202,2026-01-10 20:37:44,TRANSFERENCIA,1972.33
203,203,203,2026-07-29 14:56:47,PAYPAL,641.94
204,204,204,2025-04-01 05:03:57,PAYPAL,2365.66
205,205,205,2025-08-02 14:40:12,TRANSFERENCIA,181.64
206,206,206,2025-07-21 10:02:29,EFECTIVO,1264.17
207,207,207,2026-11-30 06:04:11,TRANSFERENCIA,2238.53
208,208,208,2025-07-10 16:42:16,BITCOIN,2951.45
209,209,209,2026-08-14 19:35:49,PAYPAL,1634.74
210,210,210,2026-01-22 15:33:12,EFECTIVO,1524.21
211,211,211,2026-08-20 03:17:47,TARJETA,2885.52
212,212,212,2025-11-09 15:40:55,TRANSFERENCIA,2226.94
213,213,213,2026-11-28 22:58:53,TARJETA,2060.95
214,214,214,2025-08-05 00:18:07,PAYPAL,136.52
215,215,215,2025-06-27 13:58:57,TARJETA,1650.77
216,216,216,2026-11-14 10:12:55,TRANSFERENCIA,866.09
217,217,217,2025-07-20 23:25:02,TRANSFERENCIA,1982.28
218,218,218,2025-04-17 19:14:29,BITCOIN,2241.93
219,219,219,2026-12-23 11:24:12,TRANSFERENCIA,2509.79
220,220,220,2025-01-10 15:42:26,BITCOIN,108.51
221,221,221,2025-04-24 14:23:28,EFECTIVO,1148.48
222,222,222,2026-11-23 19:08:41,EFECTIVO,1450.41
223,223,223,2026-09-27 02:06:37,BITCOIN,366.19
224,224,224,2025-11-08 01:51:46,TARJETA,73.94
225,225,225,2025-06-25 02:16:54,TARJETA,785.56
226,226,226,2025-06-22 20:06:44,TARJETA,2930.82
227,227,227,2025-12-27 09:31:32,BITCOIN,2636.2
228,228,228,2025-02-24 16:46:45,PAYPAL,1854.48
229,229,229,2026-08-26 04:16:20,EFECTIVO,2009.98
230,230,230,2025-03-14 08:54:15,TARJETA,824.04
231,231,231,2025-08-09 09:55:51,EFECTIVO,122.65
232,232,232,2026-08-01 13:32:15,TARJETA,2452.59
233,233,233,2026-03-07 23:36:29,TRANSFERENCIA,1570.6
234,234,234,2026-06-23 17:18:28,EFECTIVO,2122.07
235,235,235,2025-07-06 06:08:00,TARJETA,1225.49
236,236,236,2025-10-08 07:42:30,PAYPAL,2214.73
237,237,237,2026-06-24 15:12:37,BITCOIN,2164.47
238,238,238,2026-12-09 23:55:46,PAYPAL,354.22
239,239,239,2026-05-13 21:26:09,BITCOIN,2590.72
240,240,240,2026-03-17 20:11:08,EFECTIVO,2874.21
241,241,241,2025-05-14 12:00:24,PAYPAL,718.04
242,242,242,2026-08-29 10:52:28,TARJETA,2781.83
243,243,243,2025-11-09 18:14:24,PAYPAL,1517.17
244,244,244,2026-03-07 20:46:11,BITCOIN,854.1
245,245,245,2025-12-09 23:22:10,TRANSFERENCIA,464.67
246,246,246,2026-06-21 13:30:34,PAYPAL,1488.89
247,247,247,2025-03-28 20:08:43,EFECTIVO,1408.87
248,248,248,2025-11-07 10:02:48,BITCOIN,2804.71
249,249,249,2025-10-05 18:17:21,EFECTIVO,572.07
250,250,250,2025-10-18 01:36:27,PAYPAL,162.13
251,251,251,2026-06-13 23:36:10,PAYPAL,174.53
252,252,252,2026-01-22 05:07:25,EFECTIVO,2979.99
253,253,253,2026-02-16 07:36:31,TARJETA,824.37
254,254,254,2026-08-21 12:24:06,PAYPAL,1323.37
255,255,255,2025-07-03 07:32:04,EFECTIVO,988.65
256,256,256,2025-02-12 12:01:07,BITCOIN,376.53
257,257,257,2026-03-25 08:13:54,TRANSFERENCIA,1718.06
258,258,258,2025-02-17 16:49:29,TRANSFERENCIA,156.43
259,259,259,2026-12-26 11:14:46,PAYPAL,2642.9
260,260,260,2026-07-10 06:03:28,TRANSFERENCIA,46.1
261,261,261,2025-09-17 10:41:09,PAYPAL,1464.75
262,262,262,2025-08-28 12:23:45,PAYPAL,47.49
263,263,263,2025-06-14 07:01:05,TARJETA,617.5
264,264,264,2026-11-21 00:31:26,EFECTIVO,342.72
265,265,265,2026-08-19 04:53:30,TARJETA,624.81
266,266,266,2025-12-30 13:13:15,EFECTIVO,969.03
267,267,267,2026-01-07 12:56:47,TARJETA,1258.3
268,268,268,2026-05-05 11:50:10,TARJETA,134.94
269,269,269,2026-06-10 12:03:16,TRANSFERENCIA,2517.78
270,270,270,2026-10-17 04:14:59,PAYPAL,666.64
271,271,271,2025-09-21 00:13:06,PAYPAL,2547.75
272,272,272,2025-11-13 00:52:19,TRANSFERENCIA,936.61
273,273,273,2025-03-01 08:23:20,BITCOIN,1047.74
274,274,274,2026-07-14 21:34:11,EFECTIVO,2392.17
275,275,275,2026-01-09 06:05:54,PAYPAL,2100.73
276,276,276,2026-02-11 15:45:57,TARJETA,1842.02
277,277,277,2026-05-12 21:21:01,PAYPAL,705.72
278,278,278,2025-01-06 11:40:40,TRANSFERENCIA,1608.22
279,279,279,2026-11-21 20:23:35,TRANSFERENCIA,717.2
280,280,280,2025-08-18 04:28:50,EFECTIVO,158.08
281,281,281,2025-12-01 16:37:51,TRANSFERENCIA,2207.25
282,282,282,2025-11-27 20:25:28,EFECTIVO,1057.4
283,283,283,2026-08-13 23:36:10,TARJETA,2025.29
284,284,284,2026-03-12 19:37:41,EFECTIVO,1281.27
285,285,285,2026-09-29 03:01:34,TARJETA,49.45
286,286,286,2025-02-11 20:08:16,TRANSFERENCIA,1002.32
287,287,287,2025-04-06 23:35:55,TRANSFERENCIA,171.53
288,288,288,2025-10-26 20:11:05,PAYPAL,1669.39
289,289,289,2025-09-02 02:41:43,TARJETA,1664.89
290,290,290,2025-11-25 18:29:48,EFECTIVO,2770.98
291,291,291,2026-10-14 13:42:34,TRANSFERENCIA,2828.06
292,292,292,2026-11-14 02:03:05,PAYPAL,340.48
293,293,293,2026-01-27 18:45:26,BITCOIN,2057.56
294,294,294,2026-10-31 19:46:03,PAYPAL,1356.2
295,295,295,2026-03-15 13:14:46,PAYPAL,2183.37
296,296,296,2025-11-16 05:51:49,TARJETA,1032.59
297,297,297,2026-12-25 01:49:02,TRANSFERENCIA,1757.63
298,298,298,2025-07-12 10:24:33,TRANSFERENCIA,1010.59
299,299,299,2025-10-14 11:09:26,PAYPAL,2788.73
300,300,300,2026-08-09 22:24:09,BITCOIN,1083.8
301,301,301,2025-03-30 05:23:32,BITCOIN,390.17
302,302,302,2025-08-25 13:59:58,PAYPAL,1078.95
303,303,303,2025-05-15 13:59:43,BITCOIN,1027.69
304,304,304,2025-10-15 23:14:42,BITCOIN,736.27
305,305,305,2025-11-19 06:43:21,BITCOIN,1468.68
306,306,306,2025-09-27 03:54:36,EFECTIVO,1266.1
307,307,307,2026-10-30 13:06:32,TARJETA,1646.79
308,308,308,2026-11-20 07:10:21,TARJETA,2016.64
309,309,309,2025-09-07 16:51:05,TRANSFERENCIA,2595.91
310,310,310,2025-01-16 18:27:14,EFECTIVO,1627.17
311,311,311,2026-01-26 10:55:37,BITCOIN,2298.2
312,312,312,2026-04-04 15:22:19,BITCOIN,2105.23
313,313,313,2025-06-24 00:51:36,TARJETA,2245.87
314,314,314,2025-07-01 05:49:23,PAYPAL,1933.72
315,315,315,2026-05-28 17:05:42,TARJETA,2622.01
316,316,316,2025-09-29 21:44:16,TARJETA,1731.89
317,317,317,2025-08-08 10:14:40,BITCOIN,274.69
318,318,318,2026-11-23 01:26:49,TRANSFERENCIA,2588.71
319,319,319,2026-06-24 08:40:05,TARJETA,63.75
320,320,320,2026-03-26 19:57:46,TARJETA,61.94
321,321,321,2025-05-11 03:29:51,PAYPAL,2873.49
322,322,322,2025-02-17 16:30:45,TARJETA,390.27
323,323,323,2026-02-03 15:42:05,TARJETA,1108.79
324,324,324,2026-08-05 06:21:58,PAYPAL,1753.98
325,325,325,2026-07-01 00:28:58,TARJETA,1554.16
326,326,326,2026-01-20 08:03:54,TARJETA,2427.16
327,327,327,2026-03-26 00:05:03,EFECTIVO,2347.3
328,328,328,2026-03-04 08:22:28,TARJETA,1598.82
329,329,329,2026-07-09 02:01:53,EFECTIVO,2854.17
330,330,330,2026-03-07 06:30:37,TRANSFERENCIA,1903.88
331,331,331,2025-11-28 04:05:39,BITCOIN,2921.33
332,332,332,2026-08-07 22:09:21,TRANSFERENCIA,1588.3
333,333,333,2025-10-07 09:24:20,EFECTIVO,1079.66
334,334,334,2025-08-06 18:52:53,TRANSFERENCIA,1809.47
335,335,335,2026-08-18 07:38:56,TARJETA,1980.69
336,336,336,2025-08-13 11:07:44,EFECTIVO,1895.03
337,337,337,2026-06-12 23:46:05,PAYPAL,2099.45
338,338,338,2026-08-22 23:27:51,PAYPAL,1417.19
339,339,339,2025-12-26 22:58:10,EFECTIVO,1817.72
340,340,340,2026-04-24 21:29:46,TRANSFERENCIA,1959.48
341,341,341,2026-08-18 22:01:48,PAYPAL,1208.11
342,342,342,2026-03-25 03:57:56,TARJETA,2579.09
343,343,343,2026-10-14 10:44:36,TRANSFERENCIA,1051.04
344,344,344,2026-02-05 21:36:26,TRANSFERENCIA,2791.84
345,345,345,2025-03-12 03:31:00,TRANSFERENCIA,1989.74
346,346,346,2026-04-02 09:28:01,TRANSFERENCIA,486.73
347,347,347,2026-08-08 10:57:35,PAYPAL,2910.2
348,348,348,2026-11-06 09:10:26,TARJETA,1529.26
349,349,349,2026-01-10 04:17:25,TARJETA,2595.39
350,350,350,2026-02-22 15:45:32,EFECTIVO,296.67
351,351,351,2025-12-30 04:21:30,PAYPAL,1649.23
352,352,352,2025-08-07 16:58:19,TARJETA,550.58
353,353,353,2026-11-09 04:18:39,TRANSFERENCIA,1862.23
354,354,354,2025-03-12 07:28:56,TARJETA,1607.19
355,355,355,2026-01-31 00:58:07,TRANSFERENCIA,1039.55
356,356,356,2026-06-06 18:26:45,PAYPAL,2699.22
357,357,357,2025-03-24 18:59:00,TARJETA,884.18
358,358,358,2025-10-12 05:40:02,TRANSFERENCIA,2724.81
359,359,359,2026-11-14 13:10:07,PAYPAL,1884.88
360,360,360,2026-03-13 21:06:08,TRANSFERENCIA,2285.05
361,361,361,2025-02-25 18:57:58,PAYPAL,1470.52
362,362,362,2025-03-19 15:14:58,PAYPAL,238.56
363,363,363,2025-03-16 08:46:37,TARJETA,377.56
364,364,364,2025-09-05 15:59:39,TARJETA,1519.15
365,365,365,2025-09-21 05:40:45,TRANSFERENCIA,1934.64
366,366,366,2025-07-26 18:59:12,BITCOIN,537.59
367,367,367,2026-11-04 06:48:38,EFECTIVO,2167.08
368,368,368,2025-06-09 17:59:21,BITCOIN,1899.68
369,369,369,2025-07-18 13:14:17,PAYPAL,2694.68
370,370,370,2026-06-01 07:38:30,PAYPAL,619.33
371,371,371,2026-04-07 17:32:12,PAYPAL,1618.73
372,372,372,2025-09-04 08:47:32,TRANSFERENCIA,2723.68
373,373,373,2025-08-11 09:46:18,EFECTIVO,967.37
374,374,374,2025-04-16 07:03:24,TRANSFERENCIA,1567.16
375,375,375,2025-10-27 03:40:40,TRANSFERENCIA,2297.49
376,376,376,2025-02-03 04:01:40,BITCOIN,2865.08
377,377,377,2026-09-04 01:26:17,EFECTIVO,2131.84
378,378,378,2025-07-23 21:00:28,BITCOIN,929.36
379,379,379,2026-11-18 00:49:02,EFECTIVO,1267.19
380,380,380,2026-06-29 23:12:29,TARJETA,2209.84
381,381,381,2025-06-11 17:48:40,PAYPAL,2264.72
382,382,382,2026-04-23 03:36:29,PAYPAL,1214.27
383,383,383,2025-06-07 14:50:02,TARJETA,2226.16
384,384,384,2026-07-09 14:10:12,PAYPAL,1003.37
385,385,385,2026-08-26 16:22:17,PAYPAL,1575.32
386,386,386,2025-05-17 19:00:56,TRANSFERENCIA,889.14
387,387,387,2026-12-07 07:45:52,EFECTIVO,2088.04
388,388,388,2026-05-08 13:15:52,PAYPAL,874.46
389,389,389,2026-09-22 14:56:13,PAYPAL,2967.54
390,390,390,2026-03-26 15:45:45,PAYPAL,414.9
391,391,391,2025-05-30 16:01:42,TRANSFERENCIA,1353.25
392,392,392,2026-01-14 23:29:21,EFECTIVO,1585.08
393,393,393,2025-12-15 21:35:33,TARJETA,1565.61
394,394,394,2026-04-28 17:23:50,TARJETA,2298.25
395,395,395,2026-10-30 10:38:04,EFECTIVO,127.29
396,396,396,2026-08-25 13:39:29,PAYPAL,809.07
397,397,397,2025-01-17 18:37:12,PAYPAL,1430.75
398,398,398,2025-10-24 02:36:51,PAYPAL,2375.35
399,399,399,2026-04-02 17:47:13,TARJETA,1819.72
400,400,400,2026-08-12 19:04:29,TRANSFERENCIA,1171.08
401,401,401,2026-02-07 21:34:55,BITCOIN,197.1
402,402,402,2025-05-02 22:23:43,TARJETA,773.99
403,403,403,2026-04-20 13:38:25,EFECTIVO,2175.5
404,404,404,2026-06-05 13:55:38,PAYPAL,2259.73
405,405,405,2025-05-08 16:01:41,TRANSFERENCIA,1928.87
406,406,406,2025-03-29 10:11:50,TRANSFERENCIA,1321.86
407,407,407,2026-01-14 20:36:09,TRANSFERENCIA,923.76
408,408,408,2026-04-05 09:55:18,EFECTIVO,325.64
409,409,409,2026-05-16 14:16:31,TRANSFERENCIA,156.1
410,410,410,2025-09-03 19:52:05,TRANSFERENCIA,147.22
411,411,411,2026-07-14 16:19:37,BITCOIN,652.79
412,412,412,2025-01-26 18:59:54,TARJETA,1893.34
413,413,413,2026-12-09 22:07:10,EFECTIVO,2657.72
414,414,414,2025-03-31 14:36:47,BITCOIN,1860.31
415,415,415,2026-02-26 22:43:07,PAYPAL,1825.91
416,416,416,2026-11-24 06:08:30,EFECTIVO,652.8
417,417,417,2026-12-23 09:01:47,EFECTIVO,2961.54
418,418,418,2026-02-08 18:46:50,EFECTIVO,1641.79
419,419,419,2025-07-29 04:34:00,TARJETA,37.27
420,420,420,2026-08-21 23:38:29,BITCOIN,2805.2
421,421,421,2026-05-19 14:26:39,PAYPAL,2358.75
422,422,422,2026-05-05 09:47:19,EFECTIVO,803.83
423,423,423,2026-08-24 02:54:35,BITCOIN,803.56
424,424,424,2025-03-19 11:01:44,BITCOIN,140.94
425,425,425,2026-02-13 23:37:59,TARJETA,2356.46
426,426,426,2025-02-23 19:39:28,PAYPAL,1240.91
427,427,427,2026-08-07 11:59:13,PAYPAL,2241.85
428,428,428,2026-05-13 09:02:17,TARJETA,2731.95
429,429,429,2026-05-31 08:55:27,EFECTIVO,1594.31
430,430,430,2025-11-14 20:55:00,PAYPAL,948.82
431,431,431,2026-07-19 22:04:33,TARJETA,1171.13
432,432,432,2025-08-29 06:32:18,TRANSFERENCIA,2496.98
433,433,433,2026-05-04 06:37:50,EFECTIVO,2664.45
434,434,434,2026-09-07 01:43:41,BITCOIN,558.9
435,435,435,2025-05-03 14:49:10,TRANSFERENCIA,747.64
436,436,436,2025-10-01 12:12:33,TARJETA,1750.49
437,437,437,2026-11-29 21:13:38,TARJETA,2172.98
438,438,438,2026-06-24 19:22:47,EFECTIVO,585.78
439,439,439,2025-03-12 08:39:11,TARJETA,1697.84
440,440,440,2026-12-02 07:58:49,TARJETA,1160.69
441,441,441,2026-08-24 01:11:15,EFECTIVO,1233.33
442,442,442,2026-08-10 21:55:34,PAYPAL,252.14
443,443,443,2026-11-26 05:37:41,BITCOIN,853.4
444,444,444,2026-05-21 21:17:04,TRANSFERENCIA,1466.12
445,445,445,2026-11-05 18:57:38,TRANSFERENCIA,2917.88
446,446,446,2026-04-30 14:51:52,PAYPAL,2176.57
447,447,447,2025-11-24 20:51:06,BITCOIN,1515.3
448,448,448,2026-08-24 05:50:50,EFECTIVO,1568.96
449,449,449,2025-01-08 07:47:57,PAYPAL,2689.26
450,450,450,2025-02-28 16:54:27,BITCOIN,2540.55
451,451,451,2026-09-16 03:11:13,TRANSFERENCIA,2962.14
452,452,452,2025-03-08 06:43:15,EFECTIVO,1744.89
453,453,453,2026-01-10 00:25:08,TARJETA,2033.01
454,454,454,2025-10-31 08:19:27,TARJETA,454.51
455,455,455,2026-01-24 04:17:39,TARJETA,2405.55
456,456,456,2026-10-15 18:08:09,EFECTIVO,2242.38
457,457,457,2025-01-26 07:32:10,TRANSFERENCIA,2446.16
458,458,458,2025-08-29 13:04:08,BITCOIN,405.51
459,459,459,2026-11-01 09:20:39,TRANSFERENCIA,2793.01
460,460,460,2026-01-03 16:32:08,BITCOIN,1784.45
461,461,461,2025-05-23 17:21:14,TRANSFERENCIA,2011.27
462,462,462,2026-02-24 03:57:15,TRANSFERENCIA,2509.85
463,463,463,2025-06-06 16:59:19,TRANSFERENCIA,1189.88
464,464,464,2026-01-21 17:04:57,TRANSFERENCIA,67.2
465,465,465,2025-01-16 17:35:00,BITCOIN,796.64
466,466,466,2025-06-16 08:40:15,TARJETA,1566.19
467,467,467,2026-06-12 01:51:52,EFECTIVO,2015.92
468,468,468,2025-11-25 15:10:03,PAYPAL,1999.42
469,469,469,2026-11-26 20:04:14,TARJETA,2821.47
470,470,470,2026-07-26 10:40:25,BITCOIN,200.61
471,471,471,2026-02-27 16:22:17,TRANSFERENCIA,1512.59
472,472,472,2025-09-17 01:34:30,PAYPAL,1610.59
473,473,473,2025-08-06 05:52:15,TARJETA,924.35
474,474,474,2025-01-01 14:27:50,TRANSFERENCIA,839.76
475,475,475,2025-12-26 07:36:08,TRANSFERENCIA,666.36
476,476,476,2025-01-22 10:22:21,EFECTIVO,2794.5
477,477,477,2025-02-08 21:49:41,PAYPAL,1707.81
478,478,478,2025-01-15 21:49:58,TARJETA,123.64
479,479,479,2025-03-20 04:19:34,TRANSFERENCIA,1165.27
480,480,480,2026-03-02 01:37:15,BITCOIN,1482.34
481,481,481,2025-04-17 10:43:31,EFECTIVO,617.46
482,482,482,2026-05-28 18:25:09,PAYPAL,1279.38
483,483,483,2025-08-19 18:51:59,TARJETA,598.87
484,484,484,2026-02-26 08:12:04,BITCOIN,1840.91
485,485,485,2026-06-02 02:32:36,TRANSFERENCIA,405.92
486,486,486,2026-04-26 03:17:20,PAYPAL,2725.57
487,487,487,2026-03-18 19:49:14,TARJETA,2034.24
488,488,488,2025-10-27 13:18:49,PAYPAL,1048.26
489,489,489,2025-01-04 15:38:18,EFECTIVO,617.99
490,490,490,2026-12-13 06:14:00,TARJETA,393.36
491,491,491,2026-07-25 06:49:58,TARJETA,1414.92
492,492,492,2025-01-22 23:54:00,PAYPAL,2081.45
493,493,493,2025-05-13 18:02:49,TARJETA,2559.55
494,494,494,2026-05-05 07:25:18,BITCOIN,1912.0
495,495,495,2026-12-27 22:48:42,EFECTIVO,1570.16
496,496,496,2025-07-03 16:32:06,TARJETA,742.07
497,497,497,2025-06-16 21:09:57,EFECTIVO,1422.07
498,498,498,2025-07-23 20:14:06,BITCOIN,2016.91
499,499,499,2026-01-06 09:42:23,EFECTIVO,1112.24
500,500,500,2026-09-28 04:18:33,TRANSFERENCIA,2063.53
501,501,501,2025-03-20 08:49:51,TRANSFERENCIA,78.61
502,502,502,2026-11-23 11:05:21,EFECTIVO,2614.31
503,503,503,2026-09-25 21:43:39,TARJETA,786.59
504,504,504,2025-03-24 00:18:13,PAYPAL,2194.37
505,505,505,2025-02-04 00:57:29,EFECTIVO,579.79
506,506,506,2026-02-18 12:58:28,EFECTIVO,618.89
507,507,507,2025-10-29 16:41:43,EFECTIVO,1603.95
508,508,508,2025-09-06 05:48:16,TARJETA,2916.93
509,509,509,2025-12-17 16:16:17,EFECTIVO,2228.71
510,510,510,2025-08-09 21:01:44,BITCOIN,1317.24
511,511,511,2025-10-29 02:35:00,EFECTIVO,674.07
512,512,512,2026-01-26 08:31:18,EFECTIVO,101.98
513,513,513,2026-05-09 15:53:29,BITCOIN,1801.13
514,514,514,2026-11-01 03:36:15,TRANSFERENCIA,1826.92
515,515,515,2026-05-04 08:30:09,TARJETA,623.51
516,516,516,2026-02-17 23:36:54,TARJETA,1951.85
517,517,517,2025-01-23 16:45:16,PAYPAL,2702.65
518,518,518,2025-01-18 05:02:13,EFECTIVO,2269.82
519,519,519,2026-11-06 02:33:21,TARJETA,1220.09
520,520,520,2025-09-28 07:39:45,BITCOIN,1525.72
521,521,521,2026-10-03 07:59:46,EFECTIVO,1096.91
522,522,522,2025-06-27 00:07:01,BITCOIN,2239.18
523,523,523,2026-05-28 00:48:58,TRANSFERENCIA,1413.44
524,524,524,2026-10-20 14:34:26,PAYPAL,1106.2
525,525,525,2025-07-16 22:26:09,EFECTIVO,458.7
526,526,526,2025-05-10 21:49:30,PAYPAL,1237.48
527,527,527,2025-07-11 12:35:19,TARJETA,2964.15
528,528,528,2025-07-03 14:51:29,BITCOIN,1634.15
529,529,529,2026-03-05 08:02:29,EFECTIVO,766.92
530,530,530,2025-01-27 22:55:33,EFECTIVO,1369.14
531,531,531,2026-07-08 14:30:33,BITCOIN,1800.07
532,532,532,2026-05-26 02:30:31,TRANSFERENCIA,2312.28
533,533,533,2026-11-27 07:21:22,EFECTIVO,117.3
534,534,534,2025-05-03 14:35:25,EFECTIVO,2139.16
535,535,535,2025-06-10 09:07:56,PAYPAL,1730.05
536,536,536,2026-07-07 13:33:44,TARJETA,2666.59
537,537,537,2026-11-09 05:25:50,PAYPAL,105.95
538,538,538,2025-05-07 16:34:41,BITCOIN,911.72
539,539,539,2025-12-19 19:52:55,TRANSFERENCIA,2742.11
540,540,540,2026-07-25 09:04:04,TARJETA,1085.39
541,541,541,2025-07-08 20:35:39,PAYPAL,547.08
542,542,542,2026-03-07 17:14:57,BITCOIN,2687.97
543,543,543,2025-11-22 21:27:40,TRANSFERENCIA,2261.54
544,544,544,2026-02-03 09:45:44,BITCOIN,2747.81
545,545,545,2026-08-13 10:59:14,EFECTIVO,1254.73
546,546,546,2025-05-01 14:26:43,TRANSFERENCIA,286.51
547,547,547,2025-08-02 15:13:20,BITCOIN,770.6
548,548,548,2025-06-29 01:29:48,EFECTIVO,746.99
549,549,549,2025-12-09 11:38:23,TARJETA,260.0
550,550,550,2025-12-14 14:48:45,BITCOIN,2659.58
1,551,551,2025-01-20 15:02:17,PAYPAL,1060.99
2,552,552,2026-03-29 06:35:05,EFECTIVO,2025.69
3,553,553,2025-10-15 11:40:13,PAYPAL,449.58
4,554,554,2025-02-21 22:13:16,PAYPAL,1732.2
5,555,555,2025-06-27 14:11:14,TRANSFERENCIA,1327.0
6,556,556,2025-10-28 01:20:37,BITCOIN,404.06
7,557,557,2026-02-17 03:59:15,PAYPAL,1272.99
8,558,558,2025-02-13 11:24:47,EFECTIVO,338.37
9,559,559,2026-08-03 15:08:01,BITCOIN,1052.91
10,560,560,2026-05-15 05:48:50,BITCOIN,295.23
11,561,561,2025-04-11 23:46:03,BITCOIN,2822.49
12,562,562,2026-04-09 21:11:44,PAYPAL,506.2
13,563,563,2025-03-01 23:49:53,TRANSFERENCIA,2557.02
14,564,564,2025-10-10 00:32:10,BITCOIN,2333.29
15,565,565,2026-03-15 02:58:16,PAYPAL,553.79
16,566,566,2025-08-29 15:22:55,EFECTIVO,858.17
17,567,567,2025-10-26 01:18:35,TRANSFERENCIA,1945.97
18,568,568,2025-11-02 02:44:54,EFECTIVO,239.37
19,569,569,2026-11-26 17:47:37,TARJETA,535.79
20,570,570,2025-06-18 21:48:27,BITCOIN,2603.45
21,571,571,2025-08-17 00:55:13,PAYPAL,1756.18
22,572,572,2025-09-17 22:32:43,EFECTIVO,2501.17
23,573,573,2025-06-04 17:54:26,TARJETA,1094.47
24,574,574,2025-09-05 08:56:32,EFECTIVO,2449.4
25,575,575,2026-12-06 15:30:37,PAYPAL,1368.61
26,576,576,2025-01-15 21:09:05,TRANSFERENCIA,2653.83
27,577,577,2026-11-07 15:31:11,PAYPAL,1111.09
28,578,578,2025-02-21 08:06:02,EFECTIVO,59.71
29,579,579,2025-10-09 02:06:21,EFECTIVO,2439.0
30,580,580,2025-12-17 10:09:35,PAYPAL,940.32
31,581,581,2025-03-10 02:20:55,BITCOIN,639.4
32,582,582,2025-06-29 01:04:13,PAYPAL,2890.99
33,583,583,2025-01-06 11:06:20,TRANSFERENCIA,1452.42
34,584,584,2026-05-25 14:08:32,BITCOIN,2886.94
35,585,585,2026-08-05 18:21:49,PAYPAL,2153.39
36,586,586,2025-08-24 15:26:26,EFECTIVO,918.96
37,587,587,2026-05-06 05:37:59,TRANSFERENCIA,702.72
38,588,588,2025-08-10 07:36:26,BITCOIN,343.62
39,589,589,2025-05-22 05:03:50,BITCOIN,112.64
40,590,590,2026-08-16 12:43:56,TRANSFERENCIA,2924.28
41,591,591,2025-04-13 14:46:11,TRANSFERENCIA,2533.97
42,592,592,2026-09-23 19:46:14,TRANSFERENCIA,1216.12
43,593,593,2026-08-28 11:04:51,EFECTIVO,1667.44
44,594,594,2025-08-17 05:05:27,EFECTIVO,360.94
45,595,595,2026-02-03 00:37:15,TARJETA,426.06
46,596,596,2026-11-15 03:30:09,EFECTIVO,1973.74
47,597,597,2026-03-15 07:25:31,TARJETA,1594.49
48,598,598,2025-12-16 20:47:15,TARJETA,1871.8
49,599,599,2025-09-02 07:59:49,TRANSFERENCIA,1612.26
50,600,600,2025-10-10 14:25:36,PAYPAL,687.86
51,601,601,2025-04-01 01:20:41,BITCOIN,1087.11
52,602,602,2026-01-31 07:24:06,PAYPAL,1160.74
53,603,603,2025-03-02 02:46:52,EFECTIVO,2967.31
54,604,604,2026-06-19 23:21:33,TRANSFERENCIA,1531.6
55,605,605,2025-12-15 02:26:46,PAYPAL,627.59
56,606,606,2026-01-22 17:53:51,TARJETA,1212.2
57,607,607,2025-07-05 23:18:29,TARJETA,2588.97
58,608,608,2026-11-09 04:47:05,EFECTIVO,417.43
59,609,609,2025-02-08 18:37:48,TARJETA,2307.07
60,610,610,2025-01-19 19:03:23,TRANSFERENCIA,1338.17
61,611,611,2026-12-27 01:09:11,TARJETA,1558.28
62,612,612,2025-06-09 00:46:34,BITCOIN,1385.77
63,613,613,2025-06-06 08:09:49,EFECTIVO,805.15
64,614,614,2025-10-11 13:25:20,PAYPAL,2136.02
65,615,615,2026-01-15 02:14:37,TRANSFERENCIA,1740.56
66,616,616,2026-02-02 13:47:31,EFECTIVO,192.54
67,617,617,2026-07-20 09:02:06,TRANSFERENCIA,243.41
68,618,618,2026-10-19 22:33:31,TRANSFERENCIA,787.19
69,619,619,2025-02-16 03:31:29,TRANSFERENCIA,1371.52
70,620,620,2025-01-23 12:42:42,BITCOIN,2212.23
71,621,621,2026-11-04 04:08:51,TRANSFERENCIA,2724.51
72,622,622,2026-07-29 13:11:48,TRANSFERENCIA,2921.41
73,623,623,2025-06-05 11:05:45,EFECTIVO,595.61
74,624,624,2025-09-27 20:20:56,EFECTIVO,447.76
75,625,625,2026-10-24 20:38:40,EFECTIVO,2699.62
76,626,626,2025-04-26 20:25:12,EFECTIVO,1114.26
77,627,627,2026-05-18 06:35:02,TRANSFERENCIA,1247.3
78,628,628,2025-11-12 11:24:08,BITCOIN,2618.78
79,629,629,2025-05-17 12:40:13,BITCOIN,1699.45
80,630,630,2025-04-12 07:27:27,PAYPAL,495.54
81,631,631,2025-05-03 06:09:28,TARJETA,736.81
82,632,632,2026-07-11 17:00:32,BITCOIN,114.98
83,633,633,2025-09-28 21:42:59,BITCOIN,2379.55
84,634,634,2025-12-07 12:56:32,TARJETA,108.59
85,635,635,2026-06-17 14:22:59,PAYPAL,1969.21
86,636,636,2025-04-25 07:20:13,PAYPAL,1462.97
87,637,637,2025-07-19 09:04:41,TARJETA,2311.44
88,638,638,2025-05-07 08:59:56,TRANSFERENCIA,970.05
89,639,639,2025-06-03 03:09:06,EFECTIVO,1600.19
90,640,640,2025-07-31 01:32:30,PAYPAL,305.17
91,641,641,2025-04-08 19:44:51,EFECTIVO,144.67
92,642,642,2026-04-24 11:17:17,EFECTIVO,2534.14
93,643,643,2026-08-30 22:45:49,PAYPAL,1719.13
94,644,644,2026-06-16 09:15:47,EFECTIVO,1356.32
95,645,645,2025-05-25 07:27:35,TARJETA,2205.42
96,646,646,2025-05-23 21:43:15,BITCOIN,827.35
97,647,647,2026-05-06 17:34:43,PAYPAL,2769.84
98,648,648,2026-03-14 21:05:25,TARJETA,846.19
99,649,649,2025-09-11 16:07:54,PAYPAL,1971.22
100,650,650,2026-02-25 21:08:43,TARJETA,2032.96
101,651,651,2026-07-27 04:00:34,TRANSFERENCIA,84.24
102,652,652,2026-12-13 23:45:34,EFECTIVO,1059.42
103,653,653,2025-11-17 03:01:44,TRANSFERENCIA,2129.63
104,654,654,2026-05-18 08:41:45,EFECTIVO,2109.72
105,655,655,2026-11-21 08:47:00,EFECTIVO,677.04
106,656,656,2026-10-26 19:40:42,PAYPAL,368.43
107,657,657,2025-02-28 19:32:09,PAYPAL,2728.18
108,658,658,2025-01-18 06:29:54,EFECTIVO,468.92
109,659,659,2025-07-12 15:00:12,TARJETA,1105.09
110,660,660,2026-11-23 13:08:47,EFECTIVO,2932.74
111,661,661,2025-02-18 14:04:27,BITCOIN,2474.03
112,662,662,2026-11-12 13:58:26,TARJETA,2335.43
113,663,663,2026-05-19 04:38:11,EFECTIVO,1941.44
114,664,664,2025-02-16 02:25:02,BITCOIN,2631.26
115,665,665,2026-04-24 02:45:46,TARJETA,307.69
116,666,666,2026-11-07 15:12:56,TARJETA,2691.49
117,667,667,2025-02-27 20:46:39,TARJETA,297.54
118,668,668,2026-11-18 12:07:34,TRANSFERENCIA,2235.81
119,669,669,2025-08-16 19:35:57,TRANSFERENCIA,1182.98
120,670,670,2026-02-06 14:28:22,TARJETA,1595.25
121,671,671,2025-12-28 03:06:59,TRANSFERENCIA,361.92
122,672,672,2026-12-01 10:25:41,PAYPAL,503.47
123,673,673,2026-07-04 08:52:07,BITCOIN,920.86
124,674,674,2025-03-19 18:02:47,EFECTIVO,2260.93
125,675,675,2025-08-12 11:30:23,PAYPAL,1210.37
126,676,676,2025-05-26 13:08:38,TRANSFERENCIA,963.36
127,677,677,2026-11-30 11:32:50,EFECTIVO,1536.06
128,678,678,2025-04-30 19:17:42,BITCOIN,198.29
129,679,679,2026-10-20 06:09:36,PAYPAL,2896.39
130,680,680,2026-10-18 05:46:18,TARJETA,672.0
131,681,681,2025-12-17 13:53:33,PAYPAL,62.34
132,682,682,2026-01-09 21:11:04,TARJETA,1886.12
133,683,683,2025-09-01 18:17:16,TARJETA,2244.99
134,684,684,2025-01-01 11:32:19,TARJETA,1461.83
135,685,685,2025-01-30 06:22:40,TARJETA,2548.42
136,686,686,2025-06-26 13:16:07,PAYPAL,1844.99
137,687,687,2026-02-13 02:12:04,PAYPAL,466.83
138,688,688,2026-07-26 22:03:34,TARJETA,2173.87
139,689,689,2025-09-19 16:11:42,BITCOIN,1160.31
140,690,690,2026-08-24 19:06:25,BITCOIN,2960.17
141,691,691,2026-12-03 09:13:00,TARJETA,1475.99
142,692,692,2026-08-15 22:31:16,PAYPAL,2383.15
143,693,693,2026-12-23 07:56:29,TRANSFERENCIA,720.78
144,694,694,2025-05-16 08:37:44,TRANSFERENCIA,2629.02
145,695,695,2025-11-05 07:31:32,BITCOIN,763.79
146,696,696,2026-09-01 04:01:24,BITCOIN,973.18
147,697,697,2026-08-13 05:45:50,PAYPAL,2970.37
148,698,698,2026-04-20 00:33:37,TARJETA,2085.76
149,699,699,2025-03-22 15:11:13,TRANSFERENCIA,1125.47
150,700,700,2025-04-27 20:54:23,EFECTIVO,1496.26
151,701,701,2025-04-16 01:53:16,TARJETA,1899.85
152,702,702,2026-05-21 22:57:23,TARJETA,476.54
153,703,703,2025-08-06 22:23:48,TARJETA,2308.27
154,704,704,2026-04-16 00:40:25,TRANSFERENCIA,804.74
155,705,705,2025-09-02 12:54:11,BITCOIN,2804.82
156,706,706,2025-07-23 17:32:03,EFECTIVO,729.63
157,707,707,2025-10-02 02:40:27,TARJETA,1426.16
158,708,708,2025-08-24 18:51:07,BITCOIN,2429.19
159,709,709,2026-02-09 04:40:52,PAYPAL,1597.29
160,710,710,2026-09-02 06:58:16,PAYPAL,2191.91
161,711,711,2026-03-04 18:18:28,TARJETA,2612.86
162,712,712,2025-01-12 19:04:01,TARJETA,978.91
163,713,713,2025-09-26 05:39:51,EFECTIVO,957.14
164,714,714,2026-09-09 09:53:41,TRANSFERENCIA,1685.2
165,715,715,2025-02-15 03:10:13,EFECTIVO,821.7
166,716,716,2025-05-07 12:10:04,TARJETA,449.7
167,717,717,2026-05-02 17:19:43,PAYPAL,1941.46
168,718,718,2025-05-17 04:10:24,PAYPAL,2378.21
169,719,719,2026-04-21 11:02:16,TARJETA,1035.06
170,720,720,2026-08-24 10:19:40,BITCOIN,2513.26
171,721,721,2026-05-07 17:03:59,BITCOIN,246.13
172,722,722,2026-11-01 20:34:46,TARJETA,51.72
173,723,723,2026-10-13 04:58:26,TARJETA,2619.75
174,724,724,2026-09-22 10:54:29,BITCOIN,2005.11
175,725,725,2025-10-20 08:48:29,TARJETA,2046.63
176,726,726,2025-02-09 22:56:48,BITCOIN,1436.79
177,727,727,2025-10-26 06:32:18,BITCOIN,1138.54
178,728,728,2025-06-23 20:46:12,TRANSFERENCIA,1760.64
179,729,729,2026-11-23 14:19:24,TRANSFERENCIA,662.77
180,730,730,2025-11-02 20:15:35,BITCOIN,1036.46
181,731,731,2025-09-11 18:27:14,BITCOIN,169.38
182,732,732,2026-03-18 04:53:08,TRANSFERENCIA,2614.38
183,733,733,2025-08-20 09:14:19,EFECTIVO,87.14
184,734,734,2025-04-12 14:30:28,BITCOIN,1099.75
185,735,735,2025-02-07 21:29:59,PAYPAL,1530.07
186,736,736,2025-12-31 05:55:42,TARJETA,2722.56
187,737,737,2025-04-07 05:47:49,PAYPAL,2936.72
188,738,738,2025-05-13 09:04:55,TRANSFERENCIA,1797.26
189,739,739,2025-05-13 18:56:45,PAYPAL,2017.66
190,740,740,2025-01-08 18:45:46,TRANSFERENCIA,1704.93
191,741,741,2025-11-06 21:11:19,TRANSFERENCIA,1286.46
192,742,742,2026-05-04 16:00:42,BITCOIN,1137.12
193,743,743,2025-09-06 16:15:19,BITCOIN,591.19
194,744,744,2025-04-01 05:02:20,TARJETA,1312.61
195,745,745,2026-01-12 05:00:47,PAYPAL,2041.38
196,746,746,2025-07-22 17:22:54,EFECTIVO,1860.29
197,747,747,2026-08-24 06:55:38,TARJETA,1232.24
198,748,748,2026-04-11 06:40:00,TARJETA,1819.64
199,749,749,2025-01-18 04:10:58,EFECTIVO,1809.17
200,750,750,2025-02-07 13:24:08,BITCOIN,2333.77
201,751,751,2025-10-12 02:08:53,EFECTIVO,2058.78
202,752,752,2025-05-10 22:42:13,BITCOIN,637.69
203,753,753,2025-11-07 22:28:49,PAYPAL,1583.03
204,754,754,2026-12-10 09:28:48,TARJETA,2263.42
205,755,755,2025-01-04 16:12:16,EFECTIVO,1307.16
206,756,756,2025-08-04 02:02:57,TRANSFERENCIA,2916.65
207,757,757,2025-08-05 11:28:45,PAYPAL,2568.92
208,758,758,2026-09-05 03:06:41,PAYPAL,260.33
209,759,759,2025-03-26 04:43:07,EFECTIVO,2199.44
210,760,760,2025-12-13 12:35:37,TARJETA,1337.58
211,761,761,2025-07-15 08:40:17,EFECTIVO,2351.56
212,762,762,2026-08-08 17:27:36,TARJETA,1210.41
213,763,763,2025-07-22 13:53:31,TARJETA,1718.71
214,764,764,2026-01-24 00:07:40,EFECTIVO,225.11
215,765,765,2025-07-22 20:12:22,BITCOIN,2886.64
216,766,766,2026-07-03 17:32:18,BITCOIN,2183.59
217,767,767,2026-03-20 12:34:03,BITCOIN,2087.25
218,768,768,2025-04-23 12:06:04,TRANSFERENCIA,747.64
219,769,769,2025-01-08 08:26:30,PAYPAL,547.55
220,770,770,2025-09-15 14:04:11,PAYPAL,474.54
221,771,771,2025-12-14 23:21:26,EFECTIVO,2553.92
222,772,772,2026-05-17 07:41:53,TRANSFERENCIA,1070.7
223,773,773,2025-08-27 08:06:34,PAYPAL,2193.59
224,774,774,2026-12-13 12:37:13,EFECTIVO,2670.27
225,775,775,2026-03-31 03:39:28,TRANSFERENCIA,2789.08
226,776,776,2026-04-22 17:30:06,TARJETA,2360.16
227,777,777,2025-07-30 10:42:14,PAYPAL,2288.87
228,778,778,2025-01-09 21:33:34,EFECTIVO,2520.01
229,779,779,2025-09-14 04:16:31,BITCOIN,2690.48
230,780,780,2025-03-03 09:18:42,TRANSFERENCIA,633.74
231,781,781,2026-09-24 23:01:12,TARJETA,1695.29
232,782,782,2026-11-11 11:14:59,BITCOIN,2032.12
233,783,783,2026-08-12 06:37:20,EFECTIVO,1640.56
234,784,784,2025-11-21 16:50:21,TRANSFERENCIA,2925.8
235,785,785,2026-04-01 20:06:06,BITCOIN,744.3
236,786,786,2026-12-30 16:21:15,BITCOIN,1934.6
237,787,787,2025-10-09 20:59:27,PAYPAL,2823.14
238,788,788,2026-12-03 19:41:24,EFECTIVO,831.57
239,789,789,2026-06-27 04:53:38,TARJETA,1760.59
240,790,790,2025-11-13 16:25:24,BITCOIN,2433.67
241,791,791,2026-10-01 12:43:42,BITCOIN,1413.27
242,792,792,2026-02-10 03:39:20,TARJETA,1557.08
243,793,793,2026-09-06 04:46:59,TRANSFERENCIA,542.8
244,794,794,2025-04-23 01:56:06,TRANSFERENCIA,2931.64
245,795,795,2026-01-24 12:58:56,EFECTIVO,553.1
246,796,796,2026-01-17 10:01:47,PAYPAL,1109.15
247,797,797,2025-11-19 12:26:54,TARJETA,125.11
248,798,798,2026-08-04 10:06:30,TRANSFERENCIA,391.13
249,799,799,2026-12-19 03:57:35,EFECTIVO,686.63
250,800,800,2025-04-10 22:10:30,TARJETA,2973.74
251,801,801,2025-06-03 07:52:48,BITCOIN,2300.41
252,802,802,2026-08-13 10:36:11,TRANSFERENCIA,232.34
253,803,803,2026-06-09 01:43:04,TRANSFERENCIA,1781.03
254,804,804,2025-08-30 17:24:03,TRANSFERENCIA,449.23
255,805,805,2025-10-19 23:02:38,PAYPAL,1018.9
256,806,806,2025-11-13 13:32:45,PAYPAL,1934.44
257,807,807,2025-04-17 17:13:49,TARJETA,2516.52
258,808,808,2025-11-29 01:12:25,BITCOIN,2846.39
259,809,809,2026-03-31 07:33:35,EFECTIVO,1866.9
260,810,810,2025-04-04 16:30:50,EFECTIVO,2114.85
261,811,811,2026-08-08 02:01:06,TARJETA,1542.73
262,812,812,2025-08-14 10:45:39,PAYPAL,1211.8
263,813,813,2026-02-13 06:56:00,EFECTIVO,896.97
264,814,814,2025-11-10 00:29:16,EFECTIVO,1553.54
265,815,815,2025-10-18 20:37:09,EFECTIVO,1243.98
266,816,816,2026-11-21 05:03:07,TRANSFERENCIA,444.31
267,817,817,2025-07-09 03:19:31,EFECTIVO,2589.72
268,818,818,2026-11-09 03:02:24,PAYPAL,804.0
269,819,819,2026-11-14 17:06:28,PAYPAL,653.67
270,820,820,2025-12-21 20:34:29,TRANSFERENCIA,1569.53
271,821,821,2026-12-25 04:24:59,TARJETA,2447.55
272,822,822,2025-09-18 00:14:24,TRANSFERENCIA,2523.03
273,823,823,2025-01-01 11:12:02,BITCOIN,1371.36
274,824,824,2025-11-26 03:32:10,TARJETA,1315.7
275,825,825,2025-09-01 06:36:13,BITCOIN,1369.38
276,826,826,2026-12-01 03:20:24,EFECTIVO,2878.37
277,827,827,2026-05-13 19:04:39,EFECTIVO,1335.56
278,828,828,2026-03-18 16:54:42,EFECTIVO,1243.19
279,829,829,2025-03-12 23:58:15,TARJETA,1696.84
280,830,830,2026-12-01 21:02:02,TARJETA,916.62
281,831,831,2026-11-02 21:39:09,BITCOIN,164.47
282,832,832,2026-09-23 22:54:05,TRANSFERENCIA,1647.68
283,833,833,2025-05-27 17:25:28,PAYPAL,366.16
284,834,834,2026-03-08 11:31:03,BITCOIN,365.78
285,835,835,2025-04-18 03:44:29,BITCOIN,1433.5
286,836,836,2026-04-26 05:11:32,TARJETA,1854.16
287,837,837,2025-10-22 11:22:51,EFECTIVO,606.33
288,838,838,2026-07-11 10:45:58,TARJETA,1550.39
289,839,839,2026-06-20 05:37:44,TRANSFERENCIA,435.38
290,840,840,2025-10-10 09:13:13,BITCOIN,626.86
291,841,841,2026-04-05 10:52:58,BITCOIN,1892.96
292,842,842,2026-07-22 22:38:50,TARJETA,1748.22
293,843,843,2025-01-14 06:11:29,BITCOIN,1180.62
294,844,844,2026-03-29 15:58:29,TRANSFERENCIA,1355.91
295,845,845,2025-12-06 14:06:04,PAYPAL,1129.56
296,846,846,2026-03-29 06:08:01,BITCOIN,853.69
297,847,847,2025-05-13 07:43:45,PAYPAL,2972.62
298,848,848,2025-11-09 21:02:43,EFECTIVO,488.04
299,849,849,2026-03-05 18:30:00,PAYPAL,1935.44
300,850,850,2025-08-02 00:58:34,TARJETA,886.45
301,851,851,2025-11-17 17:09:21,TRANSFERENCIA,2830.77
302,852,852,2026-09-17 14:17:12,BITCOIN,2354.14
303,853,853,2026-11-27 17:43:42,TARJETA,422.0
304,854,854,2025-08-09 17:23:17,TARJETA,2417.71
305,855,855,2026-08-05 18:17:58,BITCOIN,1740.95
306,856,856,2025-04-07 15:59:09,PAYPAL,1897.94
307,857,857,2025-09-25 10:20:36,TRANSFERENCIA,2358.93
308,858,858,2025-07-09 03:36:25,BITCOIN,2564.64
309,859,859,2025-05-09 17:00:24,EFECTIVO,2291.45
310,860,860,2025-05-14 03:52:02,TRANSFERENCIA,396.47
311,861,861,2025-05-17 13:52:53,EFECTIVO,643.16
312,862,862,2025-06-21 22:10:20,TARJETA,1926.38
313,863,863,2025-05-26 03:18:35,TRANSFERENCIA,2553.47
314,864,864,2025-12-09 08:32:46,EFECTIVO,2218.93
315,865,865,2026-03-28 03:43:34,BITCOIN,177.38
316,866,866,2025-02-12 15:29:15,EFECTIVO,2626.78
317,867,867,2026-08-25 11:12:48,BITCOIN,1440.27
318,868,868,2025-11-04 12:57:51,PAYPAL,173.73
319,869,869,2025-05-08 11:25:13,TARJETA,2228.49
320,870,870,2025-06-24 05:05:21,BITCOIN,2676.81
321,871,871,2025-06-25 14:28:23,TRANSFERENCIA,2802.17
322,872,872,2026-01-02 00:38:04,EFECTIVO,2564.81
323,873,873,2025-09-04 18:32:23,EFECTIVO,923.47
324,874,874,2026-08-20 01:57:11,TRANSFERENCIA,745.39
325,875,875,2025-10-26 14:12:20,TRANSFERENCIA,738.61
326,876,876,2025-11-12 15:48:10,EFECTIVO,2644.65
327,877,877,2026-08-30 11:37:22,BITCOIN,1070.59
328,878,878,2026-11-12 11:08:49,TARJETA,2126.63
329,879,879,2025-12-20 22:01:21,BITCOIN,282.03
330,880,880,2026-11-27 01:41:41,PAYPAL,757.53
331,881,881,2025-04-06 10:54:17,BITCOIN,911.63
332,882,882,2025-11-15 07:55:05,TRANSFERENCIA,909.47
333,883,883,2025-07-02 09:53:38,TARJETA,2451.34
334,884,884,2026-07-08 16:29:44,BITCOIN,2884.76
335,885,885,2026-10-10 07:51:03,EFECTIVO,2994.88
336,886,886,2026-10-25 13:51:31,EFECTIVO,259.45
337,887,887,2026-11-15 23:08:12,PAYPAL,768.99
338,888,888,2025-03-28 21:34:40,EFECTIVO,2215.67
339,889,889,2025-10-08 07:58:42,PAYPAL,1820.01
340,890,890,2025-07-09 17:49:37,PAYPAL,952.35
341,891,891,2025-12-02 08:18:26,TRANSFERENCIA,1191.82
342,892,892,2026-03-07 07:14:59,TARJETA,521.1
343,893,893,2025-02-14 18:51:58,TARJETA,1445.26
344,894,894,2025-06-14 16:03:37,TRANSFERENCIA,938.49
345,895,895,2025-03-28 10:15:53,PAYPAL,1343.95
346,896,896,2025-03-07 01:11:56,TARJETA,1849.26
347,897,897,2026-02-02 01:43:38,PAYPAL,2219.5
348,898,898,2026-06-13 10:00:09,BITCOIN,1964.65
349,899,899,2026-03-30 20:03:18,TARJETA,2946.01
350,900,900,2026-02-10 09:35:33,TRANSFERENCIA,2844.99
351,901,901,2026-01-14 13:40:55,TRANSFERENCIA,1780.99
352,902,902,2026-03-12 15:33:20,EFECTIVO,2942.5
353,903,903,2026-09-03 07:06:09,TARJETA,2724.08
354,904,904,2025-07-02 12:53:47,PAYPAL,2154.46
355,905,905,2026-07-30 20:37:56,PAYPAL,357.68
356,906,906,2026-07-26 01:31:48,TRANSFERENCIA,768.2
357,907,907,2025-07-10 16:18:13,TARJETA,2247.93
358,908,908,2026-12-06 16:01:19,TARJETA,1110.56
359,909,909,2026-10-18 03:03:22,BITCOIN,2847.09
360,910,910,2025-10-25 00:31:36,PAYPAL,2967.41
361,911,911,2026-04-06 09:04:51,TARJETA,2944.09
362,912,912,2025-05-02 17:49:29,BITCOIN,211.99
363,913,913,2026-12-28 05:29:02,TARJETA,1547.93
364,914,914,2026-07-25 07:08:30,PAYPAL,1803.13
365,915,915,2025-09-25 17:35:26,PAYPAL,2555.62
366,916,916,2026-03-12 19:37:54,EFECTIVO,1844.72
367,917,917,2025-01-08 16:24:31,TRANSFERENCIA,2502.7
368,918,918,2025-07-07 13:27:14,TRANSFERENCIA,1133.87
369,919,919,2026-11-26 03:23:28,EFECTIVO,577.96
370,920,920,2026-04-04 10:10:16,BITCOIN,2430.84
371,921,921,2025-04-28 13:01:50,TRANSFERENCIA,105.2
372,922,922,2026-09-22 07:02:40,EFECTIVO,1483.04
373,923,923,2026-12-16 20:51:00,EFECTIVO,855.62
374,924,924,2026-04-19 03:14:29,BITCOIN,1269.97
375,925,925,2025-09-22 06:45:36,EFECTIVO,1708.63
376,926,926,2026-09-05 07:04:28,PAYPAL,187.74
377,927,927,2025-03-09 00:12:21,TARJETA,2974.32
378,928,928,2025-03-14 16:41:55,TARJETA,1211.04
379,929,929,2025-12-01 12:54:17,BITCOIN,1074.16
380,930,930,2026-06-05 04:34:48,EFECTIVO,1211.31
381,931,931,2026-10-11 01:57:15,EFECTIVO,905.62
382,932,932,2025-12-19 20:00:55,TRANSFERENCIA,1580.66
383,933,933,2025-09-29 14:15:58,EFECTIVO,117.9
384,934,934,2025-06-02 13:53:49,BITCOIN,930.08
385,935,935,2026-03-21 21:55:28,TARJETA,1667.17
386,936,936,2026-09-24 21:24:43,TRANSFERENCIA,2478.04
387,937,937,2025-06-11 07:25:30,TRANSFERENCIA,1114.56
388,938,938,2025-11-01 18:24:41,TRANSFERENCIA,1947.87
389,939,939,2025-06-01 02:59:44,BITCOIN,1330.02
390,940,940,2026-06-28 20:00:16,EFECTIVO,534.51
391,941,941,2025-08-05 07:43:10,EFECTIVO,2814.02
392,942,942,2026-07-18 09:28:17,EFECTIVO,680.14
393,943,943,2026-07-03 01:14:37,PAYPAL,69.37
394,944,944,2026-10-12 13:40:18,TARJETA,1760.99
395,945,945,2025-05-02 02:22:10,EFECTIVO,1990.64
396,946,946,2025-08-20 09:35:19,TRANSFERENCIA,715.88
397,947,947,2025-06-15 02:34:53,EFECTIVO,780.55
398,948,948,2026-10-17 04:23:14,EFECTIVO,165.72
399,949,949,2026-11-26 02:16:34,TRANSFERENCIA,1800.82
400,950,950,2025-11-08 05:19:02,TARJETA,2749.27
401,951,951,2025-07-10 08:06:53,TARJETA,2496.4
402,952,952,2025-09-09 15:55:08,TARJETA,896.92
403,953,953,2025-03-10 15:02:58,EFECTIVO,2443.25
404,954,954,2026-07-20 04:23:39,TARJETA,1481.13
405,955,955,2025-03-04 23:13:34,TARJETA,1125.01
406,956,956,2026-08-31 21:29:27,PAYPAL,511.06
407,957,957,2026-10-04 18:13:05,TRANSFERENCIA,560.47
408,958,958,2026-04-26 21:35:32,EFECTIVO,362.0
409,959,959,2025-03-22 19:22:44,EFECTIVO,1747.06
410,960,960,2025-06-10 07:23:24,PAYPAL,621.32
411,961,961,2026-07-11 21:33:39,BITCOIN,2844.07
412,962,962,2026-09-04 11:21:57,BITCOIN,502.43
413,963,963,2026-02-01 23:40:33,TRANSFERENCIA,998.43
414,964,964,2025-08-11 18:41:52,TARJETA,1136.21
415,965,965,2026-05-15 14:14:44,BITCOIN,1432.03
416,966,966,2026-09-08 08:46:42,TARJETA,682.79
417,967,967,2025-01-15 09:37:24,TRANSFERENCIA,510.34
418,968,968,2025-07-01 05:00:21,EFECTIVO,2538.74
419,969,969,2025-11-07 15:15:20,TRANSFERENCIA,169.21
420,970,970,2025-12-13 03:31:33,PAYPAL,2052.51
421,971,971,2026-12-22 16:02:11,EFECTIVO,1141.11
422,972,972,2026-09-07 04:37:53,TRANSFERENCIA,468.53
423,973,973,2025-09-17 16:21:07,TRANSFERENCIA,368.87
424,974,974,2025-11-27 03:52:03,EFECTIVO,2194.42
425,975,975,2025-07-04 00:41:13,TRANSFERENCIA,524.42
426,976,976,2025-11-30 08:37:47,TRANSFERENCIA,2580.25
427,977,977,2026-10-10 17:59:09,EFECTIVO,1946.61
428,978,978,2026-07-07 05:39:30,TRANSFERENCIA,969.94
429,979,979,2026-02-05 14:26:04,PAYPAL,509.17
430,980,980,2026-12-19 17:11:35,PAYPAL,1171.19
431,981,981,2026-04-08 01:32:50,BITCOIN,1237.84
432,982,982,2026-06-15 15:28:05,BITCOIN,1722.39
433,983,983,2026-06-29 00:58:41,PAYPAL,1469.95
434,984,984,2025-01-07 17:58:53,PAYPAL,175.23
435,985,985,2026-03-02 13:07:49,TARJETA,1120.57
436,986,986,2026-07-17 13:08:08,TARJETA,1007.78
437,987,987,2026-03-25 23:15:50,TRANSFERENCIA,1973.14
438,988,988,2026-07-17 05:28:49,TARJETA,236.56
439,989,989,2026-01-07 17:32:38,BITCOIN,2510.83
440,990,990,2025-12-22 10:16:37,TARJETA,1652.51
441,991,991,2025-04-20 17:27:44,TARJETA,1933.71
442,992,992,2025-07-23 23:50:14,BITCOIN,2305.44
443,993,993,2026-08-09 22:41:11,BITCOIN,2093.43
444,994,994,2025-09-08 15:23:21,EFECTIVO,1319.56
445,995,995,2025-11-10 19:27:31,TRANSFERENCIA,1139.24
446,996,996,2026-09-14 08:06:29,TRANSFERENCIA,2427.61
447,997,997,2025-02-09 04:33:10,TRANSFERENCIA,983.46
448,998,998,2026-11-27 04:53:11,EFECTIVO,1285.09
449,999,999,2026-01-13 03:52:15,TRANSFERENCIA,84.73
450,1000,1000,2025-11-05 23:31:42,EFECTIVO,2638.31
