"id_detalle_factura","id_factura","id_servicio","id_habitacion","id_descuento","id_aumento_costo","concepto","precio_unitario","cantidad","subtotal","monto_descuento","monto_aumento","precio_total"
1,1,,331,,,Estad??a de habitaci??n,116.86,1,116.86,0.00,0.00,116.86
2,2,,331,,,Estad??a de habitaci??n,116.86,3,350.58,0.00,0.00,350.58
3,3,,331,,,Estad??a de habitaci??n,116.86,4,467.44,0.00,0.00,467.44
4,4,,331,,,Estad??a de habitaci??n,116.86,3,350.58,0.00,0.00,350.58
5,5,,331,,,Estad??a de habitaci??n,116.86,11,1285.46,0.00,0.00,1285.46
6,6,,331,,,Estad??a de habitaci??n,116.86,3,350.58,0.00,0.00,350.58
7,7,,331,,,Estad??a de habitaci??n,116.86,13,1519.18,0.00,0.00,1519.18
8,8,,331,,,Estad??a de habitaci??n,116.86,8,934.88,0.00,0.00,934.88
9,9,,331,,,Estad??a de habitaci??n,116.86,2,233.72,0.00,0.00,233.72
10,10,,331,,,Estad??a de habitaci??n,116.86,10,1168.60,0.00,0.00,1168.60
11,11,,282,,,Estad??a de habitaci??n,748.15,10,7481.50,0.00,0.00,7481.50
12,12,,331,,,Estad??a de habitaci??n,116.86,15,1752.90,0.00,0.00,1752.90
13,13,,331,,,Estad??a de habitaci??n,116.86,11,1285.46,0.00,0.00,1285.46
14,14,,331,,,Estad??a de habitaci??n,116.86,2,233.72,0.00,0.00,233.72
15,15,,331,,,Estad??a de habitaci??n,116.86,15,1752.90,0.00,0.00,1752.90
16,16,,331,,,Estad??a de habitaci??n,116.86,1,116.86,0.00,0.00,116.86
17,17,,331,,,Estad??a de habitaci??n,116.86,9,1051.74,0.00,0.00,1051.74
18,18,,331,,,Estad??a de habitaci??n,116.86,13,1519.18,0.00,0.00,1519.18
19,19,,331,,,Estad??a de habitaci??n,116.86,8,934.88,0.00,0.00,934.88
20,20,,151,,,Estad??a de habitaci??n,110.54,14,1547.56,0.00,0.00,1547.56
21,21,,331,,,Estad??a de habitaci??n,116.86,12,1402.32,0.00,0.00,1402.32
22,22,,331,,,Estad??a de habitaci??n,116.86,8,934.88,0.00,0.00,934.88
23,23,,331,,,Estad??a de habitaci??n,116.86,14,1636.04,0.00,0.00,1636.04
24,24,,13,,,Estad??a de habitaci??n,646.25,5,3231.25,0.00,0.00,3231.25
25,25,,331,,,Estad??a de habitaci??n,116.86,4,467.44,0.00,0.00,467.44
26,26,,331,,,Estad??a de habitaci??n,116.86,15,1752.90,0.00,0.00,1752.90
27,27,,331,,,Estad??a de habitaci??n,116.86,6,701.16,0.00,0.00,701.16
28,28,,331,,,Estad??a de habitaci??n,116.86,8,934.88,0.00,0.00,934.88
29,29,,331,,,Estad??a de habitaci??n,116.86,12,1402.32,0.00,0.00,1402.32
30,30,,331,,,Estad??a de habitaci??n,116.86,14,1636.04,0.00,0.00,1636.04
31,31,,78,,,Estad??a de habitaci??n,176.29,10,1762.90,0.00,0.00,1762.90
32,32,,331,,,Estad??a de habitaci??n,116.86,12,1402.32,0.00,0.00,1402.32
33,33,,331,,,Estad??a de habitaci??n,116.86,12,1402.32,0.00,0.00,1402.32
34,34,,331,,,Estad??a de habitaci??n,116.86,3,350.58,0.00,0.00,350.58
35,35,,331,,,Estad??a de habitaci??n,116.86,8,934.88,0.00,0.00,934.88
36,36,,331,,,Estad??a de habitaci??n,116.86,14,1636.04,0.00,0.00,1636.04
37,37,,331,,,Estad??a de habitaci??n,116.86,3,350.58,0.00,0.00,350.58
38,38,,331,,,Estad??a de habitaci??n,116.86,11,1285.46,0.00,0.00,1285.46
39,39,,331,,,Estad??a de habitaci??n,116.86,3,350.58,0.00,0.00,350.58
40,40,,331,,,Estad??a de habitaci??n,116.86,4,467.44,0.00,0.00,467.44
41,41,,49,,,Estad??a de habitaci??n,451.40,12,5416.80,0.00,0.00,5416.80
42,42,,331,,,Estad??a de habitaci??n,116.86,13,1519.18,0.00,0.00,1519.18
43,43,,331,,,Estad??a de habitaci??n,116.86,13,1519.18,0.00,0.00,1519.18
44,44,,331,,,Estad??a de habitaci??n,116.86,9,1051.74,0.00,0.00,1051.74
45,45,,331,,,Estad??a de habitaci??n,116.86,9,1051.74,0.00,0.00,1051.74
46,46,,331,,,Estad??a de habitaci??n,116.86,8,934.88,0.00,0.00,934.88
47,47,,331,,,Estad??a de habitaci??n,116.86,11,1285.46,0.00,0.00,1285.46
48,48,,331,,,Estad??a de habitaci??n,116.86,3,350.58,0.00,0.00,350.58
49,49,,17,,,Estad??a de habitaci??n,439.08,2,878.16,0.00,0.00,878.16
50,50,,260,,,Estad??a de habitaci??n,431.26,9,3881.34,0.00,0.00,3881.34
51,51,,331,,,Estad??a de habitaci??n,116.86,5,584.30,0.00,0.00,584.30
52,52,,331,,,Estad??a de habitaci??n,116.86,12,1402.32,0.00,0.00,1402.32
53,53,,120,,,Estad??a de habitaci??n,155.80,10,1558.00,0.00,0.00,1558.00
54,54,,331,,,Estad??a de habitaci??n,116.86,3,350.58,0.00,0.00,350.58
55,55,,331,,,Estad??a de habitaci??n,116.86,10,1168.60,0.00,0.00,1168.60
56,56,,331,,,Estad??a de habitaci??n,116.86,4,467.44,0.00,0.00,467.44
57,57,,81,,,Estad??a de habitaci??n,439.03,11,4829.33,0.00,0.00,4829.33
58,58,,331,,,Estad??a de habitaci??n,116.86,1,116.86,0.00,0.00,116.86
59,59,,57,,,Estad??a de habitaci??n,683.50,5,3417.50,0.00,0.00,3417.50
60,59,,57,,,Estad??a de habitaci??n,683.50,5,3417.50,0.00,0.00,3417.50
61,60,,112,,,Estad??a de habitaci??n,210.33,13,2734.29,0.00,0.00,2734.29
62,61,,896,,,Estad??a de habitaci??n,699.26,8,5594.08,0.00,0.00,5594.08
63,62,,331,,,Estad??a de habitaci??n,116.86,5,584.30,0.00,0.00,584.30
64,63,,853,,,Estad??a de habitaci??n,261.76,9,2355.84,0.00,0.00,2355.84
65,64,,331,,,Estad??a de habitaci??n,116.86,3,350.58,0.00,0.00,350.58
66,65,,85,,,Estad??a de habitaci??n,204.31,8,1634.48,0.00,0.00,1634.48
67,66,,331,,,Estad??a de habitaci??n,116.86,12,1402.32,0.00,0.00,1402.32
68,67,,331,,,Estad??a de habitaci??n,116.86,13,1519.18,0.00,0.00,1519.18
69,68,,331,,,Estad??a de habitaci??n,116.86,7,818.02,0.00,0.00,818.02
70,69,,331,,,Estad??a de habitaci??n,116.86,4,467.44,0.00,0.00,467.44
71,70,,331,,,Estad??a de habitaci??n,116.86,9,1051.74,0.00,0.00,1051.74
72,71,,331,,,Estad??a de habitaci??n,116.86,3,350.58,0.00,0.00,350.58
73,72,,331,,,Estad??a de habitaci??n,116.86,8,934.88,0.00,0.00,934.88
74,73,,331,,,Estad??a de habitaci??n,116.86,10,1168.60,0.00,0.00,1168.60
75,74,,331,,,Estad??a de habitaci??n,116.86,8,934.88,0.00,0.00,934.88
76,75,,331,,,Estad??a de habitaci??n,116.86,6,701.16,0.00,0.00,701.16
77,76,,331,,,Estad??a de habitaci??n,116.86,11,1285.46,0.00,0.00,1285.46
78,77,,38,,,Estad??a de habitaci??n,229.98,15,3449.70,0.00,0.00,3449.70
79,78,,331,,,Estad??a de habitaci??n,116.86,11,1285.46,0.00,0.00,1285.46
80,79,,331,,,Estad??a de habitaci??n,116.86,4,467.44,0.00,0.00,467.44
81,80,,331,,,Estad??a de habitaci??n,116.86,4,467.44,0.00,0.00,467.44
82,81,,331,,,Estad??a de habitaci??n,116.86,8,934.88,0.00,0.00,934.88
83,82,,331,,,Estad??a de habitaci??n,116.86,5,584.30,0.00,0.00,584.30
84,83,,331,,,Estad??a de habitaci??n,116.86,7,818.02,0.00,0.00,818.02
85,84,,331,,,Estad??a de habitaci??n,116.86,5,584.30,0.00,0.00,584.30
86,85,,331,,,Estad??a de habitaci??n,116.86,15,1752.90,0.00,0.00,1752.90
87,86,,331,,,Estad??a de habitaci??n,116.86,5,584.30,0.00,0.00,584.30
88,87,,303,,,Estad??a de habitaci??n,707.69,3,2123.07,0.00,0.00,2123.07
89,87,,303,,,Estad??a de habitaci??n,707.69,3,2123.07,0.00,0.00,2123.07
90,88,,331,,,Estad??a de habitaci??n,116.86,10,1168.60,0.00,0.00,1168.60
91,89,,331,,,Estad??a de habitaci??n,116.86,15,1752.90,0.00,0.00,1752.90
92,90,,73,,,Estad??a de habitaci??n,532.31,13,6920.03,0.00,0.00,6920.03
93,90,,73,,,Estad??a de habitaci??n,532.31,13,6920.03,0.00,0.00,6920.03
94,91,,331,,,Estad??a de habitaci??n,116.86,7,818.02,0.00,0.00,818.02
95,92,,331,,,Estad??a de habitaci??n,116.86,14,1636.04,0.00,0.00,1636.04
96,93,,180,,,Estad??a de habitaci??n,580.66,4,2322.64,0.00,0.00,2322.64
97,94,,331,,,Estad??a de habitaci??n,116.86,7,818.02,0.00,0.00,818.02
98,95,,331,,,Estad??a de habitaci??n,116.86,11,1285.46,0.00,0.00,1285.46
99,96,,333,,,Estad??a de habitaci??n,589.81,8,4718.48,0.00,0.00,4718.48
100,96,,699,,,Estad??a de habitaci??n,351.55,8,2812.40,0.00,0.00,2812.40
101,97,,181,,,Estad??a de habitaci??n,655.55,1,655.55,0.00,0.00,655.55
102,97,,342,,,Estad??a de habitaci??n,740.68,1,740.68,0.00,0.00,740.68
103,98,,419,,,Estad??a de habitaci??n,366.54,11,4031.94,0.00,0.00,4031.94
104,98,,490,,,Estad??a de habitaci??n,246.47,11,2711.17,0.00,0.00,2711.17
105,98,,688,,,Estad??a de habitaci??n,520.26,11,5722.86,0.00,0.00,5722.86
106,99,,727,,,Estad??a de habitaci??n,198.62,5,993.10,0.00,0.00,993.10
107,100,,93,,,Estad??a de habitaci??n,717.83,15,10767.45,0.00,0.00,10767.45
108,100,,435,,,Estad??a de habitaci??n,120.67,15,1810.05,0.00,0.00,1810.05
109,100,,379,,,Estad??a de habitaci??n,566.82,15,8502.30,0.00,0.00,8502.30
110,101,,595,,,Estad??a de habitaci??n,609.16,13,7919.08,0.00,0.00,7919.08
111,102,,494,,,Estad??a de habitaci??n,739.72,2,1479.44,0.00,0.00,1479.44
112,102,,303,,,Estad??a de habitaci??n,707.69,2,1415.38,0.00,0.00,1415.38
113,103,,783,,,Estad??a de habitaci??n,707.31,14,9902.34,0.00,0.00,9902.34
114,103,,390,,,Estad??a de habitaci??n,398.74,14,5582.36,0.00,0.00,5582.36
115,103,,45,,,Estad??a de habitaci??n,732.84,14,10259.76,0.00,0.00,10259.76
116,103,,244,,,Estad??a de habitaci??n,563.19,14,7884.66,0.00,0.00,7884.66
117,104,,613,,,Estad??a de habitaci??n,554.50,11,6099.50,0.00,0.00,6099.50
118,104,,1,,,Estad??a de habitaci??n,79.74,11,877.14,0.00,0.00,877.14
119,104,,814,,,Estad??a de habitaci??n,583.10,11,6414.10,0.00,0.00,6414.10
120,105,,903,,,Estad??a de habitaci??n,588.47,6,3530.82,0.00,0.00,3530.82
121,106,,699,,,Estad??a de habitaci??n,351.55,10,3515.50,0.00,0.00,3515.50
122,107,,954,,,Estad??a de habitaci??n,616.98,11,6786.78,0.00,0.00,6786.78
123,107,,70,,,Estad??a de habitaci??n,170.26,11,1872.86,0.00,0.00,1872.86
124,107,,463,,,Estad??a de habitaci??n,665.51,11,7320.61,0.00,0.00,7320.61
125,108,,595,,,Estad??a de habitaci??n,609.16,5,3045.80,0.00,0.00,3045.80
126,109,,131,,,Estad??a de habitaci??n,529.45,3,1588.35,0.00,0.00,1588.35
127,109,,877,,,Estad??a de habitaci??n,250.72,3,752.16,0.00,0.00,752.16
128,110,,645,,,Estad??a de habitaci??n,705.98,1,705.98,0.00,0.00,705.98
129,111,,784,,,Estad??a de habitaci??n,472.57,13,6143.41,0.00,0.00,6143.41
130,112,,162,,,Estad??a de habitaci??n,668.63,13,8692.19,0.00,0.00,8692.19
131,112,,401,,,Estad??a de habitaci??n,448.34,13,5828.42,0.00,0.00,5828.42
132,113,,916,,,Estad??a de habitaci??n,145.35,2,290.70,0.00,0.00,290.70
133,114,,490,,,Estad??a de habitaci??n,246.47,8,1971.76,0.00,0.00,1971.76
134,114,,242,,,Estad??a de habitaci??n,401.76,8,3214.08,0.00,0.00,3214.08
135,115,,652,,,Estad??a de habitaci??n,138.34,14,1936.76,0.00,0.00,1936.76
136,115,,583,,,Estad??a de habitaci??n,636.49,14,8910.86,0.00,0.00,8910.86
137,116,,864,,,Estad??a de habitaci??n,583.95,4,2335.80,0.00,0.00,2335.80
138,117,,366,,,Estad??a de habitaci??n,692.51,7,4847.57,0.00,0.00,4847.57
139,118,,203,,,Estad??a de habitaci??n,232.34,1,232.34,0.00,0.00,232.34
140,118,,681,,,Estad??a de habitaci??n,145.90,1,145.90,0.00,0.00,145.90
141,119,,178,,,Estad??a de habitaci??n,353.55,14,4949.70,0.00,0.00,4949.70
142,119,,110,,,Estad??a de habitaci??n,288.54,14,4039.56,0.00,0.00,4039.56
143,119,,773,,,Estad??a de habitaci??n,397.23,14,5561.22,0.00,0.00,5561.22
144,120,,753,,,Estad??a de habitaci??n,215.89,10,2158.90,0.00,0.00,2158.90
145,120,,340,,,Estad??a de habitaci??n,257.22,10,2572.20,0.00,0.00,2572.20
146,121,,741,,,Estad??a de habitaci??n,529.31,15,7939.65,0.00,0.00,7939.65
147,121,,799,,,Estad??a de habitaci??n,536.00,15,8040.00,0.00,0.00,8040.00
148,121,,446,,,Estad??a de habitaci??n,644.51,15,9667.65,0.00,0.00,9667.65
149,122,,536,,,Estad??a de habitaci??n,676.69,14,9473.66,0.00,0.00,9473.66
150,122,,307,,,Estad??a de habitaci??n,386.39,14,5409.46,0.00,0.00,5409.46
151,123,,437,,,Estad??a de habitaci??n,147.59,4,590.36,0.00,0.00,590.36
152,124,,233,,,Estad??a de habitaci??n,686.64,13,8926.32,0.00,0.00,8926.32
153,124,,813,,,Estad??a de habitaci??n,650.21,13,8452.73,0.00,0.00,8452.73
154,125,,78,,,Estad??a de habitaci??n,176.29,8,1410.32,0.00,0.00,1410.32
155,125,,428,,,Estad??a de habitaci??n,530.51,8,4244.08,0.00,0.00,4244.08
156,126,,211,,,Estad??a de habitaci??n,98.00,11,1078.00,0.00,0.00,1078.00
157,127,,553,,,Estad??a de habitaci??n,538.07,9,4842.63,0.00,0.00,4842.63
158,127,,296,,,Estad??a de habitaci??n,209.02,9,1881.18,0.00,0.00,1881.18
159,127,,222,,,Estad??a de habitaci??n,365.52,9,3289.68,0.00,0.00,3289.68
160,127,,576,,,Estad??a de habitaci??n,723.00,9,6507.00,0.00,0.00,6507.00
161,128,,896,,,Estad??a de habitaci??n,699.26,13,9090.38,0.00,0.00,9090.38
162,129,,639,,,Estad??a de habitaci??n,327.57,3,982.71,0.00,0.00,982.71
163,129,,426,,,Estad??a de habitaci??n,271.44,3,814.32,0.00,0.00,814.32
164,130,,111,,,Estad??a de habitaci??n,234.07,12,2808.84,0.00,0.00,2808.84
165,131,,670,,,Estad??a de habitaci??n,143.71,3,431.13,0.00,0.00,431.13
166,131,,647,,,Estad??a de habitaci??n,403.25,3,1209.75,0.00,0.00,1209.75
167,132,,559,,,Estad??a de habitaci??n,252.82,4,1011.28,0.00,0.00,1011.28
168,132,,673,,,Estad??a de habitaci??n,254.28,4,1017.12,0.00,0.00,1017.12
169,133,,480,,,Estad??a de habitaci??n,514.60,8,4116.80,0.00,0.00,4116.80
170,134,,147,,,Estad??a de habitaci??n,281.19,13,3655.47,0.00,0.00,3655.47
171,135,,836,,,Estad??a de habitaci??n,529.56,1,529.56,0.00,0.00,529.56
172,135,,154,,,Estad??a de habitaci??n,178.37,1,178.37,0.00,0.00,178.37
173,135,,752,,,Estad??a de habitaci??n,201.36,1,201.36,0.00,0.00,201.36
174,136,,673,,,Estad??a de habitaci??n,254.28,7,1779.96,0.00,0.00,1779.96
175,137,,933,,,Estad??a de habitaci??n,485.18,3,1455.54,0.00,0.00,1455.54
176,137,,831,,,Estad??a de habitaci??n,749.82,3,2249.46,0.00,0.00,2249.46
177,138,,817,,,Estad??a de habitaci??n,91.00,15,1365.00,0.00,0.00,1365.00
178,138,,165,,,Estad??a de habitaci??n,144.18,15,2162.70,0.00,0.00,2162.70
179,139,,380,,,Estad??a de habitaci??n,190.39,13,2475.07,0.00,0.00,2475.07
180,139,,435,,,Estad??a de habitaci??n,120.67,13,1568.71,0.00,0.00,1568.71
181,139,,836,,,Estad??a de habitaci??n,529.56,13,6884.28,0.00,0.00,6884.28
182,140,,456,,,Estad??a de habitaci??n,744.84,9,6703.56,0.00,0.00,6703.56
183,140,,23,,,Estad??a de habitaci??n,394.30,9,3548.70,0.00,0.00,3548.70
184,140,,246,,,Estad??a de habitaci??n,351.19,9,3160.71,0.00,0.00,3160.71
185,141,,935,,,Estad??a de habitaci??n,740.62,12,8887.44,0.00,0.00,8887.44
186,141,,33,,,Estad??a de habitaci??n,273.74,12,3284.88,0.00,0.00,3284.88
187,142,,429,,,Estad??a de habitaci??n,575.66,8,4605.28,0.00,0.00,4605.28
188,143,,11,,,Estad??a de habitaci??n,658.48,10,6584.80,0.00,0.00,6584.80
189,144,,628,,,Estad??a de habitaci??n,75.26,6,451.56,0.00,0.00,451.56
190,144,,256,,,Estad??a de habitaci??n,536.08,6,3216.48,0.00,0.00,3216.48
191,145,,299,,,Estad??a de habitaci??n,723.50,7,5064.50,0.00,0.00,5064.50
192,145,,626,,,Estad??a de habitaci??n,746.09,7,5222.63,0.00,0.00,5222.63
193,146,,906,,,Estad??a de habitaci??n,88.00,3,264.00,0.00,0.00,264.00
194,146,,397,,,Estad??a de habitaci??n,116.01,3,348.03,0.00,0.00,348.03
195,146,,947,,,Estad??a de habitaci??n,92.74,3,278.22,0.00,0.00,278.22
196,146,,229,,,Estad??a de habitaci??n,118.17,3,354.51,0.00,0.00,354.51
197,147,,485,,,Estad??a de habitaci??n,88.73,3,266.19,0.00,0.00,266.19
198,148,,724,,,Estad??a de habitaci??n,552.42,15,8286.30,0.00,0.00,8286.30
199,148,,361,,,Estad??a de habitaci??n,487.63,15,7314.45,0.00,0.00,7314.45
200,149,,419,,,Estad??a de habitaci??n,366.54,15,5498.10,0.00,0.00,5498.10
201,149,,396,,,Estad??a de habitaci??n,560.39,15,8405.85,0.00,0.00,8405.85
202,149,,331,,,Estad??a de habitaci??n,116.86,15,1752.90,0.00,0.00,1752.90
203,150,,898,,,Estad??a de habitaci??n,314.31,15,4714.65,0.00,0.00,4714.65
204,151,,773,,,Estad??a de habitaci??n,397.23,10,3972.30,0.00,0.00,3972.30
205,152,,368,,,Estad??a de habitaci??n,682.15,5,3410.75,0.00,0.00,3410.75
206,153,,452,,,Estad??a de habitaci??n,447.73,15,6715.95,0.00,0.00,6715.95
207,154,,640,,,Estad??a de habitaci??n,714.98,15,10724.70,0.00,0.00,10724.70
208,155,,646,,,Estad??a de habitaci??n,441.45,3,1324.35,0.00,0.00,1324.35
209,156,,521,,,Estad??a de habitaci??n,489.48,7,3426.36,0.00,0.00,3426.36
210,156,,439,,,Estad??a de habitaci??n,489.17,7,3424.19,0.00,0.00,3424.19
211,157,,535,,,Estad??a de habitaci??n,734.51,11,8079.61,0.00,0.00,8079.61
212,158,,64,,,Estad??a de habitaci??n,384.40,10,3844.00,0.00,0.00,3844.00
213,159,,655,,,Estad??a de habitaci??n,566.78,2,1133.56,0.00,0.00,1133.56
214,160,,314,,,Estad??a de habitaci??n,82.38,7,576.66,0.00,0.00,576.66
215,161,,960,,,Estad??a de habitaci??n,616.71,11,6783.81,0.00,0.00,6783.81
216,162,,409,,,Estad??a de habitaci??n,655.47,15,9832.05,0.00,0.00,9832.05
217,163,,728,,,Estad??a de habitaci??n,518.03,9,4662.27,0.00,0.00,4662.27
218,164,,973,,,Estad??a de habitaci??n,111.26,4,445.04,0.00,0.00,445.04
219,165,,488,,,Estad??a de habitaci??n,532.94,14,7461.16,0.00,0.00,7461.16
220,165,,229,,,Estad??a de habitaci??n,118.17,14,1654.38,0.00,0.00,1654.38
221,166,,852,,,Estad??a de habitaci??n,408.84,3,1226.52,0.00,0.00,1226.52
222,166,,520,,,Estad??a de habitaci??n,169.63,3,508.89,0.00,0.00,508.89
223,167,,694,,,Estad??a de habitaci??n,172.26,12,2067.12,0.00,0.00,2067.12
224,168,,915,,,Estad??a de habitaci??n,628.76,1,628.76,0.00,0.00,628.76
225,169,,248,,,Estad??a de habitaci??n,137.99,5,689.95,0.00,0.00,689.95
226,170,,536,,,Estad??a de habitaci??n,676.69,12,8120.28,0.00,0.00,8120.28
227,171,,202,,,Estad??a de habitaci??n,548.44,4,2193.76,0.00,0.00,2193.76
228,171,,518,,,Estad??a de habitaci??n,400.95,4,1603.80,0.00,0.00,1603.80
229,172,,532,,,Estad??a de habitaci??n,67.00,11,737.00,0.00,0.00,737.00
230,173,,806,,,Estad??a de habitaci??n,117.18,4,468.72,0.00,0.00,468.72
231,174,,816,,,Estad??a de habitaci??n,237.26,6,1423.56,0.00,0.00,1423.56
232,174,,367,,,Estad??a de habitaci??n,476.20,6,2857.20,0.00,0.00,2857.20
233,175,,561,,,Estad??a de habitaci??n,473.37,3,1420.11,0.00,0.00,1420.11
234,176,,464,,,Estad??a de habitaci??n,600.28,1,600.28,0.00,0.00,600.28
235,177,,288,,,Estad??a de habitaci??n,86.00,10,860.00,0.00,0.00,860.00
236,178,,332,,,Estad??a de habitaci??n,470.38,13,6114.94,0.00,0.00,6114.94
237,178,,820,,,Estad??a de habitaci??n,148.49,13,1930.37,0.00,0.00,1930.37
238,179,,418,,,Estad??a de habitaci??n,700.87,3,2102.61,0.00,0.00,2102.61
239,180,,301,,,Estad??a de habitaci??n,508.72,5,2543.60,0.00,0.00,2543.60
240,155,6,,,,Lavander??a (por libra),41.00,1,41.00,0.00,0.00,41.00
241,101,9,,,,Cena Rom??ntica en Playa,80.00,1,80.00,0.00,0.00,80.00
242,143,8,,,,Clase de Surf Privada,25.00,1,25.00,0.00,0.00,25.00
243,139,2,,,,Masaje Relajante 60 min,45.00,1,45.00,0.00,0.00,45.00
244,142,3,,,,Transporte Aeropuerto,35.00,1,35.00,0.00,0.00,35.00
245,32,8,,,,Clase de Surf Privada,25.00,1,25.00,0.00,0.00,25.00
246,146,10,,,,Estacionamiento Valet,32.00,1,32.00,0.00,0.00,32.00
247,52,3,,,,Transporte Aeropuerto,35.00,1,35.00,0.00,0.00,35.00
248,97,9,,,,Cena Rom??ntica en Playa,80.00,1,80.00,0.00,0.00,80.00
249,9,1,,,,Desayuno Buffet,15.00,1,15.00,0.00,0.00,15.00
250,144,9,,,,Cena Rom??ntica en Playa,80.00,1,80.00,0.00,0.00,80.00
251,124,1,,,,Desayuno Buffet,15.00,1,15.00,0.00,0.00,15.00
252,169,4,,,,Servicio a la Habitaci??n,10.00,1,10.00,0.00,0.00,10.00
253,92,1,,,,Desayuno Buffet,15.00,1,15.00,0.00,0.00,15.00
254,98,7,,,,Alquiler de Bicicleta,12.00,1,12.00,0.00,0.00,12.00
255,169,1,,,,Desayuno Buffet,15.00,1,15.00,0.00,0.00,15.00
256,142,2,,,,Masaje Relajante 60 min,45.00,1,45.00,0.00,0.00,45.00
257,21,2,,,,Masaje Relajante 60 min,45.00,1,45.00,0.00,0.00,45.00
258,67,5,,,,Tour Guiado Volcanes,60.00,1,60.00,0.00,0.00,60.00
259,35,4,,,,Servicio a la Habitaci??n,10.00,1,10.00,0.00,0.00,10.00
260,162,2,,,,Masaje Relajante 60 min,45.00,1,45.00,0.00,0.00,45.00
261,146,7,,,,Alquiler de Bicicleta,12.00,1,12.00,0.00,0.00,12.00
262,95,2,,,,Masaje Relajante 60 min,45.00,1,45.00,0.00,0.00,45.00
263,157,7,,,,Alquiler de Bicicleta,12.00,1,12.00,0.00,0.00,12.00
264,22,6,,,,Lavander??a (por libra),41.00,1,41.00,0.00,0.00,41.00
265,25,5,,,,Tour Guiado Volcanes,60.00,1,60.00,0.00,0.00,60.00
266,60,3,,,,Transporte Aeropuerto,35.00,1,35.00,0.00,0.00,35.00
267,60,4,,,,Servicio a la Habitaci??n,10.00,1,10.00,0.00,0.00,10.00
268,18,7,,,,Alquiler de Bicicleta,12.00,1,12.00,0.00,0.00,12.00
269,160,4,,,,Servicio a la Habitaci??n,10.00,1,10.00,0.00,0.00,10.00
270,66,2,,,,Masaje Relajante 60 min,45.00,1,45.00,0.00,0.00,45.00
271,18,9,,,,Cena Rom??ntica en Playa,80.00,1,80.00,0.00,0.00,80.00
272,74,6,,,,Lavander??a (por libra),41.00,1,41.00,0.00,0.00,41.00
273,50,10,,,,Estacionamiento Valet,32.00,1,32.00,0.00,0.00,32.00
274,66,3,,,,Transporte Aeropuerto,35.00,1,35.00,0.00,0.00,35.00
275,56,3,,,,Transporte Aeropuerto,35.00,1,35.00,0.00,0.00,35.00
276,18,1,,,,Desayuno Buffet,15.00,1,15.00,0.00,0.00,15.00
277,47,7,,,,Alquiler de Bicicleta,12.00,1,12.00,0.00,0.00,12.00
278,103,2,,,,Masaje Relajante 60 min,45.00,1,45.00,0.00,0.00,45.00
279,12,2,,,,Masaje Relajante 60 min,45.00,1,45.00,0.00,0.00,45.00
280,153,7,,,,Alquiler de Bicicleta,12.00,1,12.00,0.00,0.00,12.00
281,164,8,,,,Clase de Surf Privada,25.00,1,25.00,0.00,0.00,25.00
282,51,8,,,,Clase de Surf Privada,25.00,1,25.00,0.00,0.00,25.00
283,178,8,,,,Clase de Surf Privada,25.00,1,25.00,0.00,0.00,25.00
284,98,5,,,,Tour Guiado Volcanes,60.00,1,60.00,0.00,0.00,60.00
285,129,7,,,,Alquiler de Bicicleta,12.00,1,12.00,0.00,0.00,12.00
286,18,3,,,,Transporte Aeropuerto,35.00,1,35.00,0.00,0.00,35.00
287,25,7,,,,Alquiler de Bicicleta,12.00,1,12.00,0.00,0.00,12.00
288,96,6,,,,Lavander??a (por libra),41.00,1,41.00,0.00,0.00,41.00
289,154,9,,,,Cena Rom??ntica en Playa,80.00,1,80.00,0.00,0.00,80.00
290,158,6,,,,Lavander??a (por libra),41.00,1,41.00,0.00,0.00,41.00
291,11,5,,,,Tour Guiado Volcanes,60.00,1,60.00,0.00,0.00,60.00
292,87,3,,,,Transporte Aeropuerto,35.00,1,35.00,0.00,0.00,35.00
293,163,2,,,,Masaje Relajante 60 min,45.00,1,45.00,0.00,0.00,45.00
294,20,1,,,,Desayuno Buffet,15.00,1,15.00,0.00,0.00,15.00
295,126,1,,,,Desayuno Buffet,15.00,1,15.00,0.00,0.00,15.00
296,149,2,,,,Masaje Relajante 60 min,45.00,1,45.00,0.00,0.00,45.00
297,175,5,,,,Tour Guiado Volcanes,60.00,1,60.00,0.00,0.00,60.00
298,173,4,,,,Servicio a la Habitaci??n,10.00,1,10.00,0.00,0.00,10.00
299,177,6,,,,Lavander??a (por libra),41.00,1,41.00,0.00,0.00,41.00
300,44,5,,,,Tour Guiado Volcanes,60.00,1,60.00,0.00,0.00,60.00
301,85,2,,,,Masaje Relajante 60 min,45.00,1,45.00,0.00,0.00,45.00
302,116,1,,,,Desayuno Buffet,15.00,1,15.00,0.00,0.00,15.00
303,55,6,,,,Lavander??a (por libra),41.00,1,41.00,0.00,0.00,41.00
304,5,8,,,,Clase de Surf Privada,25.00,1,25.00,0.00,0.00,25.00
305,178,5,,,,Tour Guiado Volcanes,60.00,1,60.00,0.00,0.00,60.00
306,118,8,,,,Clase de Surf Privada,25.00,1,25.00,0.00,0.00,25.00
307,147,6,,,,Lavander??a (por libra),41.00,1,41.00,0.00,0.00,41.00
308,25,2,,,,Masaje Relajante 60 min,45.00,1,45.00,0.00,0.00,45.00
309,25,4,,,,Servicio a la Habitaci??n,10.00,1,10.00,0.00,0.00,10.00
310,179,2,,,,Masaje Relajante 60 min,45.00,1,45.00,0.00,0.00,45.00
311,83,4,,,,Servicio a la Habitaci??n,10.00,1,10.00,0.00,0.00,10.00
312,28,2,,,,Masaje Relajante 60 min,45.00,1,45.00,0.00,0.00,45.00
313,99,8,,,,Clase de Surf Privada,25.00,1,25.00,0.00,0.00,25.00
314,31,1,,,,Desayuno Buffet,15.00,1,15.00,0.00,0.00,15.00
315,131,8,,,,Clase de Surf Privada,25.00,1,25.00,0.00,0.00,25.00
316,14,5,,,,Tour Guiado Volcanes,60.00,1,60.00,0.00,0.00,60.00
317,127,3,,,,Transporte Aeropuerto,35.00,1,35.00,0.00,0.00,35.00
318,144,1,,,,Desayuno Buffet,15.00,1,15.00,0.00,0.00,15.00
319,165,2,,,,Masaje Relajante 60 min,45.00,1,45.00,0.00,0.00,45.00
320,95,6,,,,Lavander??a (por libra),41.00,1,41.00,0.00,0.00,41.00
321,8,3,,,,Transporte Aeropuerto,35.00,1,35.00,0.00,0.00,35.00
322,39,10,,,,Estacionamiento Valet,32.00,1,32.00,0.00,0.00,32.00
323,28,4,,,,Servicio a la Habitaci??n,10.00,1,10.00,0.00,0.00,10.00
324,117,3,,,,Transporte Aeropuerto,35.00,1,35.00,0.00,0.00,35.00
325,55,1,,,,Desayuno Buffet,15.00,1,15.00,0.00,0.00,15.00
326,102,10,,,,Estacionamiento Valet,32.00,1,32.00,0.00,0.00,32.00
327,1,10,,,,Estacionamiento Valet,32.00,1,32.00,0.00,0.00,32.00
328,1,7,,,,Alquiler de Bicicleta,12.00,1,12.00,0.00,0.00,12.00
329,68,3,,,,Transporte Aeropuerto,35.00,1,35.00,0.00,0.00,35.00
330,162,1,,,,Desayuno Buffet,15.00,1,15.00,0.00,0.00,15.00
331,52,4,,,,Servicio a la Habitaci??n,10.00,1,10.00,0.00,0.00,10.00
332,105,6,,,,Lavander??a (por libra),41.00,1,41.00,0.00,0.00,41.00
333,97,8,,,,Clase de Surf Privada,25.00,1,25.00,0.00,0.00,25.00
334,112,6,,,,Lavander??a (por libra),41.00,1,41.00,0.00,0.00,41.00
335,13,6,,,,Lavander??a (por libra),41.00,1,41.00,0.00,0.00,41.00
336,164,4,,,,Servicio a la Habitaci??n,10.00,1,10.00,0.00,0.00,10.00
337,87,1,,,,Desayuno Buffet,15.00,1,15.00,0.00,0.00,15.00
338,166,10,,,,Estacionamiento Valet,32.00,1,32.00,0.00,0.00,32.00
339,100,6,,,,Lavander??a (por libra),41.00,1,41.00,0.00,0.00,41.00
340,161,3,,,,Transporte Aeropuerto,35.00,1,35.00,0.00,0.00,35.00
341,76,1,,,,Desayuno Buffet,15.00,1,15.00,0.00,0.00,15.00
342,101,1,,,,Desayuno Buffet,15.00,1,15.00,0.00,0.00,15.00
343,144,1,,,,Desayuno Buffet,15.00,1,15.00,0.00,0.00,15.00
344,175,8,,,,Clase de Surf Privada,25.00,1,25.00,0.00,0.00,25.00
345,121,2,,,,Masaje Relajante 60 min,45.00,1,45.00,0.00,0.00,45.00
346,170,3,,,,Transporte Aeropuerto,35.00,1,35.00,0.00,0.00,35.00
347,114,4,,,,Servicio a la Habitaci??n,10.00,1,10.00,0.00,0.00,10.00
348,130,7,,,,Alquiler de Bicicleta,12.00,1,12.00,0.00,0.00,12.00
349,151,1,,,,Desayuno Buffet,15.00,1,15.00,0.00,0.00,15.00
350,38,10,,,,Estacionamiento Valet,32.00,1,32.00,0.00,0.00,32.00
351,160,1,,,,Desayuno Buffet,15.00,1,15.00,0.00,0.00,15.00
352,103,4,,,,Servicio a la Habitaci??n,10.00,1,10.00,0.00,0.00,10.00
353,132,9,,,,Cena Rom??ntica en Playa,80.00,1,80.00,0.00,0.00,80.00
354,87,4,,,,Servicio a la Habitaci??n,10.00,1,10.00,0.00,0.00,10.00
355,53,4,,,,Servicio a la Habitaci??n,10.00,1,10.00,0.00,0.00,10.00
356,153,10,,,,Estacionamiento Valet,32.00,1,32.00,0.00,0.00,32.00
357,142,8,,,,Clase de Surf Privada,25.00,1,25.00,0.00,0.00,25.00
358,67,1,,,,Desayuno Buffet,15.00,1,15.00,0.00,0.00,15.00
359,135,4,,,,Servicio a la Habitaci??n,10.00,1,10.00,0.00,0.00,10.00
360,101,1,,,,Desayuno Buffet,15.00,1,15.00,0.00,0.00,15.00
361,41,7,,,,Alquiler de Bicicleta,12.00,1,12.00,0.00,0.00,12.00
362,57,1,,,,Desayuno Buffet,15.00,1,15.00,0.00,0.00,15.00
363,74,4,,,,Servicio a la Habitaci??n,10.00,1,10.00,0.00,0.00,10.00
364,59,2,,,,Masaje Relajante 60 min,45.00,1,45.00,0.00,0.00,45.00
365,8,3,,,,Transporte Aeropuerto,35.00,1,35.00,0.00,0.00,35.00
366,2,9,,,,Cena Rom??ntica en Playa,80.00,1,80.00,0.00,0.00,80.00
367,146,1,,,,Desayuno Buffet,15.00,1,15.00,0.00,0.00,15.00
368,46,5,,,,Tour Guiado Volcanes,60.00,1,60.00,0.00,0.00,60.00
369,132,9,,,,Cena Rom??ntica en Playa,80.00,1,80.00,0.00,0.00,80.00
370,63,8,,,,Clase de Surf Privada,25.00,1,25.00,0.00,0.00,25.00
371,47,6,,,,Lavander??a (por libra),41.00,1,41.00,0.00,0.00,41.00
372,53,10,,,,Estacionamiento Valet,32.00,1,32.00,0.00,0.00,32.00
373,40,10,,,,Estacionamiento Valet,32.00,1,32.00,0.00,0.00,32.00
374,24,5,,,,Tour Guiado Volcanes,60.00,1,60.00,0.00,0.00,60.00
375,164,8,,,,Clase de Surf Privada,25.00,1,25.00,0.00,0.00,25.00
376,10,1,,,,Desayuno Buffet,15.00,1,15.00,0.00,0.00,15.00
377,5,7,,,,Alquiler de Bicicleta,12.00,1,12.00,0.00,0.00,12.00
378,29,5,,,,Tour Guiado Volcanes,60.00,1,60.00,0.00,0.00,60.00
379,158,4,,,,Servicio a la Habitaci??n,10.00,1,10.00,0.00,0.00,10.00
380,68,4,,,,Servicio a la Habitaci??n,10.00,1,10.00,0.00,0.00,10.00
381,136,3,,,,Transporte Aeropuerto,35.00,1,35.00,0.00,0.00,35.00
382,134,8,,,,Clase de Surf Privada,25.00,1,25.00,0.00,0.00,25.00
383,102,7,,,,Alquiler de Bicicleta,12.00,1,12.00,0.00,0.00,12.00
384,127,5,,,,Tour Guiado Volcanes,60.00,1,60.00,0.00,0.00,60.00
385,165,6,,,,Lavander??a (por libra),41.00,1,41.00,0.00,0.00,41.00
386,30,5,,,,Tour Guiado Volcanes,60.00,1,60.00,0.00,0.00,60.00
387,67,9,,,,Cena Rom??ntica en Playa,80.00,1,80.00,0.00,0.00,80.00
388,124,3,,,,Transporte Aeropuerto,35.00,1,35.00,0.00,0.00,35.00
389,10,7,,,,Alquiler de Bicicleta,12.00,1,12.00,0.00,0.00,12.00
390,99,3,,,,Transporte Aeropuerto,35.00,1,35.00,0.00,0.00,35.00
391,108,9,,,,Cena Rom??ntica en Playa,80.00,1,80.00,0.00,0.00,80.00
392,2,2,,,,Masaje Relajante 60 min,45.00,1,45.00,0.00,0.00,45.00
393,33,7,,,,Alquiler de Bicicleta,12.00,1,12.00,0.00,0.00,12.00
394,1,8,,,,Clase de Surf Privada,25.00,1,25.00,0.00,0.00,25.00
395,37,3,,,,Transporte Aeropuerto,35.00,1,35.00,0.00,0.00,35.00
396,36,10,,,,Estacionamiento Valet,32.00,1,32.00,0.00,0.00,32.00
397,142,1,,,,Desayuno Buffet,15.00,1,15.00,0.00,0.00,15.00
398,21,4,,,,Servicio a la Habitaci??n,10.00,1,10.00,0.00,0.00,10.00
399,20,1,,,,Desayuno Buffet,15.00,1,15.00,0.00,0.00,15.00
400,40,2,,,,Masaje Relajante 60 min,45.00,1,45.00,0.00,0.00,45.00
401,43,9,,,,Cena Rom??ntica en Playa,80.00,1,80.00,0.00,0.00,80.00
402,59,6,,,,Lavander??a (por libra),41.00,1,41.00,0.00,0.00,41.00
403,129,4,,,,Servicio a la Habitaci??n,10.00,1,10.00,0.00,0.00,10.00
404,13,4,,,,Servicio a la Habitaci??n,10.00,1,10.00,0.00,0.00,10.00
405,112,1,,,,Desayuno Buffet,15.00,1,15.00,0.00,0.00,15.00
406,96,6,,,,Lavander??a (por libra),41.00,1,41.00,0.00,0.00,41.00
407,96,4,,,,Servicio a la Habitaci??n,10.00,1,10.00,0.00,0.00,10.00
408,96,2,,,,Masaje Relajante 60 min,45.00,1,45.00,0.00,0.00,45.00
409,96,7,,,,Alquiler de Bicicleta,12.00,1,12.00,0.00,0.00,12.00
410,96,1,,,,Desayuno Buffet,15.00,1,15.00,0.00,0.00,15.00
411,96,3,,,,Transporte Aeropuerto,35.00,1,35.00,0.00,0.00,35.00
412,97,6,,,,Lavander??a (por libra),41.00,1,41.00,0.00,0.00,41.00
413,97,4,,,,Servicio a la Habitaci??n,10.00,1,10.00,0.00,0.00,10.00
414,97,2,,,,Masaje Relajante 60 min,45.00,1,45.00,0.00,0.00,45.00
415,97,7,,,,Alquiler de Bicicleta,12.00,1,12.00,0.00,0.00,12.00
416,97,1,,,,Desayuno Buffet,15.00,1,15.00,0.00,0.00,15.00
417,97,3,,,,Transporte Aeropuerto,35.00,1,35.00,0.00,0.00,35.00
418,98,6,,,,Lavander??a (por libra),41.00,1,41.00,0.00,0.00,41.00
419,98,4,,,,Servicio a la Habitaci??n,10.00,1,10.00,0.00,0.00,10.00
420,98,2,,,,Masaje Relajante 60 min,45.00,1,45.00,0.00,0.00,45.00
421,98,7,,,,Alquiler de Bicicleta,12.00,1,12.00,0.00,0.00,12.00
422,98,1,,,,Desayuno Buffet,15.00,1,15.00,0.00,0.00,15.00
423,98,3,,,,Transporte Aeropuerto,35.00,1,35.00,0.00,0.00,35.00
424,99,6,,,,Lavander??a (por libra),41.00,1,41.00,0.00,0.00,41.00
425,99,4,,,,Servicio a la Habitaci??n,10.00,1,10.00,0.00,0.00,10.00
426,99,2,,,,Masaje Relajante 60 min,45.00,1,45.00,0.00,0.00,45.00
427,99,7,,,,Alquiler de Bicicleta,12.00,1,12.00,0.00,0.00,12.00
428,99,1,,,,Desayuno Buffet,15.00,1,15.00,0.00,0.00,15.00
429,99,3,,,,Transporte Aeropuerto,35.00,1,35.00,0.00,0.00,35.00
430,100,6,,,,Lavander??a (por libra),41.00,1,41.00,0.00,0.00,41.00
431,100,4,,,,Servicio a la Habitaci??n,10.00,1,10.00,0.00,0.00,10.00
432,100,2,,,,Masaje Relajante 60 min,45.00,1,45.00,0.00,0.00,45.00
433,100,7,,,,Alquiler de Bicicleta,12.00,1,12.00,0.00,0.00,12.00
434,100,1,,,,Desayuno Buffet,15.00,1,15.00,0.00,0.00,15.00
435,100,3,,,,Transporte Aeropuerto,35.00,1,35.00,0.00,0.00,35.00
436,101,6,,,,Lavander??a (por libra),41.00,1,41.00,0.00,0.00,41.00
437,101,4,,,,Servicio a la Habitaci??n,10.00,1,10.00,0.00,0.00,10.00
438,101,2,,,,Masaje Relajante 60 min,45.00,1,45.00,0.00,0.00,45.00
439,101,7,,,,Alquiler de Bicicleta,12.00,1,12.00,0.00,0.00,12.00
440,101,1,,,,Desayuno Buffet,15.00,1,15.00,0.00,0.00,15.00
441,101,3,,,,Transporte Aeropuerto,35.00,1,35.00,0.00,0.00,35.00
442,102,6,,,,Lavander??a (por libra),41.00,1,41.00,0.00,0.00,41.00
443,102,4,,,,Servicio a la Habitaci??n,10.00,1,10.00,0.00,0.00,10.00
444,102,2,,,,Masaje Relajante 60 min,45.00,1,45.00,0.00,0.00,45.00
445,102,7,,,,Alquiler de Bicicleta,12.00,1,12.00,0.00,0.00,12.00
446,102,1,,,,Desayuno Buffet,15.00,1,15.00,0.00,0.00,15.00
447,102,3,,,,Transporte Aeropuerto,35.00,1,35.00,0.00,0.00,35.00
448,103,6,,,,Lavander??a (por libra),41.00,1,41.00,0.00,0.00,41.00
449,103,4,,,,Servicio a la Habitaci??n,10.00,1,10.00,0.00,0.00,10.00
450,103,2,,,,Masaje Relajante 60 min,45.00,1,45.00,0.00,0.00,45.00
451,103,7,,,,Alquiler de Bicicleta,12.00,1,12.00,0.00,0.00,12.00
452,103,1,,,,Desayuno Buffet,15.00,1,15.00,0.00,0.00,15.00
453,103,3,,,,Transporte Aeropuerto,35.00,1,35.00,0.00,0.00,35.00
454,104,6,,,,Lavander??a (por libra),41.00,1,41.00,0.00,0.00,41.00
455,104,4,,,,Servicio a la Habitaci??n,10.00,1,10.00,0.00,0.00,10.00
456,104,2,,,,Masaje Relajante 60 min,45.00,1,45.00,0.00,0.00,45.00
457,104,7,,,,Alquiler de Bicicleta,12.00,1,12.00,0.00,0.00,12.00
458,104,1,,,,Desayuno Buffet,15.00,1,15.00,0.00,0.00,15.00
459,104,3,,,,Transporte Aeropuerto,35.00,1,35.00,0.00,0.00,35.00
460,105,6,,,,Lavander??a (por libra),41.00,1,41.00,0.00,0.00,41.00
461,105,4,,,,Servicio a la Habitaci??n,10.00,1,10.00,0.00,0.00,10.00
462,105,2,,,,Masaje Relajante 60 min,45.00,1,45.00,0.00,0.00,45.00
463,105,7,,,,Alquiler de Bicicleta,12.00,1,12.00,0.00,0.00,12.00
464,105,1,,,,Desayuno Buffet,15.00,1,15.00,0.00,0.00,15.00
465,105,3,,,,Transporte Aeropuerto,35.00,1,35.00,0.00,0.00,35.00
466,106,6,,,,Lavander??a (por libra),41.00,1,41.00,0.00,0.00,41.00
467,106,4,,,,Servicio a la Habitaci??n,10.00,1,10.00,0.00,0.00,10.00
468,106,2,,,,Masaje Relajante 60 min,45.00,1,45.00,0.00,0.00,45.00
469,106,7,,,,Alquiler de Bicicleta,12.00,1,12.00,0.00,0.00,12.00
470,106,1,,,,Desayuno Buffet,15.00,1,15.00,0.00,0.00,15.00
471,106,3,,,,Transporte Aeropuerto,35.00,1,35.00,0.00,0.00,35.00
472,127,6,,,,Lavander??a (por libra),41.00,1,41.00,0.00,0.00,41.00
473,127,4,,,,Servicio a la Habitaci??n,10.00,1,10.00,0.00,0.00,10.00
474,127,2,,,,Masaje Relajante 60 min,45.00,1,45.00,0.00,0.00,45.00
475,127,7,,,,Alquiler de Bicicleta,12.00,1,12.00,0.00,0.00,12.00
476,127,1,,,,Desayuno Buffet,15.00,1,15.00,0.00,0.00,15.00
477,127,3,,,,Transporte Aeropuerto,35.00,1,35.00,0.00,0.00,35.00
478,127,6,,,,Lavander??a (por libra),41.00,1,41.00,0.00,0.00,41.00
479,127,4,,,,Servicio a la Habitaci??n,10.00,1,10.00,0.00,0.00,10.00
480,127,2,,,,Masaje Relajante 60 min,45.00,1,45.00,0.00,0.00,45.00
481,127,7,,,,Alquiler de Bicicleta,12.00,1,12.00,0.00,0.00,12.00
482,127,1,,,,Desayuno Buffet,15.00,1,15.00,0.00,0.00,15.00
483,127,3,,,,Transporte Aeropuerto,35.00,1,35.00,0.00,0.00,35.00
484,107,6,,,,Lavander??a (por libra),41.00,1,41.00,0.00,0.00,41.00
485,107,4,,,,Servicio a la Habitaci??n,10.00,1,10.00,0.00,0.00,10.00
486,107,2,,,,Masaje Relajante 60 min,45.00,1,45.00,0.00,0.00,45.00
487,107,7,,,,Alquiler de Bicicleta,12.00,1,12.00,0.00,0.00,12.00
488,107,1,,,,Desayuno Buffet,15.00,1,15.00,0.00,0.00,15.00
489,107,3,,,,Transporte Aeropuerto,35.00,1,35.00,0.00,0.00,35.00
490,108,6,,,,Lavander??a (por libra),41.00,1,41.00,0.00,0.00,41.00
491,108,4,,,,Servicio a la Habitaci??n,10.00,1,10.00,0.00,0.00,10.00
492,108,2,,,,Masaje Relajante 60 min,45.00,1,45.00,0.00,0.00,45.00
493,108,7,,,,Alquiler de Bicicleta,12.00,1,12.00,0.00,0.00,12.00
494,108,1,,,,Desayuno Buffet,15.00,1,15.00,0.00,0.00,15.00
495,108,3,,,,Transporte Aeropuerto,35.00,1,35.00,0.00,0.00,35.00
496,109,6,,,,Lavander??a (por libra),41.00,1,41.00,0.00,0.00,41.00
497,109,4,,,,Servicio a la Habitaci??n,10.00,1,10.00,0.00,0.00,10.00
498,109,2,,,,Masaje Relajante 60 min,45.00,1,45.00,0.00,0.00,45.00
499,109,7,,,,Alquiler de Bicicleta,12.00,1,12.00,0.00,0.00,12.00
500,109,1,,,,Desayuno Buffet,15.00,1,15.00,0.00,0.00,15.00
501,109,3,,,,Transporte Aeropuerto,35.00,1,35.00,0.00,0.00,35.00
502,115,6,,,,Lavander??a (por libra),41.00,1,41.00,0.00,0.00,41.00
503,115,4,,,,Servicio a la Habitaci??n,10.00,1,10.00,0.00,0.00,10.00
504,115,2,,,,Masaje Relajante 60 min,45.00,1,45.00,0.00,0.00,45.00
505,115,7,,,,Alquiler de Bicicleta,12.00,1,12.00,0.00,0.00,12.00
506,115,1,,,,Desayuno Buffet,15.00,1,15.00,0.00,0.00,15.00
507,115,3,,,,Transporte Aeropuerto,35.00,1,35.00,0.00,0.00,35.00
508,102,6,,,,Lavander??a (por libra),41.00,1,41.00,0.00,0.00,41.00
509,102,4,,,,Servicio a la Habitaci??n,10.00,1,10.00,0.00,0.00,10.00
510,102,2,,,,Masaje Relajante 60 min,45.00,1,45.00,0.00,0.00,45.00
511,102,7,,,,Alquiler de Bicicleta,12.00,1,12.00,0.00,0.00,12.00
512,102,1,,,,Desayuno Buffet,15.00,1,15.00,0.00,0.00,15.00
513,102,3,,,,Transporte Aeropuerto,35.00,1,35.00,0.00,0.00,35.00
514,110,6,,,,Lavander??a (por libra),41.00,1,41.00,0.00,0.00,41.00
515,110,4,,,,Servicio a la Habitaci??n,10.00,1,10.00,0.00,0.00,10.00
516,110,2,,,,Masaje Relajante 60 min,45.00,1,45.00,0.00,0.00,45.00
517,110,7,,,,Alquiler de Bicicleta,12.00,1,12.00,0.00,0.00,12.00
518,110,1,,,,Desayuno Buffet,15.00,1,15.00,0.00,0.00,15.00
519,110,3,,,,Transporte Aeropuerto,35.00,1,35.00,0.00,0.00,35.00
520,111,6,,,,Lavander??a (por libra),41.00,1,41.00,0.00,0.00,41.00
521,111,4,,,,Servicio a la Habitaci??n,10.00,1,10.00,0.00,0.00,10.00
522,111,2,,,,Masaje Relajante 60 min,45.00,1,45.00,0.00,0.00,45.00
523,111,7,,,,Alquiler de Bicicleta,12.00,1,12.00,0.00,0.00,12.00
524,111,1,,,,Desayuno Buffet,15.00,1,15.00,0.00,0.00,15.00
525,111,3,,,,Transporte Aeropuerto,35.00,1,35.00,0.00,0.00,35.00
526,112,6,,,,Lavander??a (por libra),41.00,1,41.00,0.00,0.00,41.00
527,112,4,,,,Servicio a la Habitaci??n,10.00,1,10.00,0.00,0.00,10.00
528,112,2,,,,Masaje Relajante 60 min,45.00,1,45.00,0.00,0.00,45.00
529,112,7,,,,Alquiler de Bicicleta,12.00,1,12.00,0.00,0.00,12.00
530,112,1,,,,Desayuno Buffet,15.00,1,15.00,0.00,0.00,15.00
531,112,3,,,,Transporte Aeropuerto,35.00,1,35.00,0.00,0.00,35.00
532,113,6,,,,Lavander??a (por libra),41.00,1,41.00,0.00,0.00,41.00
533,113,4,,,,Servicio a la Habitaci??n,10.00,1,10.00,0.00,0.00,10.00
534,113,2,,,,Masaje Relajante 60 min,45.00,1,45.00,0.00,0.00,45.00
535,113,7,,,,Alquiler de Bicicleta,12.00,1,12.00,0.00,0.00,12.00
536,113,1,,,,Desayuno Buffet,15.00,1,15.00,0.00,0.00,15.00
537,113,3,,,,Transporte Aeropuerto,35.00,1,35.00,0.00,0.00,35.00
538,114,6,,,,Lavander??a (por libra),41.00,1,41.00,0.00,0.00,41.00
539,114,4,,,,Servicio a la Habitaci??n,10.00,1,10.00,0.00,0.00,10.00
540,114,2,,,,Masaje Relajante 60 min,45.00,1,45.00,0.00,0.00,45.00
541,114,7,,,,Alquiler de Bicicleta,12.00,1,12.00,0.00,0.00,12.00
542,114,1,,,,Desayuno Buffet,15.00,1,15.00,0.00,0.00,15.00
543,114,3,,,,Transporte Aeropuerto,35.00,1,35.00,0.00,0.00,35.00
544,115,6,,,,Lavander??a (por libra),41.00,1,41.00,0.00,0.00,41.00
545,115,4,,,,Servicio a la Habitaci??n,10.00,1,10.00,0.00,0.00,10.00
546,115,2,,,,Masaje Relajante 60 min,45.00,1,45.00,0.00,0.00,45.00
547,115,7,,,,Alquiler de Bicicleta,12.00,1,12.00,0.00,0.00,12.00
548,115,1,,,,Desayuno Buffet,15.00,1,15.00,0.00,0.00,15.00
549,115,3,,,,Transporte Aeropuerto,35.00,1,35.00,0.00,0.00,35.00
550,96,6,,,,Lavander??a (por libra),41.00,1,41.00,0.00,0.00,41.00
551,96,4,,,,Servicio a la Habitaci??n,10.00,1,10.00,0.00,0.00,10.00
552,96,2,,,,Masaje Relajante 60 min,45.00,1,45.00,0.00,0.00,45.00
553,96,7,,,,Alquiler de Bicicleta,12.00,1,12.00,0.00,0.00,12.00
554,96,1,,,,Desayuno Buffet,15.00,1,15.00,0.00,0.00,15.00
555,96,3,,,,Transporte Aeropuerto,35.00,1,35.00,0.00,0.00,35.00
556,121,6,,,,Lavander??a (por libra),41.00,1,41.00,0.00,0.00,41.00
557,121,4,,,,Servicio a la Habitaci??n,10.00,1,10.00,0.00,0.00,10.00
558,121,2,,,,Masaje Relajante 60 min,45.00,1,45.00,0.00,0.00,45.00
559,121,7,,,,Alquiler de Bicicleta,12.00,1,12.00,0.00,0.00,12.00
560,121,1,,,,Desayuno Buffet,15.00,1,15.00,0.00,0.00,15.00
561,121,3,,,,Transporte Aeropuerto,35.00,1,35.00,0.00,0.00,35.00
562,116,6,,,,Lavander??a (por libra),41.00,1,41.00,0.00,0.00,41.00
563,116,4,,,,Servicio a la Habitaci??n,10.00,1,10.00,0.00,0.00,10.00
564,116,2,,,,Masaje Relajante 60 min,45.00,1,45.00,0.00,0.00,45.00
565,116,7,,,,Alquiler de Bicicleta,12.00,1,12.00,0.00,0.00,12.00
566,116,1,,,,Desayuno Buffet,15.00,1,15.00,0.00,0.00,15.00
567,116,3,,,,Transporte Aeropuerto,35.00,1,35.00,0.00,0.00,35.00
568,117,6,,,,Lavander??a (por libra),41.00,1,41.00,0.00,0.00,41.00
569,117,4,,,,Servicio a la Habitaci??n,10.00,1,10.00,0.00,0.00,10.00
570,117,2,,,,Masaje Relajante 60 min,45.00,1,45.00,0.00,0.00,45.00
571,117,7,,,,Alquiler de Bicicleta,12.00,1,12.00,0.00,0.00,12.00
572,117,1,,,,Desayuno Buffet,15.00,1,15.00,0.00,0.00,15.00
573,117,3,,,,Transporte Aeropuerto,35.00,1,35.00,0.00,0.00,35.00
574,118,6,,,,Lavander??a (por libra),41.00,1,41.00,0.00,0.00,41.00
575,118,4,,,,Servicio a la Habitaci??n,10.00,1,10.00,0.00,0.00,10.00
576,118,2,,,,Masaje Relajante 60 min,45.00,1,45.00,0.00,0.00,45.00
577,118,7,,,,Alquiler de Bicicleta,12.00,1,12.00,0.00,0.00,12.00
578,118,1,,,,Desayuno Buffet,15.00,1,15.00,0.00,0.00,15.00
579,118,3,,,,Transporte Aeropuerto,35.00,1,35.00,0.00,0.00,35.00
580,60,6,,,,Lavander??a (por libra),41.00,1,41.00,0.00,0.00,41.00
581,60,4,,,,Servicio a la Habitaci??n,10.00,1,10.00,0.00,0.00,10.00
582,60,2,,,,Masaje Relajante 60 min,45.00,1,45.00,0.00,0.00,45.00
583,60,7,,,,Alquiler de Bicicleta,12.00,1,12.00,0.00,0.00,12.00
584,60,1,,,,Desayuno Buffet,15.00,1,15.00,0.00,0.00,15.00
585,60,3,,,,Transporte Aeropuerto,35.00,1,35.00,0.00,0.00,35.00
586,119,6,,,,Lavander??a (por libra),41.00,1,41.00,0.00,0.00,41.00
587,119,4,,,,Servicio a la Habitaci??n,10.00,1,10.00,0.00,0.00,10.00
588,119,2,,,,Masaje Relajante 60 min,45.00,1,45.00,0.00,0.00,45.00
589,119,7,,,,Alquiler de Bicicleta,12.00,1,12.00,0.00,0.00,12.00
590,119,1,,,,Desayuno Buffet,15.00,1,15.00,0.00,0.00,15.00
591,119,3,,,,Transporte Aeropuerto,35.00,1,35.00,0.00,0.00,35.00
592,120,6,,,,Lavander??a (por libra),41.00,1,41.00,0.00,0.00,41.00
593,120,4,,,,Servicio a la Habitaci??n,10.00,1,10.00,0.00,0.00,10.00
594,120,2,,,,Masaje Relajante 60 min,45.00,1,45.00,0.00,0.00,45.00
595,120,7,,,,Alquiler de Bicicleta,12.00,1,12.00,0.00,0.00,12.00
596,120,1,,,,Desayuno Buffet,15.00,1,15.00,0.00,0.00,15.00
597,120,3,,,,Transporte Aeropuerto,35.00,1,35.00,0.00,0.00,35.00
598,121,6,,,,Lavander??a (por libra),41.00,1,41.00,0.00,0.00,41.00
599,121,4,,,,Servicio a la Habitaci??n,10.00,1,10.00,0.00,0.00,10.00
600,121,2,,,,Masaje Relajante 60 min,45.00,1,45.00,0.00,0.00,45.00
601,121,7,,,,Alquiler de Bicicleta,12.00,1,12.00,0.00,0.00,12.00
602,121,1,,,,Desayuno Buffet,15.00,1,15.00,0.00,0.00,15.00
603,121,3,,,,Transporte Aeropuerto,35.00,1,35.00,0.00,0.00,35.00
604,122,6,,,,Lavander??a (por libra),41.00,1,41.00,0.00,0.00,41.00
605,122,4,,,,Servicio a la Habitaci??n,10.00,1,10.00,0.00,0.00,10.00
606,122,2,,,,Masaje Relajante 60 min,45.00,1,45.00,0.00,0.00,45.00
607,122,7,,,,Alquiler de Bicicleta,12.00,1,12.00,0.00,0.00,12.00
608,122,1,,,,Desayuno Buffet,15.00,1,15.00,0.00,0.00,15.00
609,122,3,,,,Transporte Aeropuerto,35.00,1,35.00,0.00,0.00,35.00
610,123,6,,,,Lavander??a (por libra),41.00,1,41.00,0.00,0.00,41.00
611,123,4,,,,Servicio a la Habitaci??n,10.00,1,10.00,0.00,0.00,10.00
612,123,2,,,,Masaje Relajante 60 min,45.00,1,45.00,0.00,0.00,45.00
613,123,7,,,,Alquiler de Bicicleta,12.00,1,12.00,0.00,0.00,12.00
614,123,1,,,,Desayuno Buffet,15.00,1,15.00,0.00,0.00,15.00
615,123,3,,,,Transporte Aeropuerto,35.00,1,35.00,0.00,0.00,35.00
616,124,6,,,,Lavander??a (por libra),41.00,1,41.00,0.00,0.00,41.00
617,124,4,,,,Servicio a la Habitaci??n,10.00,1,10.00,0.00,0.00,10.00
618,124,2,,,,Masaje Relajante 60 min,45.00,1,45.00,0.00,0.00,45.00
619,124,7,,,,Alquiler de Bicicleta,12.00,1,12.00,0.00,0.00,12.00
620,124,1,,,,Desayuno Buffet,15.00,1,15.00,0.00,0.00,15.00
621,124,3,,,,Transporte Aeropuerto,35.00,1,35.00,0.00,0.00,35.00
622,124,6,,,,Lavander??a (por libra),41.00,1,41.00,0.00,0.00,41.00
623,124,4,,,,Servicio a la Habitaci??n,10.00,1,10.00,0.00,0.00,10.00
624,124,2,,,,Masaje Relajante 60 min,45.00,1,45.00,0.00,0.00,45.00
625,124,7,,,,Alquiler de Bicicleta,12.00,1,12.00,0.00,0.00,12.00
626,124,1,,,,Desayuno Buffet,15.00,1,15.00,0.00,0.00,15.00
627,124,3,,,,Transporte Aeropuerto,35.00,1,35.00,0.00,0.00,35.00
628,103,6,,,,Lavander??a (por libra),41.00,1,41.00,0.00,0.00,41.00
629,103,4,,,,Servicio a la Habitaci??n,10.00,1,10.00,0.00,0.00,10.00
630,103,2,,,,Masaje Relajante 60 min,45.00,1,45.00,0.00,0.00,45.00
631,103,7,,,,Alquiler de Bicicleta,12.00,1,12.00,0.00,0.00,12.00
632,103,1,,,,Desayuno Buffet,15.00,1,15.00,0.00,0.00,15.00
633,103,3,,,,Transporte Aeropuerto,35.00,1,35.00,0.00,0.00,35.00
634,125,6,,,,Lavander??a (por libra),41.00,1,41.00,0.00,0.00,41.00
635,125,4,,,,Servicio a la Habitaci??n,10.00,1,10.00,0.00,0.00,10.00
636,125,2,,,,Masaje Relajante 60 min,45.00,1,45.00,0.00,0.00,45.00
637,125,7,,,,Alquiler de Bicicleta,12.00,1,12.00,0.00,0.00,12.00
638,125,1,,,,Desayuno Buffet,15.00,1,15.00,0.00,0.00,15.00
639,125,3,,,,Transporte Aeropuerto,35.00,1,35.00,0.00,0.00,35.00
640,61,6,,,,Lavander??a (por libra),41.00,1,41.00,0.00,0.00,41.00
641,61,4,,,,Servicio a la Habitaci??n,10.00,1,10.00,0.00,0.00,10.00
642,61,2,,,,Masaje Relajante 60 min,45.00,1,45.00,0.00,0.00,45.00
643,61,7,,,,Alquiler de Bicicleta,12.00,1,12.00,0.00,0.00,12.00
644,61,1,,,,Desayuno Buffet,15.00,1,15.00,0.00,0.00,15.00
645,61,3,,,,Transporte Aeropuerto,35.00,1,35.00,0.00,0.00,35.00
646,107,6,,,,Lavander??a (por libra),41.00,1,41.00,0.00,0.00,41.00
647,107,4,,,,Servicio a la Habitaci??n,10.00,1,10.00,0.00,0.00,10.00
648,107,2,,,,Masaje Relajante 60 min,45.00,1,45.00,0.00,0.00,45.00
649,107,7,,,,Alquiler de Bicicleta,12.00,1,12.00,0.00,0.00,12.00
650,107,1,,,,Desayuno Buffet,15.00,1,15.00,0.00,0.00,15.00
651,107,3,,,,Transporte Aeropuerto,35.00,1,35.00,0.00,0.00,35.00
652,109,6,,,,Lavander??a (por libra),41.00,1,41.00,0.00,0.00,41.00
653,109,4,,,,Servicio a la Habitaci??n,10.00,1,10.00,0.00,0.00,10.00
654,109,2,,,,Masaje Relajante 60 min,45.00,1,45.00,0.00,0.00,45.00
655,109,7,,,,Alquiler de Bicicleta,12.00,1,12.00,0.00,0.00,12.00
656,109,1,,,,Desayuno Buffet,15.00,1,15.00,0.00,0.00,15.00
657,109,3,,,,Transporte Aeropuerto,35.00,1,35.00,0.00,0.00,35.00
658,137,6,,,,Lavander??a (por libra),41.00,1,41.00,0.00,0.00,41.00
659,137,4,,,,Servicio a la Habitaci??n,10.00,1,10.00,0.00,0.00,10.00
660,137,2,,,,Masaje Relajante 60 min,45.00,1,45.00,0.00,0.00,45.00
661,137,7,,,,Alquiler de Bicicleta,12.00,1,12.00,0.00,0.00,12.00
662,137,1,,,,Desayuno Buffet,15.00,1,15.00,0.00,0.00,15.00
663,137,3,,,,Transporte Aeropuerto,35.00,1,35.00,0.00,0.00,35.00
664,126,6,,,,Lavander??a (por libra),41.00,1,41.00,0.00,0.00,41.00
665,126,4,,,,Servicio a la Habitaci??n,10.00,1,10.00,0.00,0.00,10.00
666,126,2,,,,Masaje Relajante 60 min,45.00,1,45.00,0.00,0.00,45.00
667,126,7,,,,Alquiler de Bicicleta,12.00,1,12.00,0.00,0.00,12.00
668,126,1,,,,Desayuno Buffet,15.00,1,15.00,0.00,0.00,15.00
669,126,3,,,,Transporte Aeropuerto,35.00,1,35.00,0.00,0.00,35.00
670,127,6,,,,Lavander??a (por libra),41.00,1,41.00,0.00,0.00,41.00
671,127,4,,,,Servicio a la Habitaci??n,10.00,1,10.00,0.00,0.00,10.00
672,127,2,,,,Masaje Relajante 60 min,45.00,1,45.00,0.00,0.00,45.00
673,127,7,,,,Alquiler de Bicicleta,12.00,1,12.00,0.00,0.00,12.00
674,127,1,,,,Desayuno Buffet,15.00,1,15.00,0.00,0.00,15.00
675,127,3,,,,Transporte Aeropuerto,35.00,1,35.00,0.00,0.00,35.00
676,128,6,,,,Lavander??a (por libra),41.00,1,41.00,0.00,0.00,41.00
677,128,4,,,,Servicio a la Habitaci??n,10.00,1,10.00,0.00,0.00,10.00
678,128,2,,,,Masaje Relajante 60 min,45.00,1,45.00,0.00,0.00,45.00
679,128,7,,,,Alquiler de Bicicleta,12.00,1,12.00,0.00,0.00,12.00
680,128,1,,,,Desayuno Buffet,15.00,1,15.00,0.00,0.00,15.00
681,128,3,,,,Transporte Aeropuerto,35.00,1,35.00,0.00,0.00,35.00
682,129,6,,,,Lavander??a (por libra),41.00,1,41.00,0.00,0.00,41.00
683,129,4,,,,Servicio a la Habitaci??n,10.00,1,10.00,0.00,0.00,10.00
684,129,2,,,,Masaje Relajante 60 min,45.00,1,45.00,0.00,0.00,45.00
685,129,7,,,,Alquiler de Bicicleta,12.00,1,12.00,0.00,0.00,12.00
686,129,1,,,,Desayuno Buffet,15.00,1,15.00,0.00,0.00,15.00
687,129,3,,,,Transporte Aeropuerto,35.00,1,35.00,0.00,0.00,35.00
688,130,6,,,,Lavander??a (por libra),41.00,1,41.00,0.00,0.00,41.00
689,130,4,,,,Servicio a la Habitaci??n,10.00,1,10.00,0.00,0.00,10.00
690,130,2,,,,Masaje Relajante 60 min,45.00,1,45.00,0.00,0.00,45.00
691,130,7,,,,Alquiler de Bicicleta,12.00,1,12.00,0.00,0.00,12.00
692,130,1,,,,Desayuno Buffet,15.00,1,15.00,0.00,0.00,15.00
693,130,3,,,,Transporte Aeropuerto,35.00,1,35.00,0.00,0.00,35.00
694,131,6,,,,Lavander??a (por libra),41.00,1,41.00,0.00,0.00,41.00
695,131,4,,,,Servicio a la Habitaci??n,10.00,1,10.00,0.00,0.00,10.00
696,131,2,,,,Masaje Relajante 60 min,45.00,1,45.00,0.00,0.00,45.00
697,131,7,,,,Alquiler de Bicicleta,12.00,1,12.00,0.00,0.00,12.00
698,131,1,,,,Desayuno Buffet,15.00,1,15.00,0.00,0.00,15.00
699,131,3,,,,Transporte Aeropuerto,35.00,1,35.00,0.00,0.00,35.00
700,132,6,,,,Lavander??a (por libra),41.00,1,41.00,0.00,0.00,41.00
701,132,4,,,,Servicio a la Habitaci??n,10.00,1,10.00,0.00,0.00,10.00
702,132,2,,,,Masaje Relajante 60 min,45.00,1,45.00,0.00,0.00,45.00
703,132,7,,,,Alquiler de Bicicleta,12.00,1,12.00,0.00,0.00,12.00
704,132,1,,,,Desayuno Buffet,15.00,1,15.00,0.00,0.00,15.00
705,132,3,,,,Transporte Aeropuerto,35.00,1,35.00,0.00,0.00,35.00
706,133,6,,,,Lavander??a (por libra),41.00,1,41.00,0.00,0.00,41.00
707,133,4,,,,Servicio a la Habitaci??n,10.00,1,10.00,0.00,0.00,10.00
708,133,2,,,,Masaje Relajante 60 min,45.00,1,45.00,0.00,0.00,45.00
709,133,7,,,,Alquiler de Bicicleta,12.00,1,12.00,0.00,0.00,12.00
710,133,1,,,,Desayuno Buffet,15.00,1,15.00,0.00,0.00,15.00
711,133,3,,,,Transporte Aeropuerto,35.00,1,35.00,0.00,0.00,35.00
712,134,6,,,,Lavander??a (por libra),41.00,1,41.00,0.00,0.00,41.00
713,134,4,,,,Servicio a la Habitaci??n,10.00,1,10.00,0.00,0.00,10.00
714,134,2,,,,Masaje Relajante 60 min,45.00,1,45.00,0.00,0.00,45.00
715,134,7,,,,Alquiler de Bicicleta,12.00,1,12.00,0.00,0.00,12.00
716,134,1,,,,Desayuno Buffet,15.00,1,15.00,0.00,0.00,15.00
717,134,3,,,,Transporte Aeropuerto,35.00,1,35.00,0.00,0.00,35.00
718,135,6,,,,Lavander??a (por libra),41.00,1,41.00,0.00,0.00,41.00
719,135,4,,,,Servicio a la Habitaci??n,10.00,1,10.00,0.00,0.00,10.00
720,135,2,,,,Masaje Relajante 60 min,45.00,1,45.00,0.00,0.00,45.00
721,135,7,,,,Alquiler de Bicicleta,12.00,1,12.00,0.00,0.00,12.00
722,135,1,,,,Desayuno Buffet,15.00,1,15.00,0.00,0.00,15.00
723,135,3,,,,Transporte Aeropuerto,35.00,1,35.00,0.00,0.00,35.00
724,136,6,,,,Lavander??a (por libra),41.00,1,41.00,0.00,0.00,41.00
725,136,4,,,,Servicio a la Habitaci??n,10.00,1,10.00,0.00,0.00,10.00
726,136,2,,,,Masaje Relajante 60 min,45.00,1,45.00,0.00,0.00,45.00
727,136,7,,,,Alquiler de Bicicleta,12.00,1,12.00,0.00,0.00,12.00
728,136,1,,,,Desayuno Buffet,15.00,1,15.00,0.00,0.00,15.00
729,136,3,,,,Transporte Aeropuerto,35.00,1,35.00,0.00,0.00,35.00
730,139,6,,,,Lavander??a (por libra),41.00,1,41.00,0.00,0.00,41.00
731,139,4,,,,Servicio a la Habitaci??n,10.00,1,10.00,0.00,0.00,10.00
732,139,2,,,,Masaje Relajante 60 min,45.00,1,45.00,0.00,0.00,45.00
733,139,7,,,,Alquiler de Bicicleta,12.00,1,12.00,0.00,0.00,12.00
734,139,1,,,,Desayuno Buffet,15.00,1,15.00,0.00,0.00,15.00
735,139,3,,,,Transporte Aeropuerto,35.00,1,35.00,0.00,0.00,35.00
736,137,6,,,,Lavander??a (por libra),41.00,1,41.00,0.00,0.00,41.00
737,137,4,,,,Servicio a la Habitaci??n,10.00,1,10.00,0.00,0.00,10.00
738,137,2,,,,Masaje Relajante 60 min,45.00,1,45.00,0.00,0.00,45.00
739,137,7,,,,Alquiler de Bicicleta,12.00,1,12.00,0.00,0.00,12.00
740,137,1,,,,Desayuno Buffet,15.00,1,15.00,0.00,0.00,15.00
741,137,3,,,,Transporte Aeropuerto,35.00,1,35.00,0.00,0.00,35.00
742,138,6,,,,Lavander??a (por libra),41.00,1,41.00,0.00,0.00,41.00
743,138,4,,,,Servicio a la Habitaci??n,10.00,1,10.00,0.00,0.00,10.00
744,138,2,,,,Masaje Relajante 60 min,45.00,1,45.00,0.00,0.00,45.00
745,138,7,,,,Alquiler de Bicicleta,12.00,1,12.00,0.00,0.00,12.00
746,138,1,,,,Desayuno Buffet,15.00,1,15.00,0.00,0.00,15.00
747,138,3,,,,Transporte Aeropuerto,35.00,1,35.00,0.00,0.00,35.00
748,139,6,,,,Lavander??a (por libra),41.00,1,41.00,0.00,0.00,41.00
749,139,4,,,,Servicio a la Habitaci??n,10.00,1,10.00,0.00,0.00,10.00
750,139,2,,,,Masaje Relajante 60 min,45.00,1,45.00,0.00,0.00,45.00
751,139,7,,,,Alquiler de Bicicleta,12.00,1,12.00,0.00,0.00,12.00
752,139,1,,,,Desayuno Buffet,15.00,1,15.00,0.00,0.00,15.00
753,139,3,,,,Transporte Aeropuerto,35.00,1,35.00,0.00,0.00,35.00
754,140,6,,,,Lavander??a (por libra),41.00,1,41.00,0.00,0.00,41.00
755,140,4,,,,Servicio a la Habitaci??n,10.00,1,10.00,0.00,0.00,10.00
756,140,2,,,,Masaje Relajante 60 min,45.00,1,45.00,0.00,0.00,45.00
757,140,7,,,,Alquiler de Bicicleta,12.00,1,12.00,0.00,0.00,12.00
758,140,1,,,,Desayuno Buffet,15.00,1,15.00,0.00,0.00,15.00
759,140,3,,,,Transporte Aeropuerto,35.00,1,35.00,0.00,0.00,35.00
760,148,6,,,,Lavander??a (por libra),41.00,1,41.00,0.00,0.00,41.00
761,148,4,,,,Servicio a la Habitaci??n,10.00,1,10.00,0.00,0.00,10.00
762,148,2,,,,Masaje Relajante 60 min,45.00,1,45.00,0.00,0.00,45.00
763,148,7,,,,Alquiler de Bicicleta,12.00,1,12.00,0.00,0.00,12.00
764,148,1,,,,Desayuno Buffet,15.00,1,15.00,0.00,0.00,15.00
765,148,3,,,,Transporte Aeropuerto,35.00,1,35.00,0.00,0.00,35.00
766,141,6,,,,Lavander??a (por libra),41.00,1,41.00,0.00,0.00,41.00
767,141,4,,,,Servicio a la Habitaci??n,10.00,1,10.00,0.00,0.00,10.00
768,141,2,,,,Masaje Relajante 60 min,45.00,1,45.00,0.00,0.00,45.00
769,141,7,,,,Alquiler de Bicicleta,12.00,1,12.00,0.00,0.00,12.00
770,141,1,,,,Desayuno Buffet,15.00,1,15.00,0.00,0.00,15.00
771,141,3,,,,Transporte Aeropuerto,35.00,1,35.00,0.00,0.00,35.00
772,131,6,,,,Lavander??a (por libra),41.00,1,41.00,0.00,0.00,41.00
773,131,4,,,,Servicio a la Habitaci??n,10.00,1,10.00,0.00,0.00,10.00
774,131,2,,,,Masaje Relajante 60 min,45.00,1,45.00,0.00,0.00,45.00
775,131,7,,,,Alquiler de Bicicleta,12.00,1,12.00,0.00,0.00,12.00
776,131,1,,,,Desayuno Buffet,15.00,1,15.00,0.00,0.00,15.00
777,131,3,,,,Transporte Aeropuerto,35.00,1,35.00,0.00,0.00,35.00
778,119,6,,,,Lavander??a (por libra),41.00,1,41.00,0.00,0.00,41.00
779,119,4,,,,Servicio a la Habitaci??n,10.00,1,10.00,0.00,0.00,10.00
780,119,2,,,,Masaje Relajante 60 min,45.00,1,45.00,0.00,0.00,45.00
781,119,7,,,,Alquiler de Bicicleta,12.00,1,12.00,0.00,0.00,12.00
782,119,1,,,,Desayuno Buffet,15.00,1,15.00,0.00,0.00,15.00
783,119,3,,,,Transporte Aeropuerto,35.00,1,35.00,0.00,0.00,35.00
784,118,6,,,,Lavander??a (por libra),41.00,1,41.00,0.00,0.00,41.00
785,118,4,,,,Servicio a la Habitaci??n,10.00,1,10.00,0.00,0.00,10.00
786,118,2,,,,Masaje Relajante 60 min,45.00,1,45.00,0.00,0.00,45.00
787,118,7,,,,Alquiler de Bicicleta,12.00,1,12.00,0.00,0.00,12.00
788,118,1,,,,Desayuno Buffet,15.00,1,15.00,0.00,0.00,15.00
789,118,3,,,,Transporte Aeropuerto,35.00,1,35.00,0.00,0.00,35.00
790,142,6,,,,Lavander??a (por libra),41.00,1,41.00,0.00,0.00,41.00
791,142,4,,,,Servicio a la Habitaci??n,10.00,1,10.00,0.00,0.00,10.00
792,142,2,,,,Masaje Relajante 60 min,45.00,1,45.00,0.00,0.00,45.00
793,142,7,,,,Alquiler de Bicicleta,12.00,1,12.00,0.00,0.00,12.00
794,142,1,,,,Desayuno Buffet,15.00,1,15.00,0.00,0.00,15.00
795,142,3,,,,Transporte Aeropuerto,35.00,1,35.00,0.00,0.00,35.00
796,143,6,,,,Lavander??a (por libra),41.00,1,41.00,0.00,0.00,41.00
797,143,4,,,,Servicio a la Habitaci??n,10.00,1,10.00,0.00,0.00,10.00
798,143,2,,,,Masaje Relajante 60 min,45.00,1,45.00,0.00,0.00,45.00
799,143,7,,,,Alquiler de Bicicleta,12.00,1,12.00,0.00,0.00,12.00
800,143,1,,,,Desayuno Buffet,15.00,1,15.00,0.00,0.00,15.00
801,143,3,,,,Transporte Aeropuerto,35.00,1,35.00,0.00,0.00,35.00
802,65,6,,,,Lavander??a (por libra),41.00,1,41.00,0.00,0.00,41.00
803,65,4,,,,Servicio a la Habitaci??n,10.00,1,10.00,0.00,0.00,10.00
804,65,2,,,,Masaje Relajante 60 min,45.00,1,45.00,0.00,0.00,45.00
805,65,7,,,,Alquiler de Bicicleta,12.00,1,12.00,0.00,0.00,12.00
806,65,1,,,,Desayuno Buffet,15.00,1,15.00,0.00,0.00,15.00
807,65,3,,,,Transporte Aeropuerto,35.00,1,35.00,0.00,0.00,35.00
808,146,6,,,,Lavander??a (por libra),41.00,1,41.00,0.00,0.00,41.00
809,146,4,,,,Servicio a la Habitaci??n,10.00,1,10.00,0.00,0.00,10.00
810,146,2,,,,Masaje Relajante 60 min,45.00,1,45.00,0.00,0.00,45.00
811,146,7,,,,Alquiler de Bicicleta,12.00,1,12.00,0.00,0.00,12.00
812,146,1,,,,Desayuno Buffet,15.00,1,15.00,0.00,0.00,15.00
813,146,3,,,,Transporte Aeropuerto,35.00,1,35.00,0.00,0.00,35.00
814,103,6,,,,Lavander??a (por libra),41.00,1,41.00,0.00,0.00,41.00
815,103,4,,,,Servicio a la Habitaci??n,10.00,1,10.00,0.00,0.00,10.00
816,103,2,,,,Masaje Relajante 60 min,45.00,1,45.00,0.00,0.00,45.00
817,103,7,,,,Alquiler de Bicicleta,12.00,1,12.00,0.00,0.00,12.00
818,103,1,,,,Desayuno Buffet,15.00,1,15.00,0.00,0.00,15.00
819,103,3,,,,Transporte Aeropuerto,35.00,1,35.00,0.00,0.00,35.00
820,144,6,,,,Lavander??a (por libra),41.00,1,41.00,0.00,0.00,41.00
821,144,4,,,,Servicio a la Habitaci??n,10.00,1,10.00,0.00,0.00,10.00
822,144,2,,,,Masaje Relajante 60 min,45.00,1,45.00,0.00,0.00,45.00
823,144,7,,,,Alquiler de Bicicleta,12.00,1,12.00,0.00,0.00,12.00
824,144,1,,,,Desayuno Buffet,15.00,1,15.00,0.00,0.00,15.00
825,144,3,,,,Transporte Aeropuerto,35.00,1,35.00,0.00,0.00,35.00
826,107,6,,,,Lavander??a (por libra),41.00,1,41.00,0.00,0.00,41.00
827,107,4,,,,Servicio a la Habitaci??n,10.00,1,10.00,0.00,0.00,10.00
828,107,2,,,,Masaje Relajante 60 min,45.00,1,45.00,0.00,0.00,45.00
829,107,7,,,,Alquiler de Bicicleta,12.00,1,12.00,0.00,0.00,12.00
830,107,1,,,,Desayuno Buffet,15.00,1,15.00,0.00,0.00,15.00
831,107,3,,,,Transporte Aeropuerto,35.00,1,35.00,0.00,0.00,35.00
832,145,6,,,,Lavander??a (por libra),41.00,1,41.00,0.00,0.00,41.00
833,145,4,,,,Servicio a la Habitaci??n,10.00,1,10.00,0.00,0.00,10.00
834,145,2,,,,Masaje Relajante 60 min,45.00,1,45.00,0.00,0.00,45.00
835,145,7,,,,Alquiler de Bicicleta,12.00,1,12.00,0.00,0.00,12.00
836,145,1,,,,Desayuno Buffet,15.00,1,15.00,0.00,0.00,15.00
837,145,3,,,,Transporte Aeropuerto,35.00,1,35.00,0.00,0.00,35.00
838,146,6,,,,Lavander??a (por libra),41.00,1,41.00,0.00,0.00,41.00
839,146,4,,,,Servicio a la Habitaci??n,10.00,1,10.00,0.00,0.00,10.00
840,146,2,,,,Masaje Relajante 60 min,45.00,1,45.00,0.00,0.00,45.00
841,146,7,,,,Alquiler de Bicicleta,12.00,1,12.00,0.00,0.00,12.00
842,146,1,,,,Desayuno Buffet,15.00,1,15.00,0.00,0.00,15.00
843,146,3,,,,Transporte Aeropuerto,35.00,1,35.00,0.00,0.00,35.00
844,139,6,,,,Lavander??a (por libra),41.00,1,41.00,0.00,0.00,41.00
845,139,4,,,,Servicio a la Habitaci??n,10.00,1,10.00,0.00,0.00,10.00
846,139,2,,,,Masaje Relajante 60 min,45.00,1,45.00,0.00,0.00,45.00
847,139,7,,,,Alquiler de Bicicleta,12.00,1,12.00,0.00,0.00,12.00
848,139,1,,,,Desayuno Buffet,15.00,1,15.00,0.00,0.00,15.00
849,139,3,,,,Transporte Aeropuerto,35.00,1,35.00,0.00,0.00,35.00
850,132,6,,,,Lavander??a (por libra),41.00,1,41.00,0.00,0.00,41.00
851,132,4,,,,Servicio a la Habitaci??n,10.00,1,10.00,0.00,0.00,10.00
852,132,2,,,,Masaje Relajante 60 min,45.00,1,45.00,0.00,0.00,45.00
853,132,7,,,,Alquiler de Bicicleta,12.00,1,12.00,0.00,0.00,12.00
854,132,1,,,,Desayuno Buffet,15.00,1,15.00,0.00,0.00,15.00
855,132,3,,,,Transporte Aeropuerto,35.00,1,35.00,0.00,0.00,35.00
856,147,6,,,,Lavander??a (por libra),41.00,1,41.00,0.00,0.00,41.00
857,147,4,,,,Servicio a la Habitaci??n,10.00,1,10.00,0.00,0.00,10.00
858,147,2,,,,Masaje Relajante 60 min,45.00,1,45.00,0.00,0.00,45.00
859,147,7,,,,Alquiler de Bicicleta,12.00,1,12.00,0.00,0.00,12.00
860,147,1,,,,Desayuno Buffet,15.00,1,15.00,0.00,0.00,15.00
861,147,3,,,,Transporte Aeropuerto,35.00,1,35.00,0.00,0.00,35.00
862,127,6,,,,Lavander??a (por libra),41.00,1,41.00,0.00,0.00,41.00
863,127,4,,,,Servicio a la Habitaci??n,10.00,1,10.00,0.00,0.00,10.00
864,127,2,,,,Masaje Relajante 60 min,45.00,1,45.00,0.00,0.00,45.00
865,127,7,,,,Alquiler de Bicicleta,12.00,1,12.00,0.00,0.00,12.00
866,127,1,,,,Desayuno Buffet,15.00,1,15.00,0.00,0.00,15.00
867,127,3,,,,Transporte Aeropuerto,35.00,1,35.00,0.00,0.00,35.00
868,148,6,,,,Lavander??a (por libra),41.00,1,41.00,0.00,0.00,41.00
869,148,4,,,,Servicio a la Habitaci??n,10.00,1,10.00,0.00,0.00,10.00
870,148,2,,,,Masaje Relajante 60 min,45.00,1,45.00,0.00,0.00,45.00
871,148,7,,,,Alquiler de Bicicleta,12.00,1,12.00,0.00,0.00,12.00
872,148,1,,,,Desayuno Buffet,15.00,1,15.00,0.00,0.00,15.00
873,148,3,,,,Transporte Aeropuerto,35.00,1,35.00,0.00,0.00,35.00
874,149,6,,,,Lavander??a (por libra),41.00,1,41.00,0.00,0.00,41.00
875,149,4,,,,Servicio a la Habitaci??n,10.00,1,10.00,0.00,0.00,10.00
876,149,2,,,,Masaje Relajante 60 min,45.00,1,45.00,0.00,0.00,45.00
877,149,7,,,,Alquiler de Bicicleta,12.00,1,12.00,0.00,0.00,12.00
878,149,1,,,,Desayuno Buffet,15.00,1,15.00,0.00,0.00,15.00
879,149,3,,,,Transporte Aeropuerto,35.00,1,35.00,0.00,0.00,35.00
880,150,6,,,,Lavander??a (por libra),41.00,1,41.00,0.00,0.00,41.00
881,150,4,,,,Servicio a la Habitaci??n,10.00,1,10.00,0.00,0.00,10.00
882,150,2,,,,Masaje Relajante 60 min,45.00,1,45.00,0.00,0.00,45.00
883,150,7,,,,Alquiler de Bicicleta,12.00,1,12.00,0.00,0.00,12.00
884,150,1,,,,Desayuno Buffet,15.00,1,15.00,0.00,0.00,15.00
885,150,3,,,,Transporte Aeropuerto,35.00,1,35.00,0.00,0.00,35.00
886,151,6,,,,Lavander??a (por libra),41.00,1,41.00,0.00,0.00,41.00
887,151,4,,,,Servicio a la Habitaci??n,10.00,1,10.00,0.00,0.00,10.00
888,151,2,,,,Masaje Relajante 60 min,45.00,1,45.00,0.00,0.00,45.00
889,151,7,,,,Alquiler de Bicicleta,12.00,1,12.00,0.00,0.00,12.00
890,151,1,,,,Desayuno Buffet,15.00,1,15.00,0.00,0.00,15.00
891,151,3,,,,Transporte Aeropuerto,35.00,1,35.00,0.00,0.00,35.00
892,152,6,,,,Lavander??a (por libra),41.00,1,41.00,0.00,0.00,41.00
893,152,4,,,,Servicio a la Habitaci??n,10.00,1,10.00,0.00,0.00,10.00
894,152,2,,,,Masaje Relajante 60 min,45.00,1,45.00,0.00,0.00,45.00
895,152,7,,,,Alquiler de Bicicleta,12.00,1,12.00,0.00,0.00,12.00
896,152,1,,,,Desayuno Buffet,15.00,1,15.00,0.00,0.00,15.00
897,152,3,,,,Transporte Aeropuerto,35.00,1,35.00,0.00,0.00,35.00
898,144,6,,,,Lavander??a (por libra),41.00,1,41.00,0.00,0.00,41.00
899,144,4,,,,Servicio a la Habitaci??n,10.00,1,10.00,0.00,0.00,10.00
900,144,2,,,,Masaje Relajante 60 min,45.00,1,45.00,0.00,0.00,45.00
901,144,7,,,,Alquiler de Bicicleta,12.00,1,12.00,0.00,0.00,12.00
902,144,1,,,,Desayuno Buffet,15.00,1,15.00,0.00,0.00,15.00
903,144,3,,,,Transporte Aeropuerto,35.00,1,35.00,0.00,0.00,35.00
904,153,6,,,,Lavander??a (por libra),41.00,1,41.00,0.00,0.00,41.00
905,153,4,,,,Servicio a la Habitaci??n,10.00,1,10.00,0.00,0.00,10.00
906,153,2,,,,Masaje Relajante 60 min,45.00,1,45.00,0.00,0.00,45.00
907,153,7,,,,Alquiler de Bicicleta,12.00,1,12.00,0.00,0.00,12.00
908,153,1,,,,Desayuno Buffet,15.00,1,15.00,0.00,0.00,15.00
909,153,3,,,,Transporte Aeropuerto,35.00,1,35.00,0.00,0.00,35.00
910,146,6,,,,Lavander??a (por libra),41.00,1,41.00,0.00,0.00,41.00
911,146,4,,,,Servicio a la Habitaci??n,10.00,1,10.00,0.00,0.00,10.00
912,146,2,,,,Masaje Relajante 60 min,45.00,1,45.00,0.00,0.00,45.00
913,146,7,,,,Alquiler de Bicicleta,12.00,1,12.00,0.00,0.00,12.00
914,146,1,,,,Desayuno Buffet,15.00,1,15.00,0.00,0.00,15.00
915,146,3,,,,Transporte Aeropuerto,35.00,1,35.00,0.00,0.00,35.00
916,119,6,,,,Lavander??a (por libra),41.00,1,41.00,0.00,0.00,41.00
917,119,4,,,,Servicio a la Habitaci??n,10.00,1,10.00,0.00,0.00,10.00
918,119,2,,,,Masaje Relajante 60 min,45.00,1,45.00,0.00,0.00,45.00
919,119,7,,,,Alquiler de Bicicleta,12.00,1,12.00,0.00,0.00,12.00
920,119,1,,,,Desayuno Buffet,15.00,1,15.00,0.00,0.00,15.00
921,119,3,,,,Transporte Aeropuerto,35.00,1,35.00,0.00,0.00,35.00
922,140,6,,,,Lavander??a (por libra),41.00,1,41.00,0.00,0.00,41.00
923,140,4,,,,Servicio a la Habitaci??n,10.00,1,10.00,0.00,0.00,10.00
924,140,2,,,,Masaje Relajante 60 min,45.00,1,45.00,0.00,0.00,45.00
925,140,7,,,,Alquiler de Bicicleta,12.00,1,12.00,0.00,0.00,12.00
926,140,1,,,,Desayuno Buffet,15.00,1,15.00,0.00,0.00,15.00
927,140,3,,,,Transporte Aeropuerto,35.00,1,35.00,0.00,0.00,35.00
928,154,6,,,,Lavander??a (por libra),41.00,1,41.00,0.00,0.00,41.00
929,154,4,,,,Servicio a la Habitaci??n,10.00,1,10.00,0.00,0.00,10.00
930,154,2,,,,Masaje Relajante 60 min,45.00,1,45.00,0.00,0.00,45.00
931,154,7,,,,Alquiler de Bicicleta,12.00,1,12.00,0.00,0.00,12.00
932,154,1,,,,Desayuno Buffet,15.00,1,15.00,0.00,0.00,15.00
933,154,3,,,,Transporte Aeropuerto,35.00,1,35.00,0.00,0.00,35.00
934,155,6,,,,Lavander??a (por libra),41.00,1,41.00,0.00,0.00,41.00
935,155,4,,,,Servicio a la Habitaci??n,10.00,1,10.00,0.00,0.00,10.00
936,155,2,,,,Masaje Relajante 60 min,45.00,1,45.00,0.00,0.00,45.00
937,155,7,,,,Alquiler de Bicicleta,12.00,1,12.00,0.00,0.00,12.00
938,155,1,,,,Desayuno Buffet,15.00,1,15.00,0.00,0.00,15.00
939,155,3,,,,Transporte Aeropuerto,35.00,1,35.00,0.00,0.00,35.00
940,156,6,,,,Lavander??a (por libra),41.00,1,41.00,0.00,0.00,41.00
941,156,4,,,,Servicio a la Habitaci??n,10.00,1,10.00,0.00,0.00,10.00
942,156,2,,,,Masaje Relajante 60 min,45.00,1,45.00,0.00,0.00,45.00
943,156,7,,,,Alquiler de Bicicleta,12.00,1,12.00,0.00,0.00,12.00
944,156,1,,,,Desayuno Buffet,15.00,1,15.00,0.00,0.00,15.00
945,156,3,,,,Transporte Aeropuerto,35.00,1,35.00,0.00,0.00,35.00
946,157,6,,,,Lavander??a (por libra),41.00,1,41.00,0.00,0.00,41.00
947,157,4,,,,Servicio a la Habitaci??n,10.00,1,10.00,0.00,0.00,10.00
948,157,2,,,,Masaje Relajante 60 min,45.00,1,45.00,0.00,0.00,45.00
949,157,7,,,,Alquiler de Bicicleta,12.00,1,12.00,0.00,0.00,12.00
950,157,1,,,,Desayuno Buffet,15.00,1,15.00,0.00,0.00,15.00
951,157,3,,,,Transporte Aeropuerto,35.00,1,35.00,0.00,0.00,35.00
952,100,6,,,,Lavander??a (por libra),41.00,1,41.00,0.00,0.00,41.00
953,100,4,,,,Servicio a la Habitaci??n,10.00,1,10.00,0.00,0.00,10.00
954,100,2,,,,Masaje Relajante 60 min,45.00,1,45.00,0.00,0.00,45.00
955,100,7,,,,Alquiler de Bicicleta,12.00,1,12.00,0.00,0.00,12.00
956,100,1,,,,Desayuno Buffet,15.00,1,15.00,0.00,0.00,15.00
957,100,3,,,,Transporte Aeropuerto,35.00,1,35.00,0.00,0.00,35.00
958,135,6,,,,Lavander??a (por libra),41.00,1,41.00,0.00,0.00,41.00
959,135,4,,,,Servicio a la Habitaci??n,10.00,1,10.00,0.00,0.00,10.00
960,135,2,,,,Masaje Relajante 60 min,45.00,1,45.00,0.00,0.00,45.00
961,135,7,,,,Alquiler de Bicicleta,12.00,1,12.00,0.00,0.00,12.00
962,135,1,,,,Desayuno Buffet,15.00,1,15.00,0.00,0.00,15.00
963,135,3,,,,Transporte Aeropuerto,35.00,1,35.00,0.00,0.00,35.00
964,158,6,,,,Lavander??a (por libra),41.00,1,41.00,0.00,0.00,41.00
965,158,4,,,,Servicio a la Habitaci??n,10.00,1,10.00,0.00,0.00,10.00
966,158,2,,,,Masaje Relajante 60 min,45.00,1,45.00,0.00,0.00,45.00
967,158,7,,,,Alquiler de Bicicleta,12.00,1,12.00,0.00,0.00,12.00
968,158,1,,,,Desayuno Buffet,15.00,1,15.00,0.00,0.00,15.00
969,158,3,,,,Transporte Aeropuerto,35.00,1,35.00,0.00,0.00,35.00
970,156,6,,,,Lavander??a (por libra),41.00,1,41.00,0.00,0.00,41.00
971,156,4,,,,Servicio a la Habitaci??n,10.00,1,10.00,0.00,0.00,10.00
972,156,2,,,,Masaje Relajante 60 min,45.00,1,45.00,0.00,0.00,45.00
973,156,7,,,,Alquiler de Bicicleta,12.00,1,12.00,0.00,0.00,12.00
974,156,1,,,,Desayuno Buffet,15.00,1,15.00,0.00,0.00,15.00
975,156,3,,,,Transporte Aeropuerto,35.00,1,35.00,0.00,0.00,35.00
976,63,6,,,,Lavander??a (por libra),41.00,1,41.00,0.00,0.00,41.00
977,63,4,,,,Servicio a la Habitaci??n,10.00,1,10.00,0.00,0.00,10.00
978,63,2,,,,Masaje Relajante 60 min,45.00,1,45.00,0.00,0.00,45.00
979,63,7,,,,Alquiler de Bicicleta,12.00,1,12.00,0.00,0.00,12.00
980,63,1,,,,Desayuno Buffet,15.00,1,15.00,0.00,0.00,15.00
981,63,3,,,,Transporte Aeropuerto,35.00,1,35.00,0.00,0.00,35.00
982,135,6,,,,Lavander??a (por libra),41.00,1,41.00,0.00,0.00,41.00
983,135,4,,,,Servicio a la Habitaci??n,10.00,1,10.00,0.00,0.00,10.00
984,135,2,,,,Masaje Relajante 60 min,45.00,1,45.00,0.00,0.00,45.00
985,135,7,,,,Alquiler de Bicicleta,12.00,1,12.00,0.00,0.00,12.00
986,135,1,,,,Desayuno Buffet,15.00,1,15.00,0.00,0.00,15.00
987,135,3,,,,Transporte Aeropuerto,35.00,1,35.00,0.00,0.00,35.00
988,129,6,,,,Lavander??a (por libra),41.00,1,41.00,0.00,0.00,41.00
989,129,4,,,,Servicio a la Habitaci??n,10.00,1,10.00,0.00,0.00,10.00
990,129,2,,,,Masaje Relajante 60 min,45.00,1,45.00,0.00,0.00,45.00
991,129,7,,,,Alquiler de Bicicleta,12.00,1,12.00,0.00,0.00,12.00
992,129,1,,,,Desayuno Buffet,15.00,1,15.00,0.00,0.00,15.00
993,129,3,,,,Transporte Aeropuerto,35.00,1,35.00,0.00,0.00,35.00
994,120,6,,,,Lavander??a (por libra),41.00,1,41.00,0.00,0.00,41.00
995,120,4,,,,Servicio a la Habitaci??n,10.00,1,10.00,0.00,0.00,10.00
996,120,2,,,,Masaje Relajante 60 min,45.00,1,45.00,0.00,0.00,45.00
997,120,7,,,,Alquiler de Bicicleta,12.00,1,12.00,0.00,0.00,12.00
998,120,1,,,,Desayuno Buffet,15.00,1,15.00,0.00,0.00,15.00
999,120,3,,,,Transporte Aeropuerto,35.00,1,35.00,0.00,0.00,35.00
1000,114,6,,,,Lavander??a (por libra),41.00,1,41.00,0.00,0.00,41.00
1001,114,4,,,,Servicio a la Habitaci??n,10.00,1,10.00,0.00,0.00,10.00
1002,114,2,,,,Masaje Relajante 60 min,45.00,1,45.00,0.00,0.00,45.00
1003,114,7,,,,Alquiler de Bicicleta,12.00,1,12.00,0.00,0.00,12.00
1004,114,1,,,,Desayuno Buffet,15.00,1,15.00,0.00,0.00,15.00
1005,114,3,,,,Transporte Aeropuerto,35.00,1,35.00,0.00,0.00,35.00
1006,159,6,,,,Lavander??a (por libra),41.00,1,41.00,0.00,0.00,41.00
1007,159,4,,,,Servicio a la Habitaci??n,10.00,1,10.00,0.00,0.00,10.00
1008,159,2,,,,Masaje Relajante 60 min,45.00,1,45.00,0.00,0.00,45.00
1009,159,7,,,,Alquiler de Bicicleta,12.00,1,12.00,0.00,0.00,12.00
1010,159,1,,,,Desayuno Buffet,15.00,1,15.00,0.00,0.00,15.00
1011,159,3,,,,Transporte Aeropuerto,35.00,1,35.00,0.00,0.00,35.00
1012,140,6,,,,Lavander??a (por libra),41.00,1,41.00,0.00,0.00,41.00
1013,140,4,,,,Servicio a la Habitaci??n,10.00,1,10.00,0.00,0.00,10.00
1014,140,2,,,,Masaje Relajante 60 min,45.00,1,45.00,0.00,0.00,45.00
1015,140,7,,,,Alquiler de Bicicleta,12.00,1,12.00,0.00,0.00,12.00
1016,140,1,,,,Desayuno Buffet,15.00,1,15.00,0.00,0.00,15.00
1017,140,3,,,,Transporte Aeropuerto,35.00,1,35.00,0.00,0.00,35.00
1018,160,6,,,,Lavander??a (por libra),41.00,1,41.00,0.00,0.00,41.00
1019,160,4,,,,Servicio a la Habitaci??n,10.00,1,10.00,0.00,0.00,10.00
1020,160,2,,,,Masaje Relajante 60 min,45.00,1,45.00,0.00,0.00,45.00
1021,160,7,,,,Alquiler de Bicicleta,12.00,1,12.00,0.00,0.00,12.00
1022,160,1,,,,Desayuno Buffet,15.00,1,15.00,0.00,0.00,15.00
1023,160,3,,,,Transporte Aeropuerto,35.00,1,35.00,0.00,0.00,35.00
1024,161,6,,,,Lavander??a (por libra),41.00,1,41.00,0.00,0.00,41.00
1025,161,4,,,,Servicio a la Habitaci??n,10.00,1,10.00,0.00,0.00,10.00
1026,161,2,,,,Masaje Relajante 60 min,45.00,1,45.00,0.00,0.00,45.00
1027,161,7,,,,Alquiler de Bicicleta,12.00,1,12.00,0.00,0.00,12.00
1028,161,1,,,,Desayuno Buffet,15.00,1,15.00,0.00,0.00,15.00
1029,161,3,,,,Transporte Aeropuerto,35.00,1,35.00,0.00,0.00,35.00
1030,162,6,,,,Lavander??a (por libra),41.00,1,41.00,0.00,0.00,41.00
1031,162,4,,,,Servicio a la Habitaci??n,10.00,1,10.00,0.00,0.00,10.00
1032,162,2,,,,Masaje Relajante 60 min,45.00,1,45.00,0.00,0.00,45.00
1033,162,7,,,,Alquiler de Bicicleta,12.00,1,12.00,0.00,0.00,12.00
1034,162,1,,,,Desayuno Buffet,15.00,1,15.00,0.00,0.00,15.00
1035,162,3,,,,Transporte Aeropuerto,35.00,1,35.00,0.00,0.00,35.00
1036,163,6,,,,Lavander??a (por libra),41.00,1,41.00,0.00,0.00,41.00
1037,163,4,,,,Servicio a la Habitaci??n,10.00,1,10.00,0.00,0.00,10.00
1038,163,2,,,,Masaje Relajante 60 min,45.00,1,45.00,0.00,0.00,45.00
1039,163,7,,,,Alquiler de Bicicleta,12.00,1,12.00,0.00,0.00,12.00
1040,163,1,,,,Desayuno Buffet,15.00,1,15.00,0.00,0.00,15.00
1041,163,3,,,,Transporte Aeropuerto,35.00,1,35.00,0.00,0.00,35.00
1042,164,6,,,,Lavander??a (por libra),41.00,1,41.00,0.00,0.00,41.00
1043,164,4,,,,Servicio a la Habitaci??n,10.00,1,10.00,0.00,0.00,10.00
1044,164,2,,,,Masaje Relajante 60 min,45.00,1,45.00,0.00,0.00,45.00
1045,164,7,,,,Alquiler de Bicicleta,12.00,1,12.00,0.00,0.00,12.00
1046,164,1,,,,Desayuno Buffet,15.00,1,15.00,0.00,0.00,15.00
1047,164,3,,,,Transporte Aeropuerto,35.00,1,35.00,0.00,0.00,35.00
1048,11,6,,,,Lavander??a (por libra),41.00,1,41.00,0.00,0.00,41.00
1049,11,4,,,,Servicio a la Habitaci??n,10.00,1,10.00,0.00,0.00,10.00
1050,11,2,,,,Masaje Relajante 60 min,45.00,1,45.00,0.00,0.00,45.00
1051,11,7,,,,Alquiler de Bicicleta,12.00,1,12.00,0.00,0.00,12.00
1052,11,1,,,,Desayuno Buffet,15.00,1,15.00,0.00,0.00,15.00
1053,11,3,,,,Transporte Aeropuerto,35.00,1,35.00,0.00,0.00,35.00
1054,165,6,,,,Lavander??a (por libra),41.00,1,41.00,0.00,0.00,41.00
1055,165,4,,,,Servicio a la Habitaci??n,10.00,1,10.00,0.00,0.00,10.00
1056,165,2,,,,Masaje Relajante 60 min,45.00,1,45.00,0.00,0.00,45.00
1057,165,7,,,,Alquiler de Bicicleta,12.00,1,12.00,0.00,0.00,12.00
1058,165,1,,,,Desayuno Buffet,15.00,1,15.00,0.00,0.00,15.00
1059,165,3,,,,Transporte Aeropuerto,35.00,1,35.00,0.00,0.00,35.00
1060,166,6,,,,Lavander??a (por libra),41.00,1,41.00,0.00,0.00,41.00
1061,166,4,,,,Servicio a la Habitaci??n,10.00,1,10.00,0.00,0.00,10.00
1062,166,2,,,,Masaje Relajante 60 min,45.00,1,45.00,0.00,0.00,45.00
1063,166,7,,,,Alquiler de Bicicleta,12.00,1,12.00,0.00,0.00,12.00
1064,166,1,,,,Desayuno Buffet,15.00,1,15.00,0.00,0.00,15.00
1065,166,3,,,,Transporte Aeropuerto,35.00,1,35.00,0.00,0.00,35.00
1066,145,6,,,,Lavander??a (por libra),41.00,1,41.00,0.00,0.00,41.00
1067,145,4,,,,Servicio a la Habitaci??n,10.00,1,10.00,0.00,0.00,10.00
1068,145,2,,,,Masaje Relajante 60 min,45.00,1,45.00,0.00,0.00,45.00
1069,145,7,,,,Alquiler de Bicicleta,12.00,1,12.00,0.00,0.00,12.00
1070,145,1,,,,Desayuno Buffet,15.00,1,15.00,0.00,0.00,15.00
1071,145,3,,,,Transporte Aeropuerto,35.00,1,35.00,0.00,0.00,35.00
1072,149,6,,,,Lavander??a (por libra),41.00,1,41.00,0.00,0.00,41.00
1073,149,4,,,,Servicio a la Habitaci??n,10.00,1,10.00,0.00,0.00,10.00
1074,149,2,,,,Masaje Relajante 60 min,45.00,1,45.00,0.00,0.00,45.00
1075,149,7,,,,Alquiler de Bicicleta,12.00,1,12.00,0.00,0.00,12.00
1076,149,1,,,,Desayuno Buffet,15.00,1,15.00,0.00,0.00,15.00
1077,149,3,,,,Transporte Aeropuerto,35.00,1,35.00,0.00,0.00,35.00
1078,178,6,,,,Lavander??a (por libra),41.00,1,41.00,0.00,0.00,41.00
1079,178,4,,,,Servicio a la Habitaci??n,10.00,1,10.00,0.00,0.00,10.00
1080,178,2,,,,Masaje Relajante 60 min,45.00,1,45.00,0.00,0.00,45.00
1081,178,7,,,,Alquiler de Bicicleta,12.00,1,12.00,0.00,0.00,12.00
1082,178,1,,,,Desayuno Buffet,15.00,1,15.00,0.00,0.00,15.00
1083,178,3,,,,Transporte Aeropuerto,35.00,1,35.00,0.00,0.00,35.00
1084,167,6,,,,Lavander??a (por libra),41.00,1,41.00,0.00,0.00,41.00
1085,167,4,,,,Servicio a la Habitaci??n,10.00,1,10.00,0.00,0.00,10.00
1086,167,2,,,,Masaje Relajante 60 min,45.00,1,45.00,0.00,0.00,45.00
1087,167,7,,,,Alquiler de Bicicleta,12.00,1,12.00,0.00,0.00,12.00
1088,167,1,,,,Desayuno Buffet,15.00,1,15.00,0.00,0.00,15.00
1089,167,3,,,,Transporte Aeropuerto,35.00,1,35.00,0.00,0.00,35.00
1090,146,6,,,,Lavander??a (por libra),41.00,1,41.00,0.00,0.00,41.00
1091,146,4,,,,Servicio a la Habitaci??n,10.00,1,10.00,0.00,0.00,10.00
1092,146,2,,,,Masaje Relajante 60 min,45.00,1,45.00,0.00,0.00,45.00
1093,146,7,,,,Alquiler de Bicicleta,12.00,1,12.00,0.00,0.00,12.00
1094,146,1,,,,Desayuno Buffet,15.00,1,15.00,0.00,0.00,15.00
1095,146,3,,,,Transporte Aeropuerto,35.00,1,35.00,0.00,0.00,35.00
1096,104,6,,,,Lavander??a (por libra),41.00,1,41.00,0.00,0.00,41.00
1097,104,4,,,,Servicio a la Habitaci??n,10.00,1,10.00,0.00,0.00,10.00
1098,104,2,,,,Masaje Relajante 60 min,45.00,1,45.00,0.00,0.00,45.00
1099,104,7,,,,Alquiler de Bicicleta,12.00,1,12.00,0.00,0.00,12.00
1100,104,1,,,,Desayuno Buffet,15.00,1,15.00,0.00,0.00,15.00
1101,104,3,,,,Transporte Aeropuerto,35.00,1,35.00,0.00,0.00,35.00
1102,168,6,,,,Lavander??a (por libra),41.00,1,41.00,0.00,0.00,41.00
1103,168,4,,,,Servicio a la Habitaci??n,10.00,1,10.00,0.00,0.00,10.00
1104,168,2,,,,Masaje Relajante 60 min,45.00,1,45.00,0.00,0.00,45.00
1105,168,7,,,,Alquiler de Bicicleta,12.00,1,12.00,0.00,0.00,12.00
1106,168,1,,,,Desayuno Buffet,15.00,1,15.00,0.00,0.00,15.00
1107,168,3,,,,Transporte Aeropuerto,35.00,1,35.00,0.00,0.00,35.00
1108,169,6,,,,Lavander??a (por libra),41.00,1,41.00,0.00,0.00,41.00
1109,169,4,,,,Servicio a la Habitaci??n,10.00,1,10.00,0.00,0.00,10.00
1110,169,2,,,,Masaje Relajante 60 min,45.00,1,45.00,0.00,0.00,45.00
1111,169,7,,,,Alquiler de Bicicleta,12.00,1,12.00,0.00,0.00,12.00
1112,169,1,,,,Desayuno Buffet,15.00,1,15.00,0.00,0.00,15.00
1113,169,3,,,,Transporte Aeropuerto,35.00,1,35.00,0.00,0.00,35.00
1114,166,6,,,,Lavander??a (por libra),41.00,1,41.00,0.00,0.00,41.00
1115,166,4,,,,Servicio a la Habitaci??n,10.00,1,10.00,0.00,0.00,10.00
1116,166,2,,,,Masaje Relajante 60 min,45.00,1,45.00,0.00,0.00,45.00
1117,166,7,,,,Alquiler de Bicicleta,12.00,1,12.00,0.00,0.00,12.00
1118,166,1,,,,Desayuno Buffet,15.00,1,15.00,0.00,0.00,15.00
1119,166,3,,,,Transporte Aeropuerto,35.00,1,35.00,0.00,0.00,35.00
1120,170,6,,,,Lavander??a (por libra),41.00,1,41.00,0.00,0.00,41.00
1121,170,4,,,,Servicio a la Habitaci??n,10.00,1,10.00,0.00,0.00,10.00
1122,170,2,,,,Masaje Relajante 60 min,45.00,1,45.00,0.00,0.00,45.00
1123,170,7,,,,Alquiler de Bicicleta,12.00,1,12.00,0.00,0.00,12.00
1124,170,1,,,,Desayuno Buffet,15.00,1,15.00,0.00,0.00,15.00
1125,170,3,,,,Transporte Aeropuerto,35.00,1,35.00,0.00,0.00,35.00
1126,138,6,,,,Lavander??a (por libra),41.00,1,41.00,0.00,0.00,41.00
1127,138,4,,,,Servicio a la Habitaci??n,10.00,1,10.00,0.00,0.00,10.00
1128,138,2,,,,Masaje Relajante 60 min,45.00,1,45.00,0.00,0.00,45.00
1129,138,7,,,,Alquiler de Bicicleta,12.00,1,12.00,0.00,0.00,12.00
1130,138,1,,,,Desayuno Buffet,15.00,1,15.00,0.00,0.00,15.00
1131,138,3,,,,Transporte Aeropuerto,35.00,1,35.00,0.00,0.00,35.00
1132,171,6,,,,Lavander??a (por libra),41.00,1,41.00,0.00,0.00,41.00
1133,171,4,,,,Servicio a la Habitaci??n,10.00,1,10.00,0.00,0.00,10.00
1134,171,2,,,,Masaje Relajante 60 min,45.00,1,45.00,0.00,0.00,45.00
1135,171,7,,,,Alquiler de Bicicleta,12.00,1,12.00,0.00,0.00,12.00
1136,171,1,,,,Desayuno Buffet,15.00,1,15.00,0.00,0.00,15.00
1137,171,3,,,,Transporte Aeropuerto,35.00,1,35.00,0.00,0.00,35.00
1138,172,6,,,,Lavander??a (por libra),41.00,1,41.00,0.00,0.00,41.00
1139,172,4,,,,Servicio a la Habitaci??n,10.00,1,10.00,0.00,0.00,10.00
1140,172,2,,,,Masaje Relajante 60 min,45.00,1,45.00,0.00,0.00,45.00
1141,172,7,,,,Alquiler de Bicicleta,12.00,1,12.00,0.00,0.00,12.00
1142,172,1,,,,Desayuno Buffet,15.00,1,15.00,0.00,0.00,15.00
1143,172,3,,,,Transporte Aeropuerto,35.00,1,35.00,0.00,0.00,35.00
1144,173,6,,,,Lavander??a (por libra),41.00,1,41.00,0.00,0.00,41.00
1145,173,4,,,,Servicio a la Habitaci??n,10.00,1,10.00,0.00,0.00,10.00
1146,173,2,,,,Masaje Relajante 60 min,45.00,1,45.00,0.00,0.00,45.00
1147,173,7,,,,Alquiler de Bicicleta,12.00,1,12.00,0.00,0.00,12.00
1148,173,1,,,,Desayuno Buffet,15.00,1,15.00,0.00,0.00,15.00
1149,173,3,,,,Transporte Aeropuerto,35.00,1,35.00,0.00,0.00,35.00
1150,97,6,,,,Lavander??a (por libra),41.00,1,41.00,0.00,0.00,41.00
1151,97,4,,,,Servicio a la Habitaci??n,10.00,1,10.00,0.00,0.00,10.00
1152,97,2,,,,Masaje Relajante 60 min,45.00,1,45.00,0.00,0.00,45.00
1153,97,7,,,,Alquiler de Bicicleta,12.00,1,12.00,0.00,0.00,12.00
1154,97,1,,,,Desayuno Buffet,15.00,1,15.00,0.00,0.00,15.00
1155,97,3,,,,Transporte Aeropuerto,35.00,1,35.00,0.00,0.00,35.00
1156,174,6,,,,Lavander??a (por libra),41.00,1,41.00,0.00,0.00,41.00
1157,174,4,,,,Servicio a la Habitaci??n,10.00,1,10.00,0.00,0.00,10.00
1158,174,2,,,,Masaje Relajante 60 min,45.00,1,45.00,0.00,0.00,45.00
1159,174,7,,,,Alquiler de Bicicleta,12.00,1,12.00,0.00,0.00,12.00
1160,174,1,,,,Desayuno Buffet,15.00,1,15.00,0.00,0.00,15.00
1161,174,3,,,,Transporte Aeropuerto,35.00,1,35.00,0.00,0.00,35.00
1162,122,6,,,,Lavander??a (por libra),41.00,1,41.00,0.00,0.00,41.00
1163,122,4,,,,Servicio a la Habitaci??n,10.00,1,10.00,0.00,0.00,10.00
1164,122,2,,,,Masaje Relajante 60 min,45.00,1,45.00,0.00,0.00,45.00
1165,122,7,,,,Alquiler de Bicicleta,12.00,1,12.00,0.00,0.00,12.00
1166,122,1,,,,Desayuno Buffet,15.00,1,15.00,0.00,0.00,15.00
1167,122,3,,,,Transporte Aeropuerto,35.00,1,35.00,0.00,0.00,35.00
1168,121,6,,,,Lavander??a (por libra),41.00,1,41.00,0.00,0.00,41.00
1169,121,4,,,,Servicio a la Habitaci??n,10.00,1,10.00,0.00,0.00,10.00
1170,121,2,,,,Masaje Relajante 60 min,45.00,1,45.00,0.00,0.00,45.00
1171,121,7,,,,Alquiler de Bicicleta,12.00,1,12.00,0.00,0.00,12.00
1172,121,1,,,,Desayuno Buffet,15.00,1,15.00,0.00,0.00,15.00
1173,121,3,,,,Transporte Aeropuerto,35.00,1,35.00,0.00,0.00,35.00
1174,174,6,,,,Lavander??a (por libra),41.00,1,41.00,0.00,0.00,41.00
1175,174,4,,,,Servicio a la Habitaci??n,10.00,1,10.00,0.00,0.00,10.00
1176,174,2,,,,Masaje Relajante 60 min,45.00,1,45.00,0.00,0.00,45.00
1177,174,7,,,,Alquiler de Bicicleta,12.00,1,12.00,0.00,0.00,12.00
1178,174,1,,,,Desayuno Buffet,15.00,1,15.00,0.00,0.00,15.00
1179,174,3,,,,Transporte Aeropuerto,35.00,1,35.00,0.00,0.00,35.00
1180,141,6,,,,Lavander??a (por libra),41.00,1,41.00,0.00,0.00,41.00
1181,141,4,,,,Servicio a la Habitaci??n,10.00,1,10.00,0.00,0.00,10.00
1182,141,2,,,,Masaje Relajante 60 min,45.00,1,45.00,0.00,0.00,45.00
1183,141,7,,,,Alquiler de Bicicleta,12.00,1,12.00,0.00,0.00,12.00
1184,141,1,,,,Desayuno Buffet,15.00,1,15.00,0.00,0.00,15.00
1185,141,3,,,,Transporte Aeropuerto,35.00,1,35.00,0.00,0.00,35.00
1186,175,6,,,,Lavander??a (por libra),41.00,1,41.00,0.00,0.00,41.00
1187,175,4,,,,Servicio a la Habitaci??n,10.00,1,10.00,0.00,0.00,10.00
1188,175,2,,,,Masaje Relajante 60 min,45.00,1,45.00,0.00,0.00,45.00
1189,175,7,,,,Alquiler de Bicicleta,12.00,1,12.00,0.00,0.00,12.00
1190,175,1,,,,Desayuno Buffet,15.00,1,15.00,0.00,0.00,15.00
1191,175,3,,,,Transporte Aeropuerto,35.00,1,35.00,0.00,0.00,35.00
1192,112,6,,,,Lavander??a (por libra),41.00,1,41.00,0.00,0.00,41.00
1193,112,4,,,,Servicio a la Habitaci??n,10.00,1,10.00,0.00,0.00,10.00
1194,112,2,,,,Masaje Relajante 60 min,45.00,1,45.00,0.00,0.00,45.00
1195,112,7,,,,Alquiler de Bicicleta,12.00,1,12.00,0.00,0.00,12.00
1196,112,1,,,,Desayuno Buffet,15.00,1,15.00,0.00,0.00,15.00
1197,112,3,,,,Transporte Aeropuerto,35.00,1,35.00,0.00,0.00,35.00
1198,125,6,,,,Lavander??a (por libra),41.00,1,41.00,0.00,0.00,41.00
1199,125,4,,,,Servicio a la Habitaci??n,10.00,1,10.00,0.00,0.00,10.00
1200,125,2,,,,Masaje Relajante 60 min,45.00,1,45.00,0.00,0.00,45.00
1201,125,7,,,,Alquiler de Bicicleta,12.00,1,12.00,0.00,0.00,12.00
1202,125,1,,,,Desayuno Buffet,15.00,1,15.00,0.00,0.00,15.00
1203,125,3,,,,Transporte Aeropuerto,35.00,1,35.00,0.00,0.00,35.00
1204,176,6,,,,Lavander??a (por libra),41.00,1,41.00,0.00,0.00,41.00
1205,176,4,,,,Servicio a la Habitaci??n,10.00,1,10.00,0.00,0.00,10.00
1206,176,2,,,,Masaje Relajante 60 min,45.00,1,45.00,0.00,0.00,45.00
1207,176,7,,,,Alquiler de Bicicleta,12.00,1,12.00,0.00,0.00,12.00
1208,176,1,,,,Desayuno Buffet,15.00,1,15.00,0.00,0.00,15.00
1209,176,3,,,,Transporte Aeropuerto,35.00,1,35.00,0.00,0.00,35.00
1210,177,6,,,,Lavander??a (por libra),41.00,1,41.00,0.00,0.00,41.00
1211,177,4,,,,Servicio a la Habitaci??n,10.00,1,10.00,0.00,0.00,10.00
1212,177,2,,,,Masaje Relajante 60 min,45.00,1,45.00,0.00,0.00,45.00
1213,177,7,,,,Alquiler de Bicicleta,12.00,1,12.00,0.00,0.00,12.00
1214,177,1,,,,Desayuno Buffet,15.00,1,15.00,0.00,0.00,15.00
1215,177,3,,,,Transporte Aeropuerto,35.00,1,35.00,0.00,0.00,35.00
1216,149,6,,,,Lavander??a (por libra),41.00,1,41.00,0.00,0.00,41.00
1217,149,4,,,,Servicio a la Habitaci??n,10.00,1,10.00,0.00,0.00,10.00
1218,149,2,,,,Masaje Relajante 60 min,45.00,1,45.00,0.00,0.00,45.00
1219,149,7,,,,Alquiler de Bicicleta,12.00,1,12.00,0.00,0.00,12.00
1220,149,1,,,,Desayuno Buffet,15.00,1,15.00,0.00,0.00,15.00
1221,149,3,,,,Transporte Aeropuerto,35.00,1,35.00,0.00,0.00,35.00
1222,178,6,,,,Lavander??a (por libra),41.00,1,41.00,0.00,0.00,41.00
1223,178,4,,,,Servicio a la Habitaci??n,10.00,1,10.00,0.00,0.00,10.00
1224,178,2,,,,Masaje Relajante 60 min,45.00,1,45.00,0.00,0.00,45.00
1225,178,7,,,,Alquiler de Bicicleta,12.00,1,12.00,0.00,0.00,12.00
1226,178,1,,,,Desayuno Buffet,15.00,1,15.00,0.00,0.00,15.00
1227,178,3,,,,Transporte Aeropuerto,35.00,1,35.00,0.00,0.00,35.00
1228,98,6,,,,Lavander??a (por libra),41.00,1,41.00,0.00,0.00,41.00
1229,98,4,,,,Servicio a la Habitaci??n,10.00,1,10.00,0.00,0.00,10.00
1230,98,2,,,,Masaje Relajante 60 min,45.00,1,45.00,0.00,0.00,45.00
1231,98,7,,,,Alquiler de Bicicleta,12.00,1,12.00,0.00,0.00,12.00
1232,98,1,,,,Desayuno Buffet,15.00,1,15.00,0.00,0.00,15.00
1233,98,3,,,,Transporte Aeropuerto,35.00,1,35.00,0.00,0.00,35.00
1234,179,6,,,,Lavander??a (por libra),41.00,1,41.00,0.00,0.00,41.00
1235,179,4,,,,Servicio a la Habitaci??n,10.00,1,10.00,0.00,0.00,10.00
1236,179,2,,,,Masaje Relajante 60 min,45.00,1,45.00,0.00,0.00,45.00
1237,179,7,,,,Alquiler de Bicicleta,12.00,1,12.00,0.00,0.00,12.00
1238,179,1,,,,Desayuno Buffet,15.00,1,15.00,0.00,0.00,15.00
1239,179,3,,,,Transporte Aeropuerto,35.00,1,35.00,0.00,0.00,35.00
1240,165,6,,,,Lavander??a (por libra),41.00,1,41.00,0.00,0.00,41.00
1241,165,4,,,,Servicio a la Habitaci??n,10.00,1,10.00,0.00,0.00,10.00
1242,165,2,,,,Masaje Relajante 60 min,45.00,1,45.00,0.00,0.00,45.00
1243,165,7,,,,Alquiler de Bicicleta,12.00,1,12.00,0.00,0.00,12.00
1244,165,1,,,,Desayuno Buffet,15.00,1,15.00,0.00,0.00,15.00
1245,165,3,,,,Transporte Aeropuerto,35.00,1,35.00,0.00,0.00,35.00
1246,171,6,,,,Lavander??a (por libra),41.00,1,41.00,0.00,0.00,41.00
1247,171,4,,,,Servicio a la Habitaci??n,10.00,1,10.00,0.00,0.00,10.00
1248,171,2,,,,Masaje Relajante 60 min,45.00,1,45.00,0.00,0.00,45.00
1249,171,7,,,,Alquiler de Bicicleta,12.00,1,12.00,0.00,0.00,12.00
1250,171,1,,,,Desayuno Buffet,15.00,1,15.00,0.00,0.00,15.00
1251,171,3,,,,Transporte Aeropuerto,35.00,1,35.00,0.00,0.00,35.00
1252,98,6,,,,Lavander??a (por libra),41.00,1,41.00,0.00,0.00,41.00
1253,98,4,,,,Servicio a la Habitaci??n,10.00,1,10.00,0.00,0.00,10.00
1254,98,2,,,,Masaje Relajante 60 min,45.00,1,45.00,0.00,0.00,45.00
1255,98,7,,,,Alquiler de Bicicleta,12.00,1,12.00,0.00,0.00,12.00
1256,98,1,,,,Desayuno Buffet,15.00,1,15.00,0.00,0.00,15.00
1257,98,3,,,,Transporte Aeropuerto,35.00,1,35.00,0.00,0.00,35.00
1258,104,6,,,,Lavander??a (por libra),41.00,1,41.00,0.00,0.00,41.00
1259,104,4,,,,Servicio a la Habitaci??n,10.00,1,10.00,0.00,0.00,10.00
1260,104,2,,,,Masaje Relajante 60 min,45.00,1,45.00,0.00,0.00,45.00
1261,104,7,,,,Alquiler de Bicicleta,12.00,1,12.00,0.00,0.00,12.00
1262,104,1,,,,Desayuno Buffet,15.00,1,15.00,0.00,0.00,15.00
1263,104,3,,,,Transporte Aeropuerto,35.00,1,35.00,0.00,0.00,35.00
1264,180,6,,,,Lavander??a (por libra),41.00,1,41.00,0.00,0.00,41.00
1265,180,4,,,,Servicio a la Habitaci??n,10.00,1,10.00,0.00,0.00,10.00
1266,180,2,,,,Masaje Relajante 60 min,45.00,1,45.00,0.00,0.00,45.00
1267,180,7,,,,Alquiler de Bicicleta,12.00,1,12.00,0.00,0.00,12.00
1268,180,1,,,,Desayuno Buffet,15.00,1,15.00,0.00,0.00,15.00
1269,180,3,,,,Transporte Aeropuerto,35.00,1,35.00,0.00,0.00,35.00
1270,100,6,,,,Lavander??a (por libra),41.00,1,41.00,0.00,0.00,41.00
1271,100,4,,,,Servicio a la Habitaci??n,10.00,1,10.00,0.00,0.00,10.00
1272,100,2,,,,Masaje Relajante 60 min,45.00,1,45.00,0.00,0.00,45.00
1273,100,7,,,,Alquiler de Bicicleta,12.00,1,12.00,0.00,0.00,12.00
1274,100,1,,,,Desayuno Buffet,15.00,1,15.00,0.00,0.00,15.00
1275,100,3,,,,Transporte Aeropuerto,35.00,1,35.00,0.00,0.00,35.00
1276,103,6,,,,Lavander??a (por libra),41.00,1,41.00,0.00,0.00,41.00
1277,103,4,,,,Servicio a la Habitaci??n,10.00,1,10.00,0.00,0.00,10.00
1278,103,2,,,,Masaje Relajante 60 min,45.00,1,45.00,0.00,0.00,45.00
1279,103,7,,,,Alquiler de Bicicleta,12.00,1,12.00,0.00,0.00,12.00
1280,103,1,,,,Desayuno Buffet,15.00,1,15.00,0.00,0.00,15.00
1281,103,3,,,,Transporte Aeropuerto,35.00,1,35.00,0.00,0.00,35.00
1282,49,6,,,,Lavander??a (por libra),41.00,1,41.00,0.00,0.00,41.00
1283,49,4,,,,Servicio a la Habitaci??n,10.00,1,10.00,0.00,0.00,10.00
1284,49,2,,,,Masaje Relajante 60 min,45.00,1,45.00,0.00,0.00,45.00
1285,49,7,,,,Alquiler de Bicicleta,12.00,1,12.00,0.00,0.00,12.00
1286,49,1,,,,Desayuno Buffet,15.00,1,15.00,0.00,0.00,15.00
1287,49,3,,,,Transporte Aeropuerto,35.00,1,35.00,0.00,0.00,35.00
1288,59,6,,,,Lavander??a (por libra),41.00,1,41.00,0.00,0.00,41.00
1289,59,4,,,,Servicio a la Habitaci??n,10.00,1,10.00,0.00,0.00,10.00
1290,59,2,,,,Masaje Relajante 60 min,45.00,1,45.00,0.00,0.00,45.00
1291,59,7,,,,Alquiler de Bicicleta,12.00,1,12.00,0.00,0.00,12.00
1292,59,1,,,,Desayuno Buffet,15.00,1,15.00,0.00,0.00,15.00
1293,59,3,,,,Transporte Aeropuerto,35.00,1,35.00,0.00,0.00,35.00
1294,59,6,,,,Lavander??a (por libra),41.00,1,41.00,0.00,0.00,41.00
1295,59,4,,,,Servicio a la Habitaci??n,10.00,1,10.00,0.00,0.00,10.00
1296,59,2,,,,Masaje Relajante 60 min,45.00,1,45.00,0.00,0.00,45.00
1297,59,7,,,,Alquiler de Bicicleta,12.00,1,12.00,0.00,0.00,12.00
1298,59,1,,,,Desayuno Buffet,15.00,1,15.00,0.00,0.00,15.00
1299,59,3,,,,Transporte Aeropuerto,35.00,1,35.00,0.00,0.00,35.00
1300,77,6,,,,Lavander??a (por libra),41.00,1,41.00,0.00,0.00,41.00
1301,77,4,,,,Servicio a la Habitaci??n,10.00,1,10.00,0.00,0.00,10.00
1302,77,2,,,,Masaje Relajante 60 min,45.00,1,45.00,0.00,0.00,45.00
1303,77,7,,,,Alquiler de Bicicleta,12.00,1,12.00,0.00,0.00,12.00
1304,77,1,,,,Desayuno Buffet,15.00,1,15.00,0.00,0.00,15.00
1305,77,3,,,,Transporte Aeropuerto,35.00,1,35.00,0.00,0.00,35.00
1306,41,6,,,,Lavander??a (por libra),41.00,1,41.00,0.00,0.00,41.00
1307,41,4,,,,Servicio a la Habitaci??n,10.00,1,10.00,0.00,0.00,10.00
1308,41,2,,,,Masaje Relajante 60 min,45.00,1,45.00,0.00,0.00,45.00
1309,41,7,,,,Alquiler de Bicicleta,12.00,1,12.00,0.00,0.00,12.00
1310,41,1,,,,Desayuno Buffet,15.00,1,15.00,0.00,0.00,15.00
1311,41,3,,,,Transporte Aeropuerto,35.00,1,35.00,0.00,0.00,35.00
1312,90,6,,,,Lavander??a (por libra),41.00,1,41.00,0.00,0.00,41.00
1313,90,4,,,,Servicio a la Habitaci??n,10.00,1,10.00,0.00,0.00,10.00
1314,90,2,,,,Masaje Relajante 60 min,45.00,1,45.00,0.00,0.00,45.00
1315,90,7,,,,Alquiler de Bicicleta,12.00,1,12.00,0.00,0.00,12.00
1316,90,1,,,,Desayuno Buffet,15.00,1,15.00,0.00,0.00,15.00
1317,90,3,,,,Transporte Aeropuerto,35.00,1,35.00,0.00,0.00,35.00
1318,90,6,,,,Lavander??a (por libra),41.00,1,41.00,0.00,0.00,41.00
1319,90,4,,,,Servicio a la Habitaci??n,10.00,1,10.00,0.00,0.00,10.00
1320,90,2,,,,Masaje Relajante 60 min,45.00,1,45.00,0.00,0.00,45.00
1321,90,7,,,,Alquiler de Bicicleta,12.00,1,12.00,0.00,0.00,12.00
1322,90,1,,,,Desayuno Buffet,15.00,1,15.00,0.00,0.00,15.00
1323,90,3,,,,Transporte Aeropuerto,35.00,1,35.00,0.00,0.00,35.00
1324,57,6,,,,Lavander??a (por libra),41.00,1,41.00,0.00,0.00,41.00
1325,57,4,,,,Servicio a la Habitaci??n,10.00,1,10.00,0.00,0.00,10.00
1326,57,2,,,,Masaje Relajante 60 min,45.00,1,45.00,0.00,0.00,45.00
1327,57,7,,,,Alquiler de Bicicleta,12.00,1,12.00,0.00,0.00,12.00
1328,57,1,,,,Desayuno Buffet,15.00,1,15.00,0.00,0.00,15.00
1329,57,3,,,,Transporte Aeropuerto,35.00,1,35.00,0.00,0.00,35.00
1330,53,6,,,,Lavander??a (por libra),41.00,1,41.00,0.00,0.00,41.00
1331,53,4,,,,Servicio a la Habitaci??n,10.00,1,10.00,0.00,0.00,10.00
1332,53,2,,,,Masaje Relajante 60 min,45.00,1,45.00,0.00,0.00,45.00
1333,53,7,,,,Alquiler de Bicicleta,12.00,1,12.00,0.00,0.00,12.00
1334,53,1,,,,Desayuno Buffet,15.00,1,15.00,0.00,0.00,15.00
1335,53,3,,,,Transporte Aeropuerto,35.00,1,35.00,0.00,0.00,35.00
1336,20,6,,,,Lavander??a (por libra),41.00,1,41.00,0.00,0.00,41.00
1337,20,4,,,,Servicio a la Habitaci??n,10.00,1,10.00,0.00,0.00,10.00
1338,20,2,,,,Masaje Relajante 60 min,45.00,1,45.00,0.00,0.00,45.00
1339,20,7,,,,Alquiler de Bicicleta,12.00,1,12.00,0.00,0.00,12.00
1340,20,1,,,,Desayuno Buffet,15.00,1,15.00,0.00,0.00,15.00
1341,20,3,,,,Transporte Aeropuerto,35.00,1,35.00,0.00,0.00,35.00
1342,24,6,,,,Lavander??a (por libra),41.00,1,41.00,0.00,0.00,41.00
1343,24,4,,,,Servicio a la Habitaci??n,10.00,1,10.00,0.00,0.00,10.00
1344,24,2,,,,Masaje Relajante 60 min,45.00,1,45.00,0.00,0.00,45.00
1345,24,7,,,,Alquiler de Bicicleta,12.00,1,12.00,0.00,0.00,12.00
1346,24,1,,,,Desayuno Buffet,15.00,1,15.00,0.00,0.00,15.00
1347,24,3,,,,Transporte Aeropuerto,35.00,1,35.00,0.00,0.00,35.00
1348,93,6,,,,Lavander??a (por libra),41.00,1,41.00,0.00,0.00,41.00
1349,93,4,,,,Servicio a la Habitaci??n,10.00,1,10.00,0.00,0.00,10.00
1350,93,2,,,,Masaje Relajante 60 min,45.00,1,45.00,0.00,0.00,45.00
1351,93,7,,,,Alquiler de Bicicleta,12.00,1,12.00,0.00,0.00,12.00
1352,93,1,,,,Desayuno Buffet,15.00,1,15.00,0.00,0.00,15.00
1353,93,3,,,,Transporte Aeropuerto,35.00,1,35.00,0.00,0.00,35.00
1354,31,6,,,,Lavander??a (por libra),41.00,1,41.00,0.00,0.00,41.00
1355,31,4,,,,Servicio a la Habitaci??n,10.00,1,10.00,0.00,0.00,10.00
1356,31,2,,,,Masaje Relajante 60 min,45.00,1,45.00,0.00,0.00,45.00
1357,31,7,,,,Alquiler de Bicicleta,12.00,1,12.00,0.00,0.00,12.00
1358,31,1,,,,Desayuno Buffet,15.00,1,15.00,0.00,0.00,15.00
1359,31,3,,,,Transporte Aeropuerto,35.00,1,35.00,0.00,0.00,35.00
1360,50,6,,,,Lavander??a (por libra),41.00,1,41.00,0.00,0.00,41.00
1361,50,4,,,,Servicio a la Habitaci??n,10.00,1,10.00,0.00,0.00,10.00
1362,50,2,,,,Masaje Relajante 60 min,45.00,1,45.00,0.00,0.00,45.00
1363,50,7,,,,Alquiler de Bicicleta,12.00,1,12.00,0.00,0.00,12.00
1364,50,1,,,,Desayuno Buffet,15.00,1,15.00,0.00,0.00,15.00
1365,50,3,,,,Transporte Aeropuerto,35.00,1,35.00,0.00,0.00,35.00
1366,87,6,,,,Lavander??a (por libra),41.00,1,41.00,0.00,0.00,41.00
1367,87,4,,,,Servicio a la Habitaci??n,10.00,1,10.00,0.00,0.00,10.00
1368,87,2,,,,Masaje Relajante 60 min,45.00,1,45.00,0.00,0.00,45.00
1369,87,7,,,,Alquiler de Bicicleta,12.00,1,12.00,0.00,0.00,12.00
1370,87,1,,,,Desayuno Buffet,15.00,1,15.00,0.00,0.00,15.00
1371,87,3,,,,Transporte Aeropuerto,35.00,1,35.00,0.00,0.00,35.00
1372,87,6,,,,Lavander??a (por libra),41.00,1,41.00,0.00,0.00,41.00
1373,87,4,,,,Servicio a la Habitaci??n,10.00,1,10.00,0.00,0.00,10.00
1374,87,2,,,,Masaje Relajante 60 min,45.00,1,45.00,0.00,0.00,45.00
1375,87,7,,,,Alquiler de Bicicleta,12.00,1,12.00,0.00,0.00,12.00
1376,87,1,,,,Desayuno Buffet,15.00,1,15.00,0.00,0.00,15.00
1377,87,3,,,,Transporte Aeropuerto,35.00,1,35.00,0.00,0.00,35.00
1378,181,,196,,,Estad??a de habitaci??n,568.09,4,2272.36,0.00,0.00,2272.36
1379,181,10,,,,Estacionamiento Valet,32.00,1,32.00,0.00,0.00,32.00
1380,181,2,,,,Masaje Relajante 60 min,45.00,1,45.00,0.00,0.00,45.00
1381,181,3,,,,Transporte Aeropuerto,35.00,1,35.00,0.00,0.00,35.00
1382,182,,809,,,Estad??a de habitaci??n,377.14,4,1508.56,0.00,0.00,1508.56
1383,182,1,,,,Desayuno Buffet,15.00,1,15.00,0.00,0.00,15.00
1384,182,6,,,,Lavander??a (por libra),41.00,1,41.00,0.00,0.00,41.00
1385,182,4,,,,Servicio a la Habitaci??n,10.00,1,10.00,0.00,0.00,10.00
1386,183,,570,,,Estad??a de habitaci??n,224.96,4,899.84,0.00,0.00,899.84
1387,183,8,,,,Clase de Surf Privada,25.00,1,25.00,0.00,0.00,25.00
1388,183,7,,,,Alquiler de Bicicleta,12.00,1,12.00,0.00,0.00,12.00
1389,183,9,,,,Cena Rom??ntica en Playa,80.00,1,80.00,0.00,0.00,80.00
1390,184,,198,,,Estad??a de habitaci??n,473.03,2,946.06,0.00,0.00,946.06
1391,184,6,,,,Lavander??a (por libra),41.00,1,41.00,0.00,0.00,41.00
1392,184,1,,,,Desayuno Buffet,15.00,1,15.00,0.00,0.00,15.00
1393,184,1,,,,Desayuno Buffet,15.00,1,15.00,0.00,0.00,15.00
1394,185,,547,,,Estad??a de habitaci??n,612.81,6,3676.86,0.00,0.00,3676.86
1395,185,4,,,,Servicio a la Habitaci??n,10.00,1,10.00,0.00,0.00,10.00
1396,185,8,,,,Clase de Surf Privada,25.00,1,25.00,0.00,0.00,25.00
1397,185,9,,,,Cena Rom??ntica en Playa,80.00,1,80.00,0.00,0.00,80.00
1398,186,,729,,,Estad??a de habitaci??n,696.78,2,1393.56,0.00,0.00,1393.56
1399,186,10,,,,Estacionamiento Valet,32.00,1,32.00,0.00,0.00,32.00
1400,186,7,,,,Alquiler de Bicicleta,12.00,1,12.00,0.00,0.00,12.00
1401,186,8,,,,Clase de Surf Privada,25.00,1,25.00,0.00,0.00,25.00
1402,187,,97,,,Estad??a de habitaci??n,316.30,4,1265.20,0.00,0.00,1265.20
1403,187,5,,,,Tour Guiado Volcanes,60.00,1,60.00,0.00,0.00,60.00
1404,187,8,,,,Clase de Surf Privada,25.00,1,25.00,0.00,0.00,25.00
1405,187,1,,,,Desayuno Buffet,15.00,1,15.00,0.00,0.00,15.00
1406,188,,151,,,Estad??a de habitaci??n,110.54,3,331.62,0.00,0.00,331.62
1407,188,9,,,,Cena Rom??ntica en Playa,80.00,1,80.00,0.00,0.00,80.00
1408,188,10,,,,Estacionamiento Valet,32.00,1,32.00,0.00,0.00,32.00
1409,188,8,,,,Clase de Surf Privada,25.00,1,25.00,0.00,0.00,25.00
1410,189,,121,,,Estad??a de habitaci??n,694.55,5,3472.75,0.00,0.00,3472.75
1411,189,3,,,,Transporte Aeropuerto,35.00,1,35.00,0.00,0.00,35.00
1412,189,3,,,,Transporte Aeropuerto,35.00,1,35.00,0.00,0.00,35.00
1413,189,9,,,,Cena Rom??ntica en Playa,80.00,1,80.00,0.00,0.00,80.00
1414,190,,349,,,Estad??a de habitaci??n,146.04,5,730.20,0.00,0.00,730.20
1415,190,6,,,,Lavander??a (por libra),41.00,1,41.00,0.00,0.00,41.00
1416,190,9,,,,Cena Rom??ntica en Playa,80.00,1,80.00,0.00,0.00,80.00
1417,190,6,,,,Lavander??a (por libra),41.00,1,41.00,0.00,0.00,41.00
