"id_detalle_factura","id_factura","id_servicio","id_habitacion","id_descuento","id_aumento_costo","concepto","precio_unitario","cantidad","subtotal","monto_descuento","monto_aumento","precio_total"
1,1,,113,5,,Actividades y Tours,33.21,10,332.10,49.82,0.00,282.29
2,2,,154,,,Uso de Spa,849.67,2,1699.34,0.00,0.00,1699.34
3,3,3,,,,Cargos de limpieza extra,894.57,6,5367.42,0.00,0.00,5367.42
4,4,,691,,9,Restaurantes de especialidad,202.85,13,2637.05,0.00,527.41,3164.46
5,5,5,,,,Check-out tardío,772.42,12,9269.04,0.00,0.00,9269.04
6,6,6,,,,Alquiler de equipos,538.90,14,7544.60,0.00,0.00,7544.60
7,7,7,,,,Estacionamiento,847.57,1,847.57,0.00,0.00,847.57
8,8,,356,,10,Desayuno,77.46,4,309.84,0.00,61.97,371.81
9,9,9,,,5,Uso de gimnasio,612.01,12,7344.12,0.00,1468.82,8812.94
10,10,,75,,,Lavandería,275.10,7,1925.70,0.00,0.00,1925.70
11,11,1,,,8,Bar,11.23,14,157.22,0.00,31.44,188.66
12,12,2,,2,,Restaurantes de especialidad,103.92,1,103.92,15.59,0.00,88.33
13,13,,578,,,Sauna,645.13,2,1290.26,0.00,0.00,1290.26
14,14,,512,,,Cargos de limpieza extra,351.48,10,3514.80,0.00,0.00,3514.80
15,15,5,,,,Estadía noche,680.16,7,4761.12,0.00,0.00,4761.12
16,16,,544,8,10,Restaurantes de especialidad,54.05,1,54.05,8.11,10.81,56.75
17,17,,680,,8,Desayuno,275.42,1,275.42,0.00,55.08,330.50
18,18,,503,,,Cargos de limpieza extra,516.10,7,3612.70,0.00,0.00,3612.70
19,19,9,,,,Desayuno,685.54,4,2742.16,0.00,0.00,2742.16
20,20,10,,,,"",842.85,9,7585.65,0.00,0.00,7585.65
21,21,1,,,7,Traslados al aeropuerto,978.27,3,2934.81,0.00,586.96,3521.77
22,22,2,,,,Bar,543.61,13,7066.93,0.00,0.00,7066.93
23,23,3,,9,,Check-in temprano,523.11,13,6800.43,1020.06,0.00,5780.37
24,24,4,,,,Estadía noche,743.72,9,6693.48,0.00,0.00,6693.48
25,25,,669,,,Check-in temprano,737.39,9,6636.51,0.00,0.00,6636.51
26,26,,267,,10,Bar,324.31,14,4540.34,0.00,908.07,5448.41
27,27,7,,,,Alquiler de equipos,645.69,13,8393.97,0.00,0.00,8393.97
28,28,8,,,2,Lavandería,129.29,6,775.74,0.00,155.15,930.89
29,29,9,,4,,Alquiler de equipos,314.46,2,628.92,94.34,0.00,534.58
30,30,,656,,,Uso de gimnasio,844.21,11,9286.31,0.00,0.00,9286.31
31,31,1,,,1,Cargos de limpieza extra,633.20,12,7598.40,0.00,1519.68,9118.08
32,32,,180,,,Check-in temprano,507.86,14,7110.04,0.00,0.00,7110.04
33,33,,768,,,Bar,598.46,8,4787.68,0.00,0.00,4787.68
34,34,,953,,,Actividades y Tours,331.75,11,3649.25,0.00,0.00,3649.25
35,35,5,,,7,Uso de Spa,425.17,7,2976.19,0.00,595.24,3571.43
36,36,6,,,,Check-out tardío,948.79,6,5692.74,0.00,0.00,5692.74
37,37,,276,,1,Check-in temprano,460.61,6,2763.66,0.00,552.73,3316.39
38,38,8,,,,Check-in temprano,874.16,12,10489.92,0.00,0.00,10489.92
39,39,9,,3,,Check-in temprano,934.47,7,6541.29,981.19,0.00,5560.10
40,40,10,,,1,Estacionamiento,365.76,6,2194.56,0.00,438.91,2633.47
41,41,,573,,9,"",379.36,15,5690.40,0.00,1138.08,6828.48
42,42,,568,,8,Check-in temprano,367.48,10,3674.80,0.00,734.96,4409.76
43,43,,270,,,"",171.29,8,1370.32,0.00,0.00,1370.32
44,44,4,,,8,Desayuno,67.09,8,536.72,0.00,107.34,644.06
45,45,5,,,,Lavandería,992.98,9,8936.82,0.00,0.00,8936.82
46,46,,289,,,Traslados al aeropuerto,366.03,14,5124.42,0.00,0.00,5124.42
47,47,,224,9,,Uso de Spa,948.14,4,3792.56,568.88,0.00,3223.68
48,48,,97,,,Sauna,356.21,5,1781.05,0.00,0.00,1781.05
49,49,,764,,,Check-in temprano,483.12,2,966.24,0.00,0.00,966.24
50,50,10,,,4,Uso de gimnasio,42.30,11,465.30,0.00,93.06,558.36
51,51,1,,,,Estacionamiento,491.11,11,5402.21,0.00,0.00,5402.21
52,52,,649,,,Estacionamiento,485.67,4,1942.68,0.00,0.00,1942.68
53,53,3,,,,"",745.36,15,11180.40,0.00,0.00,11180.40
54,54,,456,8,,Alquiler de equipos,73.24,11,805.64,120.85,0.00,684.79
55,55,5,,,9,Uso de gimnasio,249.74,1,249.74,0.00,49.95,299.69
56,56,6,,,,Sauna,969.67,4,3878.68,0.00,0.00,3878.68
57,57,,155,,,Check-in temprano,117.65,3,352.95,0.00,0.00,352.95
58,58,8,,,,Estacionamiento,955.03,13,12415.39,0.00,0.00,12415.39
59,59,9,,,3,Restaurantes de especialidad,95.01,15,1425.15,0.00,285.03,1710.18
60,60,10,,,,"",285.51,5,1427.55,0.00,0.00,1427.55
61,61,,189,,,Actividades y Tours,588.32,3,1764.96,0.00,0.00,1764.96
62,62,2,,,,Check-out tardío,496.85,11,5465.35,0.00,0.00,5465.35
63,63,,296,,,Uso de Spa,792.06,1,792.06,0.00,0.00,792.06
64,64,,855,,,Desayuno,301.53,7,2110.71,0.00,0.00,2110.71
65,65,5,,,,Actividades y Tours,582.61,4,2330.44,0.00,0.00,2330.44
66,66,6,,,,Alquiler de equipos,649.68,9,5847.12,0.00,0.00,5847.12
67,67,7,,,,Restaurantes de especialidad,201.11,9,1809.99,0.00,0.00,1809.99
68,68,8,,,,Restaurantes de especialidad,653.88,10,6538.80,0.00,0.00,6538.80
69,69,,974,,,Sauna,263.48,14,3688.72,0.00,0.00,3688.72
70,70,10,,,2,"",376.74,5,1883.70,0.00,376.74,2260.44
71,71,,41,,,Bar,225.63,3,676.89,0.00,0.00,676.89
72,72,2,,,,Actividades y Tours,325.55,3,976.65,0.00,0.00,976.65
73,73,3,,,10,Cargos de limpieza extra,559.76,3,1679.28,0.00,335.86,2015.14
74,74,,820,,,Traslados al aeropuerto,982.62,5,4913.10,0.00,0.00,4913.10
75,75,,957,,10,Uso de Spa,69.88,1,69.88,0.00,13.98,83.86
76,76,,158,6,8,Sauna,860.27,7,6021.89,903.28,1204.38,6322.98
77,77,,21,,,Check-in temprano,990.34,7,6932.38,0.00,0.00,6932.38
78,78,8,,,10,Desayuno,786.31,15,11794.65,0.00,2358.93,14153.58
79,79,9,,,,Sauna,576.63,10,5766.30,0.00,0.00,5766.30
80,80,,80,,7,Restaurantes de especialidad,172.26,11,1894.86,0.00,378.97,2273.83
81,81,,919,,,Uso de Spa,131.45,14,1840.30,0.00,0.00,1840.30
82,82,,611,,,Estacionamiento,504.37,11,5548.07,0.00,0.00,5548.07
83,83,,663,,,Check-out tardío,665.71,12,7988.52,0.00,0.00,7988.52
84,84,4,,,,Servicio Room Service,447.46,12,5369.52,0.00,0.00,5369.52
85,85,5,,,,Servicio Room Service,166.24,1,166.24,0.00,0.00,166.24
86,86,6,,,,Cargos de limpieza extra,66.62,14,932.68,0.00,0.00,932.68
87,87,7,,5,,Check-out tardío,18.10,2,36.20,5.43,0.00,30.77
88,88,,676,,,Cargos de limpieza extra,933.89,1,933.89,0.00,0.00,933.89
89,89,,333,,,Check-out tardío,889.07,2,1778.14,0.00,0.00,1778.14
90,90,,774,,7,Sauna,91.76,2,183.52,0.00,36.70,220.22
91,91,,290,,,Uso de Spa,119.51,14,1673.14,0.00,0.00,1673.14
92,92,,731,,,Uso de gimnasio,412.73,2,825.46,0.00,0.00,825.46
93,93,3,,,,Cargos de limpieza extra,772.16,6,4632.96,0.00,0.00,4632.96
94,94,,849,,,Bar,730.40,5,3652.00,0.00,0.00,3652.00
95,95,,859,,,Estadía noche,21.60,15,324.00,0.00,0.00,324.00
96,96,6,,,,Lavandería,720.03,15,10800.45,0.00,0.00,10800.45
97,97,,514,3,,Desayuno,739.18,1,739.18,110.88,0.00,628.30
98,98,8,,,8,Uso de gimnasio,44.05,15,660.75,0.00,132.15,792.90
99,99,9,,3,,Desayuno,728.65,4,2914.60,437.19,0.00,2477.41
100,100,,536,,7,Actividades y Tours,283.60,12,3403.20,0.00,680.64,4083.84
101,101,1,,,2,Restaurantes de especialidad,994.78,6,5968.68,0.00,1193.74,7162.42
102,102,2,,,9,Bar,444.23,2,888.46,0.00,177.69,1066.15
103,103,,629,1,,Actividades y Tours,97.98,2,195.96,29.39,0.00,166.57
104,104,,879,,,Bar,621.32,11,6834.52,0.00,0.00,6834.52
105,105,,850,,,Lavandería,608.97,1,608.97,0.00,0.00,608.97
106,106,,544,,,Uso de Spa,493.62,5,2468.10,0.00,0.00,2468.10
107,107,,695,,,Desayuno,244.97,4,979.88,0.00,0.00,979.88
108,108,,590,,1,Uso de Spa,800.70,3,2402.10,0.00,480.42,2882.52
109,109,9,,2,,Alquiler de equipos,388.66,2,777.32,116.60,0.00,660.72
110,110,10,,,,Sauna,551.84,14,7725.76,0.00,0.00,7725.76
111,111,,866,,,"",542.47,7,3797.29,0.00,0.00,3797.29
112,112,,507,,10,Restaurantes de especialidad,704.21,4,2816.84,0.00,563.37,3380.21
113,113,3,,,8,"",233.53,5,1167.65,0.00,233.53,1401.18
114,114,,656,,,Sauna,258.05,3,774.15,0.00,0.00,774.15
115,115,,697,,,Bar,290.97,1,290.97,0.00,0.00,290.97
116,116,6,,,,Check-out tardío,982.63,9,8843.67,0.00,0.00,8843.67
117,117,,216,,,Alquiler de equipos,199.90,2,399.80,0.00,0.00,399.80
118,118,,330,,9,Lavandería,774.41,9,6969.69,0.00,1393.94,8363.63
119,119,9,,9,,Estacionamiento,114.93,7,804.51,120.68,0.00,683.83
120,120,10,,4,3,Bar,647.29,13,8414.77,1262.22,1682.95,8835.51
121,121,1,,,,Actividades y Tours,920.84,8,7366.72,0.00,0.00,7366.72
122,122,2,,,,Restaurantes de especialidad,121.89,10,1218.90,0.00,0.00,1218.90
123,123,,290,,,Estadía noche,827.46,8,6619.68,0.00,0.00,6619.68
124,124,4,,,7,Restaurantes de especialidad,43.93,1,43.93,0.00,8.79,52.72
125,125,5,,,,Desayuno,64.71,2,129.42,0.00,0.00,129.42
126,126,6,,,,Restaurantes de especialidad,930.91,12,11170.92,0.00,0.00,11170.92
127,127,7,,,,Check-out tardío,349.41,6,2096.46,0.00,0.00,2096.46
128,128,8,,,1,Actividades y Tours,612.02,3,1836.06,0.00,367.21,2203.27
129,129,,910,,2,Restaurantes de especialidad,252.47,14,3534.58,0.00,706.92,4241.50
130,130,,743,,8,Estacionamiento,87.91,7,615.37,0.00,123.07,738.44
131,131,,66,,,"",635.89,6,3815.34,0.00,0.00,3815.34
132,132,,93,10,,Restaurantes de especialidad,140.42,8,1123.36,168.50,0.00,954.86
133,133,,330,,,Alquiler de equipos,639.24,6,3835.44,0.00,0.00,3835.44
134,134,4,,,9,Bar,893.77,12,10725.24,0.00,2145.05,12870.29
135,135,5,,7,2,Estacionamiento,60.50,3,181.50,27.23,36.30,190.58
136,136,6,,,4,Traslados al aeropuerto,888.56,6,5331.36,0.00,1066.27,6397.63
137,137,,214,,7,"",299.82,11,3298.02,0.00,659.60,3957.62
138,138,8,,1,,Uso de gimnasio,447.21,7,3130.47,469.57,0.00,2660.90
139,139,9,,,8,Check-out tardío,404.06,1,404.06,0.00,80.81,484.87
140,140,10,,,10,Cargos de limpieza extra,972.41,11,10696.51,0.00,2139.30,12835.81
141,141,1,,,,Lavandería,404.67,1,404.67,0.00,0.00,404.67
142,142,,606,,,Check-out tardío,967.37,6,5804.22,0.00,0.00,5804.22
143,143,,315,,9,Check-in temprano,941.58,1,941.58,0.00,188.32,1129.90
144,144,4,,,,Desayuno,91.08,5,455.40,0.00,0.00,455.40
145,145,5,,,,Actividades y Tours,181.71,8,1453.68,0.00,0.00,1453.68
146,146,6,,,,Check-out tardío,676.92,15,10153.80,0.00,0.00,10153.80
147,147,,610,,,Estacionamiento,385.40,11,4239.40,0.00,0.00,4239.40
148,148,,128,,,Estacionamiento,779.09,2,1558.18,0.00,0.00,1558.18
149,149,,486,,2,Uso de gimnasio,726.65,12,8719.80,0.00,1743.96,10463.76
150,150,10,,,,Uso de Spa,335.58,10,3355.80,0.00,0.00,3355.80
151,151,,384,,,Sauna,808.30,1,808.30,0.00,0.00,808.30
152,152,2,,,,Uso de gimnasio,707.44,14,9904.16,0.00,0.00,9904.16
153,153,3,,,,Servicio Room Service,101.24,13,1316.12,0.00,0.00,1316.12
154,154,4,,,,Uso de Spa,527.34,14,7382.76,0.00,0.00,7382.76
155,155,5,,,1,Cargos de limpieza extra,790.51,5,3952.55,0.00,790.51,4743.06
156,156,6,,,9,Check-out tardío,167.51,2,335.02,0.00,67.00,402.02
157,157,,597,5,,Desayuno,738.86,12,8866.32,1329.95,0.00,7536.37
158,158,8,,,7,Traslados al aeropuerto,600.48,9,5404.32,0.00,1080.86,6485.18
159,159,9,,,,"",243.20,10,2432.00,0.00,0.00,2432.00
160,160,,89,,8,Uso de Spa,619.17,12,7430.04,0.00,1486.01,8916.05
161,161,1,,,,Servicio Room Service,359.22,4,1436.88,0.00,0.00,1436.88
162,162,2,,7,,Desayuno,417.37,1,417.37,62.61,0.00,354.76
163,163,3,,,,Estacionamiento,882.97,5,4414.85,0.00,0.00,4414.85
164,164,,505,,,Servicio Room Service,155.81,2,311.62,0.00,0.00,311.62
165,165,5,,,10,Cargos de limpieza extra,867.44,8,6939.52,0.00,1387.90,8327.42
166,166,6,,,,Check-in temprano,489.73,15,7345.95,0.00,0.00,7345.95
167,167,,338,,,Servicio Room Service,20.43,15,306.45,0.00,0.00,306.45
168,168,,802,,,Desayuno,302.66,7,2118.62,0.00,0.00,2118.62
169,169,9,,,,Desayuno,830.76,1,830.76,0.00,0.00,830.76
170,170,,247,,,Desayuno,716.07,13,9308.91,0.00,0.00,9308.91
171,171,,366,,,Estadía noche,629.15,2,1258.30,0.00,0.00,1258.30
172,172,,520,1,7,Bar,737.53,13,9587.89,1438.18,1917.58,10067.28
173,173,3,,,,Desayuno,63.58,6,381.48,0.00,0.00,381.48
174,174,4,,,,Cargos de limpieza extra,408.01,8,3264.08,0.00,0.00,3264.08
175,175,5,,,,Desayuno,462.61,5,2313.05,0.00,0.00,2313.05
176,176,,801,,5,Servicio Room Service,216.54,9,1948.86,0.00,389.77,2338.63
177,177,,708,,,"",232.53,4,930.12,0.00,0.00,930.12
178,178,,796,,6,Sauna,554.58,5,2772.90,0.00,554.58,3327.48
179,179,9,,,,Actividades y Tours,356.44,1,356.44,0.00,0.00,356.44
180,180,10,,,,Traslados al aeropuerto,611.73,15,9175.95,0.00,0.00,9175.95
181,181,,245,,8,Restaurantes de especialidad,489.47,9,4405.23,0.00,881.05,5286.28
182,182,2,,,,Lavandería,203.18,3,609.54,0.00,0.00,609.54
183,183,,718,,8,Traslados al aeropuerto,427.23,4,1708.92,0.00,341.78,2050.70
184,184,,795,,5,Traslados al aeropuerto,583.38,12,7000.56,0.00,1400.11,8400.67
185,185,5,,,9,Uso de gimnasio,726.37,13,9442.81,0.00,1888.56,11331.37
186,186,6,,,7,Servicio Room Service,314.20,5,1571.00,0.00,314.20,1885.20
187,187,7,,,3,Alquiler de equipos,727.87,1,727.87,0.00,145.57,873.44
188,188,8,,,7,Actividades y Tours,346.30,6,2077.80,0.00,415.56,2493.36
189,189,9,,,,Lavandería,898.13,13,11675.69,0.00,0.00,11675.69
190,190,,208,,7,Estadía noche,596.20,6,3577.20,0.00,715.44,4292.64
191,191,1,,,,Servicio Room Service,643.81,3,1931.43,0.00,0.00,1931.43
192,192,2,,,3,Servicio Room Service,652.43,9,5871.87,0.00,1174.37,7046.24
193,193,,62,,,Check-in temprano,303.14,4,1212.56,0.00,0.00,1212.56
194,194,,812,,,Estadía noche,470.93,4,1883.72,0.00,0.00,1883.72
195,195,,109,,1,Servicio Room Service,790.38,11,8694.18,0.00,1738.84,10433.02
196,196,6,,,9,Uso de gimnasio,681.64,12,8179.68,0.00,1635.94,9815.62
197,197,7,,,9,Sauna,772.43,3,2317.29,0.00,463.46,2780.75
198,198,8,,,7,Check-in temprano,295.53,3,886.59,0.00,177.32,1063.91
199,199,9,,,,Traslados al aeropuerto,668.19,13,8686.47,0.00,0.00,8686.47
200,200,,1,,3,Check-out tardío,497.04,8,3976.32,0.00,795.26,4771.58
201,201,,169,6,,Estacionamiento,182.01,3,546.03,81.90,0.00,464.13
202,202,,929,,8,Desayuno,153.90,4,615.60,0.00,123.12,738.72
203,203,,909,,,Uso de Spa,702.95,10,7029.50,0.00,0.00,7029.50
204,204,4,,,,Alquiler de equipos,772.97,2,1545.94,0.00,0.00,1545.94
205,205,5,,,,Alquiler de equipos,15.93,12,191.16,0.00,0.00,191.16
206,206,6,,,,Desayuno,661.82,12,7941.84,0.00,0.00,7941.84
207,207,,951,1,3,Lavandería,724.84,11,7973.24,1195.99,1594.65,8371.90
208,208,8,,,,Bar,434.39,3,1303.17,0.00,0.00,1303.17
209,209,,802,,7,Traslados al aeropuerto,832.64,15,12489.60,0.00,2497.92,14987.52
210,210,,308,,,Uso de gimnasio,526.57,8,4212.56,0.00,0.00,4212.56
211,211,,455,,,Traslados al aeropuerto,161.04,11,1771.44,0.00,0.00,1771.44
212,212,2,,,,Estacionamiento,395.71,3,1187.13,0.00,0.00,1187.13
213,213,3,,,9,Estadía noche,240.24,11,2642.64,0.00,528.53,3171.17
214,214,,416,,,Lavandería,299.79,1,299.79,0.00,0.00,299.79
215,215,,326,,,Sauna,778.11,1,778.11,0.00,0.00,778.11
216,216,6,,,2,Lavandería,23.16,5,115.80,0.00,23.16,138.96
217,217,7,,,,Estadía noche,690.09,5,3450.45,0.00,0.00,3450.45
218,218,,483,,,Uso de gimnasio,654.17,15,9812.55,0.00,0.00,9812.55
219,219,,575,,2,Sauna,505.56,5,2527.80,0.00,505.56,3033.36
220,220,10,,,,Cargos de limpieza extra,249.02,10,2490.20,0.00,0.00,2490.20
221,221,1,,,,Estadía noche,141.99,11,1561.89,0.00,0.00,1561.89
222,222,,940,,,Traslados al aeropuerto,785.49,15,11782.35,0.00,0.00,11782.35
223,223,3,,,,Check-in temprano,29.26,13,380.38,0.00,0.00,380.38
224,224,,684,,,Check-in temprano,908.86,14,12724.04,0.00,0.00,12724.04
225,225,5,,4,,Check-in temprano,210.52,4,842.08,126.31,0.00,715.77
226,226,,241,,,Traslados al aeropuerto,856.09,15,12841.35,0.00,0.00,12841.35
227,227,7,,,,Desayuno,139.12,15,2086.80,0.00,0.00,2086.80
228,228,,321,,,"",418.16,6,2508.96,0.00,0.00,2508.96
229,229,,144,9,,Check-out tardío,261.53,7,1830.71,274.61,0.00,1556.10
230,230,,393,,,Traslados al aeropuerto,598.74,10,5987.40,0.00,0.00,5987.40
231,231,1,,,,Uso de Spa,351.49,13,4569.37,0.00,0.00,4569.37
232,232,2,,,,Lavandería,814.37,11,8958.07,0.00,0.00,8958.07
233,233,,90,7,,Uso de gimnasio,469.15,13,6098.95,914.84,0.00,5184.11
234,234,,369,,,Cargos de limpieza extra,188.31,1,188.31,0.00,0.00,188.31
235,235,5,,,,Bar,37.69,10,376.90,0.00,0.00,376.90
236,236,,150,,,Alquiler de equipos,493.77,14,6912.78,0.00,0.00,6912.78
237,237,,290,,7,Actividades y Tours,719.20,7,5034.40,0.00,1006.88,6041.28
238,238,8,,7,6,Servicio Room Service,665.95,10,6659.50,998.93,1331.90,6992.48
239,239,,933,,,Traslados al aeropuerto,61.93,8,495.44,0.00,0.00,495.44
240,240,,884,,,Estacionamiento,572.51,11,6297.61,0.00,0.00,6297.61
241,241,,569,9,,Sauna,549.61,7,3847.27,577.09,0.00,3270.18
242,242,,419,,4,Estacionamiento,832.00,4,3328.00,0.00,665.60,3993.60
243,243,,753,1,,Restaurantes de especialidad,146.77,10,1467.70,220.16,0.00,1247.55
244,244,4,,,10,Traslados al aeropuerto,931.71,15,13975.65,0.00,2795.13,16770.78
245,245,5,,,,Check-in temprano,344.61,13,4479.93,0.00,0.00,4479.93
246,246,6,,,,Desayuno,622.29,8,4978.32,0.00,0.00,4978.32
247,247,7,,,4,Estacionamiento,272.28,14,3811.92,0.00,762.38,4574.30
248,248,,228,,,Traslados al aeropuerto,902.38,7,6316.66,0.00,0.00,6316.66
249,249,,384,,,Alquiler de equipos,547.79,12,6573.48,0.00,0.00,6573.48
250,250,10,,,,Actividades y Tours,215.22,12,2582.64,0.00,0.00,2582.64
251,251,,568,,5,Alquiler de equipos,807.66,3,2422.98,0.00,484.60,2907.58
252,252,2,,,,Estacionamiento,278.62,3,835.86,0.00,0.00,835.86
253,253,,132,10,,Lavandería,786.26,15,11793.90,1769.09,0.00,10024.82
254,254,,951,,,"",657.36,6,3944.16,0.00,0.00,3944.16
255,255,,854,,10,Traslados al aeropuerto,863.44,7,6044.08,0.00,1208.82,7252.90
256,256,,619,,,Estacionamiento,758.25,2,1516.50,0.00,0.00,1516.50
257,257,7,,,,Check-in temprano,71.64,8,573.12,0.00,0.00,573.12
258,258,8,,6,10,Lavandería,851.27,2,1702.54,255.38,340.51,1787.67
259,259,,709,6,,Uso de gimnasio,552.35,14,7732.90,1159.94,0.00,6572.97
260,260,10,,,,Uso de gimnasio,404.47,9,3640.23,0.00,0.00,3640.23
261,261,1,,,6,Alquiler de equipos,655.38,8,5243.04,0.00,1048.61,6291.65
262,262,2,,,6,Desayuno,133.30,13,1732.90,0.00,346.58,2079.48
263,263,3,,,7,Desayuno,140.32,4,561.28,0.00,112.26,673.54
264,264,4,,,,Estacionamiento,577.57,15,8663.55,0.00,0.00,8663.55
265,265,5,,,,Uso de Spa,53.29,6,319.74,0.00,0.00,319.74
266,266,,499,2,,Traslados al aeropuerto,602.20,1,602.20,90.33,0.00,511.87
267,267,,554,6,,Sauna,768.97,4,3075.88,461.38,0.00,2614.50
268,268,,551,,,Estadía noche,983.35,2,1966.70,0.00,0.00,1966.70
269,269,9,,,10,Alquiler de equipos,713.68,1,713.68,0.00,142.74,856.42
270,270,10,,,7,Alquiler de equipos,873.26,11,9605.86,0.00,1921.17,11527.03
271,271,,194,,,Alquiler de equipos,283.97,15,4259.55,0.00,0.00,4259.55
272,272,2,,,,Servicio Room Service,194.88,15,2923.20,0.00,0.00,2923.20
273,273,,320,,1,Actividades y Tours,400.97,11,4410.67,0.00,882.13,5292.80
274,274,4,,2,6,Bar,991.81,13,12893.53,1934.03,2578.71,13538.21
275,275,5,,,,Uso de gimnasio,563.51,6,3381.06,0.00,0.00,3381.06
276,276,6,,,,"",866.97,9,7802.73,0.00,0.00,7802.73
277,277,,142,,,Alquiler de equipos,608.75,13,7913.75,0.00,0.00,7913.75
278,278,8,,,,Uso de gimnasio,706.76,1,706.76,0.00,0.00,706.76
279,279,,108,,,Sauna,469.40,1,469.40,0.00,0.00,469.40
280,280,10,,,,Estadía noche,820.12,11,9021.32,0.00,0.00,9021.32
281,281,,243,8,10,Desayuno,724.54,10,7245.40,1086.81,1449.08,7607.67
282,282,2,,,,Alquiler de equipos,156.54,9,1408.86,0.00,0.00,1408.86
283,283,3,,,10,Estacionamiento,492.83,5,2464.15,0.00,492.83,2956.98
284,284,,730,,,Sauna,299.60,11,3295.60,0.00,0.00,3295.60
285,285,5,,10,,Check-in temprano,496.37,13,6452.81,967.92,0.00,5484.89
286,286,6,,4,,Actividades y Tours,175.03,15,2625.45,393.82,0.00,2231.63
287,287,7,,,,Sauna,799.00,2,1598.00,0.00,0.00,1598.00
288,288,,487,,,Check-out tardío,327.41,7,2291.87,0.00,0.00,2291.87
289,289,,65,,10,Sauna,434.56,14,6083.84,0.00,1216.77,7300.61
290,290,10,,,,Servicio Room Service,498.77,6,2992.62,0.00,0.00,2992.62
291,291,,906,,,Traslados al aeropuerto,669.85,13,8708.05,0.00,0.00,8708.05
292,292,2,,,,Bar,841.71,13,10942.23,0.00,0.00,10942.23
293,293,,318,7,,Estacionamiento,474.28,6,2845.68,426.85,0.00,2418.83
294,294,4,,,,"",689.39,10,6893.90,0.00,0.00,6893.90
295,295,5,,,9,Cargos de limpieza extra,255.35,10,2553.50,0.00,510.70,3064.20
296,296,6,,,4,"",409.85,14,5737.90,0.00,1147.58,6885.48
297,297,7,,2,,Cargos de limpieza extra,412.49,10,4124.90,618.74,0.00,3506.17
298,298,,121,,2,Desayuno,138.47,14,1938.58,0.00,387.72,2326.30
299,299,9,,,,Cargos de limpieza extra,276.74,2,553.48,0.00,0.00,553.48
300,300,,459,,6,"",661.66,1,661.66,0.00,132.33,793.99
301,301,1,,,,Lavandería,685.11,15,10276.65,0.00,0.00,10276.65
302,302,,730,,,Check-out tardío,972.37,9,8751.33,0.00,0.00,8751.33
303,303,3,,,,Actividades y Tours,802.96,12,9635.52,0.00,0.00,9635.52
304,304,,862,,,Check-in temprano,363.71,12,4364.52,0.00,0.00,4364.52
305,305,5,,,8,Traslados al aeropuerto,218.73,4,874.92,0.00,174.98,1049.90
306,306,,313,7,1,Sauna,171.60,4,686.40,102.96,137.28,720.72
307,307,,441,3,,Traslados al aeropuerto,204.77,2,409.54,61.43,0.00,348.11
308,308,,771,,9,"",881.94,2,1763.88,0.00,352.78,2116.66
309,309,9,,,,Restaurantes de especialidad,499.98,4,1999.92,0.00,0.00,1999.92
310,310,,827,10,1,Uso de gimnasio,241.53,10,2415.30,362.30,483.06,2536.07
311,311,1,,,1,Estadía noche,381.40,14,5339.60,0.00,1067.92,6407.52
312,312,,710,,5,Actividades y Tours,917.64,2,1835.28,0.00,367.06,2202.34
313,313,3,,3,,Check-out tardío,208.94,2,417.88,62.68,0.00,355.20
314,314,4,,,,Check-in temprano,924.25,3,2772.75,0.00,0.00,2772.75
315,315,5,,,4,Restaurantes de especialidad,184.83,6,1108.98,0.00,221.80,1330.78
316,316,,969,,,Desayuno,511.59,13,6650.67,0.00,0.00,6650.67
317,317,7,,,,Restaurantes de especialidad,950.32,2,1900.64,0.00,0.00,1900.64
318,318,,797,,,Sauna,928.45,10,9284.50,0.00,0.00,9284.50
319,319,9,,,,Lavandería,342.16,6,2052.96,0.00,0.00,2052.96
320,320,,736,,,Traslados al aeropuerto,940.64,13,12228.32,0.00,0.00,12228.32
321,321,1,,,,Desayuno,203.00,12,2436.00,0.00,0.00,2436.00
322,322,,453,,,Uso de Spa,770.55,10,7705.50,0.00,0.00,7705.50
323,323,3,,,,Uso de gimnasio,104.75,10,1047.50,0.00,0.00,1047.50
324,324,,21,,10,Sauna,188.87,14,2644.18,0.00,528.84,3173.02
325,325,,383,,8,"",160.95,2,321.90,0.00,64.38,386.28
326,326,,631,6,,Lavandería,478.87,3,1436.61,215.49,0.00,1221.12
327,327,7,,,,Sauna,819.90,5,4099.50,0.00,0.00,4099.50
328,328,8,,1,,Servicio Room Service,599.84,13,7797.92,1169.69,0.00,6628.23
329,329,,598,,,Sauna,90.83,3,272.49,0.00,0.00,272.49
330,330,,888,,,Check-in temprano,540.00,14,7560.00,0.00,0.00,7560.00
331,331,1,,,,Actividades y Tours,223.36,7,1563.52,0.00,0.00,1563.52
332,332,2,,,,Check-out tardío,494.76,2,989.52,0.00,0.00,989.52
333,333,,798,,,Uso de Spa,991.05,9,8919.45,0.00,0.00,8919.45
334,334,,60,,10,Bar,739.58,9,6656.22,0.00,1331.24,7987.46
335,335,5,,,,Alquiler de equipos,486.40,13,6323.20,0.00,0.00,6323.20
336,336,6,,,3,Restaurantes de especialidad,611.44,7,4280.08,0.00,856.02,5136.10
337,337,,126,,,Check-in temprano,143.21,7,1002.47,0.00,0.00,1002.47
338,338,,134,,5,Sauna,252.61,5,1263.05,0.00,252.61,1515.66
339,339,,454,,,Actividades y Tours,248.04,11,2728.44,0.00,0.00,2728.44
340,340,,590,,,Sauna,290.46,11,3195.06,0.00,0.00,3195.06
341,341,,160,,,Uso de gimnasio,832.39,1,832.39,0.00,0.00,832.39
342,342,,595,,,Uso de gimnasio,914.25,4,3657.00,0.00,0.00,3657.00
343,343,3,,2,,Uso de gimnasio,392.40,6,2354.40,353.16,0.00,2001.24
344,344,,126,,,Sauna,715.85,12,8590.20,0.00,0.00,8590.20
345,345,5,,,9,Check-out tardío,536.86,1,536.86,0.00,107.37,644.23
346,346,,162,,,Desayuno,813.83,5,4069.15,0.00,0.00,4069.15
347,347,,489,,,Uso de Spa,564.83,15,8472.45,0.00,0.00,8472.45
348,348,8,,,8,Actividades y Tours,800.96,8,6407.68,0.00,1281.54,7689.22
349,349,9,,5,,Cargos de limpieza extra,393.45,5,1967.25,295.09,0.00,1672.16
350,350,10,,,,Servicio Room Service,151.02,14,2114.28,0.00,0.00,2114.28
351,351,1,,,5,Alquiler de equipos,799.70,7,5597.90,0.00,1119.58,6717.48
911,911,,179,,,"",427.42,9,3846.78,0.00,0.00,3846.78
352,352,,959,1,,Servicio Room Service,783.77,6,4702.62,705.39,0.00,3997.23
353,353,,320,,,Check-in temprano,375.53,4,1502.12,0.00,0.00,1502.12
354,354,,8,7,,Desayuno,817.45,3,2452.35,367.85,0.00,2084.50
355,355,,299,,,Check-in temprano,909.89,14,12738.46,0.00,0.00,12738.46
356,356,,848,4,,Estadía noche,474.83,6,2848.98,427.35,0.00,2421.63
357,357,,265,,,Sauna,117.65,5,588.25,0.00,0.00,588.25
358,358,,431,,5,Bar,551.80,5,2759.00,0.00,551.80,3310.80
359,359,,408,2,,Lavandería,718.89,13,9345.57,1401.84,0.00,7943.73
360,360,10,,,6,Traslados al aeropuerto,790.53,11,8695.83,0.00,1739.17,10435.00
361,361,1,,,,Servicio Room Service,373.79,6,2242.74,0.00,0.00,2242.74
362,362,2,,,,Alquiler de equipos,880.81,7,6165.67,0.00,0.00,6165.67
363,363,3,,,,Servicio Room Service,619.93,12,7439.16,0.00,0.00,7439.16
364,364,,344,,,Lavandería,936.86,10,9368.60,0.00,0.00,9368.60
365,365,,934,,3,Desayuno,647.29,7,4531.03,0.00,906.21,5437.24
366,366,,99,,5,Servicio Room Service,697.01,7,4879.07,0.00,975.81,5854.88
367,367,7,,,,Sauna,426.68,9,3840.12,0.00,0.00,3840.12
368,368,,47,,4,Lavandería,968.83,5,4844.15,0.00,968.83,5812.98
369,369,,149,,,Desayuno,26.27,10,262.70,0.00,0.00,262.70
370,370,10,,3,1,Servicio Room Service,852.98,4,3411.92,511.79,682.38,3582.52
371,371,1,,,6,Estacionamiento,171.88,11,1890.68,0.00,378.14,2268.82
372,372,,395,,,Desayuno,325.60,14,4558.40,0.00,0.00,4558.40
373,373,,576,,,Restaurantes de especialidad,114.85,8,918.80,0.00,0.00,918.80
374,374,4,,,,Check-in temprano,561.44,8,4491.52,0.00,0.00,4491.52
375,375,,861,,,"",687.43,12,8249.16,0.00,0.00,8249.16
376,376,6,,,,Estadía noche,113.60,2,227.20,0.00,0.00,227.20
377,377,7,,3,,Check-out tardío,382.01,9,3438.09,515.71,0.00,2922.38
378,378,8,,,,Check-in temprano,888.96,4,3555.84,0.00,0.00,3555.84
379,379,9,,,,Check-in temprano,105.26,12,1263.12,0.00,0.00,1263.12
380,380,10,,,,Desayuno,593.18,5,2965.90,0.00,0.00,2965.90
381,381,1,,6,1,Uso de Spa,233.32,3,699.96,104.99,139.99,734.96
382,382,,380,,7,"",741.28,12,8895.36,0.00,1779.07,10674.43
383,383,3,,,,Check-in temprano,873.35,3,2620.05,0.00,0.00,2620.05
384,384,4,,,,Estadía noche,755.47,11,8310.17,0.00,0.00,8310.17
385,385,,659,,,Check-out tardío,333.92,4,1335.68,0.00,0.00,1335.68
386,386,,136,,3,Restaurantes de especialidad,320.86,11,3529.46,0.00,705.89,4235.35
387,387,,830,,2,Alquiler de equipos,290.91,3,872.73,0.00,174.55,1047.28
388,388,,378,,,Uso de Spa,792.42,3,2377.26,0.00,0.00,2377.26
389,389,,526,,2,"",896.18,8,7169.44,0.00,1433.89,8603.33
390,390,10,,,,Estacionamiento,971.39,9,8742.51,0.00,0.00,8742.51
391,391,,770,,,Alquiler de equipos,193.48,13,2515.24,0.00,0.00,2515.24
392,392,2,,,2,Sauna,879.76,7,6158.32,0.00,1231.66,7389.98
393,393,3,,5,,Actividades y Tours,503.26,13,6542.38,981.36,0.00,5561.02
394,394,,292,,7,Desayuno,46.46,3,139.38,0.00,27.88,167.26
395,395,,168,,8,Check-in temprano,193.09,2,386.18,0.00,77.24,463.42
396,396,6,,7,7,Lavandería,143.81,15,2157.15,323.57,431.43,2265.01
397,397,7,,,,Restaurantes de especialidad,814.37,11,8958.07,0.00,0.00,8958.07
398,398,8,,,5,Lavandería,774.33,4,3097.32,0.00,619.46,3716.78
399,399,9,,1,2,Estacionamiento,495.62,9,4460.58,669.09,892.12,4683.61
400,400,10,,,3,Estacionamiento,235.72,5,1178.60,0.00,235.72,1414.32
401,401,,746,,,Estacionamiento,604.84,14,8467.76,0.00,0.00,8467.76
402,402,,277,,,Estadía noche,319.04,1,319.04,0.00,0.00,319.04
403,403,3,,,4,Servicio Room Service,407.67,14,5707.38,0.00,1141.48,6848.86
404,404,4,,,8,Bar,557.80,2,1115.60,0.00,223.12,1338.72
405,405,,246,,,Alquiler de equipos,483.28,6,2899.68,0.00,0.00,2899.68
406,406,,441,,,Traslados al aeropuerto,676.57,3,2029.71,0.00,0.00,2029.71
407,407,,311,,8,Uso de gimnasio,874.74,11,9622.14,0.00,1924.43,11546.57
408,408,8,,,,Lavandería,813.69,8,6509.52,0.00,0.00,6509.52
409,409,,61,3,9,Actividades y Tours,692.30,14,9692.20,1453.83,1938.44,10176.81
410,410,,960,,7,Cargos de limpieza extra,165.91,12,1990.92,0.00,398.18,2389.10
411,411,,383,8,,Traslados al aeropuerto,575.51,10,5755.10,863.27,0.00,4891.84
412,412,,496,,,Uso de gimnasio,594.24,14,8319.36,0.00,0.00,8319.36
413,413,,642,,,Actividades y Tours,52.36,15,785.40,0.00,0.00,785.40
414,414,4,,,,Sauna,987.76,5,4938.80,0.00,0.00,4938.80
415,415,5,,,,Check-out tardío,681.75,2,1363.50,0.00,0.00,1363.50
416,416,6,,,,Restaurantes de especialidad,223.65,4,894.60,0.00,0.00,894.60
417,417,,25,,,Bar,995.10,14,13931.40,0.00,0.00,13931.40
418,418,8,,,,Cargos de limpieza extra,235.07,14,3290.98,0.00,0.00,3290.98
419,419,,773,,8,"",436.38,11,4800.18,0.00,960.04,5760.22
420,420,,551,,,Restaurantes de especialidad,420.18,9,3781.62,0.00,0.00,3781.62
421,421,1,,,,"",20.28,10,202.80,0.00,0.00,202.80
422,422,2,,,,Lavandería,404.78,3,1214.34,0.00,0.00,1214.34
423,423,3,,,,Check-out tardío,470.47,14,6586.58,0.00,0.00,6586.58
424,424,,551,,,Estadía noche,382.17,11,4203.87,0.00,0.00,4203.87
425,425,5,,,,Estacionamiento,660.67,2,1321.34,0.00,0.00,1321.34
426,426,6,,1,6,Desayuno,388.79,8,3110.32,466.55,622.06,3265.84
427,427,,667,10,1,Uso de Spa,508.10,10,5081.00,762.15,1016.20,5335.05
428,428,8,,,7,Sauna,295.41,11,3249.51,0.00,649.90,3899.41
429,429,,380,,,Lavandería,754.03,12,9048.36,0.00,0.00,9048.36
430,430,,885,,,Desayuno,733.91,10,7339.10,0.00,0.00,7339.10
431,431,1,,,,Estadía noche,454.28,12,5451.36,0.00,0.00,5451.36
432,432,2,,,,Restaurantes de especialidad,972.59,11,10698.49,0.00,0.00,10698.49
433,433,,907,,,Bar,873.92,7,6117.44,0.00,0.00,6117.44
434,434,,365,,,Check-in temprano,707.94,9,6371.46,0.00,0.00,6371.46
435,435,5,,,,Estacionamiento,443.95,15,6659.25,0.00,0.00,6659.25
436,436,6,,,,Uso de Spa,430.79,12,5169.48,0.00,0.00,5169.48
437,437,7,,,2,Check-in temprano,33.80,8,270.40,0.00,54.08,324.48
438,438,,694,,,Sauna,863.36,13,11223.68,0.00,0.00,11223.68
439,439,9,,,5,Estacionamiento,601.06,5,3005.30,0.00,601.06,3606.36
440,440,10,,,,Restaurantes de especialidad,846.49,15,12697.35,0.00,0.00,12697.35
441,441,,37,,,Uso de Spa,910.09,3,2730.27,0.00,0.00,2730.27
442,442,,348,3,2,Restaurantes de especialidad,911.28,1,911.28,136.69,182.26,956.84
443,443,,231,,,Estadía noche,862.02,15,12930.30,0.00,0.00,12930.30
444,444,,795,,,Check-out tardío,884.63,9,7961.67,0.00,0.00,7961.67
445,445,5,,,6,Estadía noche,579.56,12,6954.72,0.00,1390.94,8345.66
446,446,6,,,,Estacionamiento,33.58,14,470.12,0.00,0.00,470.12
447,447,7,,,8,Estacionamiento,761.15,5,3805.75,0.00,761.15,4566.90
448,448,,794,,,Estacionamiento,610.65,14,8549.10,0.00,0.00,8549.10
449,449,9,,,,Actividades y Tours,686.34,12,8236.08,0.00,0.00,8236.08
450,450,10,,,,Check-out tardío,535.27,13,6958.51,0.00,0.00,6958.51
451,451,,758,,1,Check-in temprano,787.39,9,7086.51,0.00,1417.30,8503.81
452,452,,815,,,Bar,271.59,14,3802.26,0.00,0.00,3802.26
453,453,,180,,,Cargos de limpieza extra,38.45,15,576.75,0.00,0.00,576.75
454,454,,607,,,Actividades y Tours,610.07,8,4880.56,0.00,0.00,4880.56
455,455,,424,6,,Alquiler de equipos,842.93,2,1685.86,252.88,0.00,1432.98
456,456,,209,,,Bar,850.49,7,5953.43,0.00,0.00,5953.43
457,457,7,,,,Restaurantes de especialidad,726.05,13,9438.65,0.00,0.00,9438.65
458,458,,531,,,Cargos de limpieza extra,837.67,15,12565.05,0.00,0.00,12565.05
459,459,9,,,,Lavandería,760.36,9,6843.24,0.00,0.00,6843.24
460,460,10,,,6,Servicio Room Service,225.75,10,2257.50,0.00,451.50,2709.00
461,461,,187,,,"",228.57,2,457.14,0.00,0.00,457.14
462,462,2,,,10,Lavandería,820.58,9,7385.22,0.00,1477.04,8862.26
463,463,,565,,,Traslados al aeropuerto,824.69,7,5772.83,0.00,0.00,5772.83
464,464,4,,,,Alquiler de equipos,624.48,9,5620.32,0.00,0.00,5620.32
465,465,,375,,,Uso de Spa,399.80,4,1599.20,0.00,0.00,1599.20
466,466,6,,,,Bar,606.93,11,6676.23,0.00,0.00,6676.23
467,467,7,,,10,Estadía noche,945.68,6,5674.08,0.00,1134.82,6808.90
468,468,8,,,,Desayuno,901.68,11,9918.48,0.00,0.00,9918.48
469,469,9,,,,Alquiler de equipos,17.35,5,86.75,0.00,0.00,86.75
470,470,10,,,,Bar,709.95,10,7099.50,0.00,0.00,7099.50
471,471,1,,6,,Check-in temprano,764.75,7,5353.25,802.99,0.00,4550.26
472,472,,233,,1,Check-in temprano,254.79,4,1019.16,0.00,203.83,1222.99
473,473,3,,,,Servicio Room Service,543.28,12,6519.36,0.00,0.00,6519.36
474,474,,820,,3,Cargos de limpieza extra,986.09,9,8874.81,0.00,1774.96,10649.77
475,475,5,,5,,Lavandería,207.89,9,1871.01,280.65,0.00,1590.36
476,476,,31,,,Uso de Spa,495.46,11,5450.06,0.00,0.00,5450.06
477,477,7,,,1,Servicio Room Service,314.82,2,629.64,0.00,125.93,755.57
478,478,,710,,,Restaurantes de especialidad,550.76,9,4956.84,0.00,0.00,4956.84
479,479,,69,,,Uso de gimnasio,739.92,15,11098.80,0.00,0.00,11098.80
480,480,,611,,,Cargos de limpieza extra,933.80,6,5602.80,0.00,0.00,5602.80
481,481,1,,,,Lavandería,606.33,6,3637.98,0.00,0.00,3637.98
482,482,2,,,,"",462.20,5,2311.00,0.00,0.00,2311.00
483,483,3,,,,Cargos de limpieza extra,476.73,3,1430.19,0.00,0.00,1430.19
484,484,4,,,,Uso de gimnasio,832.17,7,5825.19,0.00,0.00,5825.19
485,485,,439,,,Traslados al aeropuerto,159.68,10,1596.80,0.00,0.00,1596.80
486,486,6,,,7,Uso de gimnasio,272.78,3,818.34,0.00,163.67,982.01
487,487,,214,,,"",578.37,14,8097.18,0.00,0.00,8097.18
488,488,8,,,,Uso de gimnasio,516.04,15,7740.60,0.00,0.00,7740.60
489,489,9,,,7,Servicio Room Service,974.24,6,5845.44,0.00,1169.09,7014.53
490,490,10,,,,Bar,962.73,14,13478.22,0.00,0.00,13478.22
491,491,1,,,,Alquiler de equipos,386.36,3,1159.08,0.00,0.00,1159.08
492,492,,55,,,Lavandería,785.83,11,8644.13,0.00,0.00,8644.13
493,493,,392,,5,Uso de Spa,763.55,5,3817.75,0.00,763.55,4581.30
494,494,,225,,4,Cargos de limpieza extra,872.51,4,3490.04,0.00,698.01,4188.05
495,495,,385,,4,Uso de gimnasio,148.60,9,1337.40,0.00,267.48,1604.88
496,496,,180,,,Sauna,849.76,11,9347.36,0.00,0.00,9347.36
497,497,,596,,4,Restaurantes de especialidad,114.05,10,1140.50,0.00,228.10,1368.60
498,498,8,,2,,"",159.25,5,796.25,119.44,0.00,676.81
499,499,,709,,,Actividades y Tours,658.94,10,6589.40,0.00,0.00,6589.40
500,500,10,,,,Traslados al aeropuerto,984.34,5,4921.70,0.00,0.00,4921.70
501,501,1,,,,Check-out tardío,697.37,13,9065.81,0.00,0.00,9065.81
502,502,2,,,,Bar,401.31,9,3611.79,0.00,0.00,3611.79
503,503,3,,,,"",533.73,10,5337.30,0.00,0.00,5337.30
504,504,4,,,,Check-in temprano,460.03,14,6440.42,0.00,0.00,6440.42
505,505,5,,7,,Lavandería,100.84,13,1310.92,196.64,0.00,1114.28
506,506,6,,,5,Restaurantes de especialidad,697.68,15,10465.20,0.00,2093.04,12558.24
507,507,7,,,,Estacionamiento,870.05,14,12180.70,0.00,0.00,12180.70
508,508,8,,,,Traslados al aeropuerto,792.46,13,10301.98,0.00,0.00,10301.98
509,509,9,,,,Restaurantes de especialidad,474.90,15,7123.50,0.00,0.00,7123.50
510,510,10,,,,Alquiler de equipos,483.82,15,7257.30,0.00,0.00,7257.30
511,511,,952,,,Bar,210.85,14,2951.90,0.00,0.00,2951.90
512,512,,854,1,,Servicio Room Service,946.81,7,6627.67,994.15,0.00,5633.52
513,513,3,,,1,Lavandería,919.31,4,3677.24,0.00,735.45,4412.69
514,514,4,,,,Uso de Spa,429.47,1,429.47,0.00,0.00,429.47
515,515,,411,,,Cargos de limpieza extra,279.37,2,558.74,0.00,0.00,558.74
516,516,,456,,8,Estacionamiento,979.14,14,13707.96,0.00,2741.59,16449.55
517,517,,755,2,,Actividades y Tours,615.44,9,5538.96,830.84,0.00,4708.12
518,518,,306,,10,Desayuno,364.28,9,3278.52,0.00,655.70,3934.22
519,519,,86,,,Check-in temprano,929.62,13,12085.06,0.00,0.00,12085.06
520,520,,638,,9,Cargos de limpieza extra,610.73,3,1832.19,0.00,366.44,2198.63
521,521,1,,7,,Uso de gimnasio,148.61,1,148.61,22.29,0.00,126.32
522,522,2,,,,Lavandería,592.08,2,1184.16,0.00,0.00,1184.16
523,523,,182,3,9,Actividades y Tours,31.74,9,285.66,42.85,57.13,299.94
524,524,4,,,,Desayuno,415.98,6,2495.88,0.00,0.00,2495.88
525,525,5,,,2,Cargos de limpieza extra,802.29,14,11232.06,0.00,2246.41,13478.47
526,526,,920,,7,Bar,55.91,8,447.28,0.00,89.46,536.74
527,527,7,,9,,Traslados al aeropuerto,429.05,3,1287.15,193.07,0.00,1094.08
528,528,,652,,,Check-out tardío,957.47,15,14362.05,0.00,0.00,14362.05
529,529,9,,,,Servicio Room Service,252.02,1,252.02,0.00,0.00,252.02
530,530,10,,,,Lavandería,77.06,10,770.60,0.00,0.00,770.60
531,531,,644,,10,Traslados al aeropuerto,612.41,13,7961.33,0.00,1592.27,9553.60
532,532,2,,,,Traslados al aeropuerto,508.95,9,4580.55,0.00,0.00,4580.55
533,533,3,,,,Sauna,966.68,10,9666.80,0.00,0.00,9666.80
534,534,,685,,5,Uso de gimnasio,676.56,6,4059.36,0.00,811.87,4871.23
535,535,5,,,10,"",169.07,13,2197.91,0.00,439.58,2637.49
536,536,6,,,,Bar,986.43,7,6905.01,0.00,0.00,6905.01
537,537,7,,,1,Uso de Spa,507.67,14,7107.38,0.00,1421.48,8528.86
538,538,8,,,,Alquiler de equipos,533.49,8,4267.92,0.00,0.00,4267.92
539,539,,602,,,Cargos de limpieza extra,322.98,11,3552.78,0.00,0.00,3552.78
540,540,,760,4,,Uso de gimnasio,861.84,1,861.84,129.28,0.00,732.56
541,541,,617,1,5,Alquiler de equipos,851.82,1,851.82,127.77,170.36,894.41
542,542,,792,,,Check-out tardío,971.05,7,6797.35,0.00,0.00,6797.35
543,543,3,,,2,Traslados al aeropuerto,960.71,14,13449.94,0.00,2689.99,16139.93
544,544,,116,1,5,Bar,434.19,14,6078.66,911.80,1215.73,6382.59
545,545,5,,,,Uso de gimnasio,781.00,1,781.00,0.00,0.00,781.00
546,546,,672,,3,Check-out tardío,862.87,13,11217.31,0.00,2243.46,13460.77
547,547,7,,,6,Servicio Room Service,504.10,12,6049.20,0.00,1209.84,7259.04
548,548,8,,,,Estadía noche,692.89,13,9007.57,0.00,0.00,9007.57
549,549,9,,,,Check-out tardío,294.73,2,589.46,0.00,0.00,589.46
550,550,,877,,8,Actividades y Tours,864.24,11,9506.64,0.00,1901.33,11407.97
551,551,,637,,10,Uso de Spa,222.34,2,444.68,0.00,88.94,533.62
552,552,2,,,,Uso de Spa,387.50,10,3875.00,0.00,0.00,3875.00
553,553,3,,,,Cargos de limpieza extra,420.53,2,841.06,0.00,0.00,841.06
554,554,,500,,,Restaurantes de especialidad,27.66,3,82.98,0.00,0.00,82.98
555,555,5,,,,Lavandería,341.39,9,3072.51,0.00,0.00,3072.51
556,556,6,,,8,Check-in temprano,442.95,4,1771.80,0.00,354.36,2126.16
557,557,,201,8,,Lavandería,753.60,3,2260.80,339.12,0.00,1921.68
558,558,,903,,6,Restaurantes de especialidad,20.81,6,124.86,0.00,24.97,149.83
559,559,,663,,,Lavandería,716.07,2,1432.14,0.00,0.00,1432.14
560,560,,754,,4,Estacionamiento,615.79,11,6773.69,0.00,1354.74,8128.43
561,561,1,,7,,Actividades y Tours,199.72,7,1398.04,209.71,0.00,1188.33
562,562,,319,,9,Estacionamiento,224.91,13,2923.83,0.00,584.77,3508.60
563,563,,346,10,,Check-out tardío,194.45,11,2138.95,320.84,0.00,1818.11
564,564,,711,,,Traslados al aeropuerto,147.91,14,2070.74,0.00,0.00,2070.74
565,565,5,,2,,Estadía noche,314.25,3,942.75,141.41,0.00,801.34
566,566,,551,,7,Traslados al aeropuerto,853.66,6,5121.96,0.00,1024.39,6146.35
567,567,7,,,,Desayuno,36.73,7,257.11,0.00,0.00,257.11
568,568,,593,,,Traslados al aeropuerto,462.94,12,5555.28,0.00,0.00,5555.28
569,569,,388,2,,Estacionamiento,844.39,8,6755.12,1013.27,0.00,5741.85
570,570,10,,,,Desayuno,428.70,7,3000.90,0.00,0.00,3000.90
571,571,,238,,,Check-in temprano,372.44,5,1862.20,0.00,0.00,1862.20
572,572,,186,,4,Lavandería,382.68,5,1913.40,0.00,382.68,2296.08
573,573,,593,,1,Alquiler de equipos,404.85,4,1619.40,0.00,323.88,1943.28
574,574,,443,,,Cargos de limpieza extra,856.31,10,8563.10,0.00,0.00,8563.10
575,575,,421,,2,Traslados al aeropuerto,10.21,9,91.89,0.00,18.38,110.27
576,576,,577,,,Cargos de limpieza extra,292.50,2,585.00,0.00,0.00,585.00
577,577,,578,,,Servicio Room Service,624.09,8,4992.72,0.00,0.00,4992.72
578,578,8,,,5,Restaurantes de especialidad,392.21,13,5098.73,0.00,1019.75,6118.48
579,579,9,,,,Check-out tardío,106.32,10,1063.20,0.00,0.00,1063.20
580,580,,973,,9,Estadía noche,148.83,9,1339.47,0.00,267.89,1607.36
581,581,,666,,,Uso de Spa,15.82,7,110.74,0.00,0.00,110.74
582,582,2,,,5,Alquiler de equipos,741.90,12,8902.80,0.00,1780.56,10683.36
583,583,,270,,,Cargos de limpieza extra,990.28,13,12873.64,0.00,0.00,12873.64
584,584,,156,,,Estacionamiento,648.16,10,6481.60,0.00,0.00,6481.60
585,585,5,,,9,Servicio Room Service,798.55,2,1597.10,0.00,319.42,1916.52
586,586,6,,,,Alquiler de equipos,753.82,1,753.82,0.00,0.00,753.82
587,587,7,,,,Check-out tardío,343.19,12,4118.28,0.00,0.00,4118.28
588,588,8,,,6,Uso de Spa,614.58,2,1229.16,0.00,245.83,1474.99
589,589,,170,,,Traslados al aeropuerto,295.29,12,3543.48,0.00,0.00,3543.48
590,590,10,,,,Sauna,625.58,6,3753.48,0.00,0.00,3753.48
591,591,,534,,7,Check-out tardío,888.27,2,1776.54,0.00,355.31,2131.85
592,592,,892,,1,Bar,518.70,7,3630.90,0.00,726.18,4357.08
593,593,3,,,6,"",951.25,4,3805.00,0.00,761.00,4566.00
594,594,4,,,9,Check-in temprano,239.79,1,239.79,0.00,47.96,287.75
595,595,5,,,2,Sauna,865.98,9,7793.82,0.00,1558.76,9352.58
596,596,,811,,,Alquiler de equipos,645.51,13,8391.63,0.00,0.00,8391.63
597,597,,162,,,Actividades y Tours,477.42,11,5251.62,0.00,0.00,5251.62
598,598,,263,,,Cargos de limpieza extra,322.98,14,4521.72,0.00,0.00,4521.72
599,599,9,,,2,Uso de gimnasio,48.16,7,337.12,0.00,67.42,404.54
600,600,10,,,,Restaurantes de especialidad,332.62,9,2993.58,0.00,0.00,2993.58
601,601,,656,9,4,Desayuno,737.90,8,5903.20,885.48,1180.64,6198.36
602,602,2,,,,Actividades y Tours,587.23,10,5872.30,0.00,0.00,5872.30
603,603,,285,9,,Sauna,234.45,9,2110.05,316.51,0.00,1793.54
604,604,,857,,1,Lavandería,543.94,12,6527.28,0.00,1305.46,7832.74
605,605,,585,6,8,Check-in temprano,235.10,12,2821.20,423.18,564.24,2962.26
606,606,6,,,,Alquiler de equipos,741.23,9,6671.07,0.00,0.00,6671.07
607,607,7,,,8,Servicio Room Service,491.89,11,5410.79,0.00,1082.16,6492.95
608,608,,440,,,Bar,97.64,15,1464.60,0.00,0.00,1464.60
609,609,,63,,8,Desayuno,921.03,14,12894.42,0.00,2578.88,15473.30
610,610,,483,,6,Alquiler de equipos,53.49,1,53.49,0.00,10.70,64.19
611,611,,476,,3,Uso de Spa,593.49,10,5934.90,0.00,1186.98,7121.88
612,612,,469,1,,Restaurantes de especialidad,823.14,10,8231.40,1234.71,0.00,6996.69
613,613,3,,,,Uso de Spa,516.69,6,3100.14,0.00,0.00,3100.14
614,614,4,,9,8,Lavandería,95.29,4,381.16,57.17,76.23,400.22
615,615,5,,,,Alquiler de equipos,842.16,7,5895.12,0.00,0.00,5895.12
616,616,6,,,,Uso de Spa,253.61,10,2536.10,0.00,0.00,2536.10
617,617,,352,,,Estadía noche,785.69,12,9428.28,0.00,0.00,9428.28
618,618,8,,,,Check-out tardío,884.54,7,6191.78,0.00,0.00,6191.78
619,619,,893,,,Uso de Spa,911.86,11,10030.46,0.00,0.00,10030.46
620,620,,647,,5,Sauna,504.95,15,7574.25,0.00,1514.85,9089.10
621,621,1,,,,Restaurantes de especialidad,174.17,6,1045.02,0.00,0.00,1045.02
622,622,,613,,,Alquiler de equipos,974.74,11,10722.14,0.00,0.00,10722.14
623,623,3,,,2,Check-out tardío,684.35,13,8896.55,0.00,1779.31,10675.86
624,624,4,,,,Lavandería,151.63,7,1061.41,0.00,0.00,1061.41
625,625,5,,,,Uso de Spa,205.31,1,205.31,0.00,0.00,205.31
626,626,6,,4,,Desayuno,180.99,10,1809.90,271.49,0.00,1538.42
627,627,,766,,,Sauna,150.07,8,1200.56,0.00,0.00,1200.56
628,628,8,,10,4,Uso de Spa,883.70,3,2651.10,397.67,530.22,2783.66
629,629,,333,,,Traslados al aeropuerto,231.12,13,3004.56,0.00,0.00,3004.56
630,630,10,,,,Estacionamiento,550.72,6,3304.32,0.00,0.00,3304.32
631,631,1,,,,Check-in temprano,23.30,3,69.90,0.00,0.00,69.90
632,632,2,,8,,Bar,491.16,11,5402.76,810.41,0.00,4592.35
633,633,3,,,6,Sauna,724.39,4,2897.56,0.00,579.51,3477.07
634,634,4,,,8,Alquiler de equipos,291.84,13,3793.92,0.00,758.78,4552.70
635,635,,323,,3,Traslados al aeropuerto,591.94,9,5327.46,0.00,1065.49,6392.95
636,636,6,,,8,Lavandería,948.14,12,11377.68,0.00,2275.54,13653.22
637,637,,463,,,Bar,41.63,4,166.52,0.00,0.00,166.52
638,638,8,,1,3,Traslados al aeropuerto,758.21,6,4549.26,682.39,909.85,4776.72
639,639,9,,,,Traslados al aeropuerto,12.83,3,38.49,0.00,0.00,38.49
640,640,,920,,,Estacionamiento,211.79,3,635.37,0.00,0.00,635.37
641,641,1,,,,Check-in temprano,965.35,7,6757.45,0.00,0.00,6757.45
642,642,2,,,,Actividades y Tours,388.12,3,1164.36,0.00,0.00,1164.36
643,643,3,,,,Cargos de limpieza extra,177.68,13,2309.84,0.00,0.00,2309.84
644,644,,976,,,Servicio Room Service,466.78,11,5134.58,0.00,0.00,5134.58
645,645,5,,,,Bar,204.17,13,2654.21,0.00,0.00,2654.21
646,646,,10,,,Uso de Spa,448.32,5,2241.60,0.00,0.00,2241.60
647,647,,379,,3,Actividades y Tours,440.30,2,880.60,0.00,176.12,1056.72
648,648,8,,,,Restaurantes de especialidad,917.20,7,6420.40,0.00,0.00,6420.40
649,649,,950,,10,Cargos de limpieza extra,641.40,5,3207.00,0.00,641.40,3848.40
650,650,,657,,,Cargos de limpieza extra,474.37,3,1423.11,0.00,0.00,1423.11
651,651,1,,,,Lavandería,132.75,8,1062.00,0.00,0.00,1062.00
652,652,2,,,3,"",334.99,10,3349.90,0.00,669.98,4019.88
653,653,3,,,5,Cargos de limpieza extra,390.45,6,2342.70,0.00,468.54,2811.24
654,654,,895,,,Traslados al aeropuerto,332.35,4,1329.40,0.00,0.00,1329.40
655,655,,704,,10,Traslados al aeropuerto,339.26,11,3731.86,0.00,746.37,4478.23
656,656,,205,,10,Cargos de limpieza extra,333.15,3,999.45,0.00,199.89,1199.34
657,657,7,,,,Actividades y Tours,184.01,5,920.05,0.00,0.00,920.05
658,658,,601,,,Cargos de limpieza extra,979.11,2,1958.22,0.00,0.00,1958.22
659,659,,529,,,"",803.07,2,1606.14,0.00,0.00,1606.14
660,660,,976,,,Estacionamiento,183.69,10,1836.90,0.00,0.00,1836.90
661,661,1,,,8,Lavandería,955.85,1,955.85,0.00,191.17,1147.02
662,662,,532,,,Sauna,744.48,5,3722.40,0.00,0.00,3722.40
663,663,3,,,4,Actividades y Tours,627.38,9,5646.42,0.00,1129.28,6775.70
664,664,4,,,,Desayuno,860.33,10,8603.30,0.00,0.00,8603.30
665,665,5,,,,Actividades y Tours,598.28,4,2393.12,0.00,0.00,2393.12
666,666,6,,,,Estadía noche,22.19,5,110.95,0.00,0.00,110.95
667,667,,145,,,Actividades y Tours,811.34,10,8113.40,0.00,0.00,8113.40
668,668,,491,,,Check-in temprano,822.82,3,2468.46,0.00,0.00,2468.46
669,669,,549,5,5,Uso de Spa,666.96,15,10004.40,1500.66,2000.88,10504.62
670,670,,450,,,Check-in temprano,954.58,11,10500.38,0.00,0.00,10500.38
671,671,,569,,,Cargos de limpieza extra,234.07,14,3276.98,0.00,0.00,3276.98
672,672,,137,,,Bar,457.55,2,915.10,0.00,0.00,915.10
673,673,,474,,,Lavandería,915.50,4,3662.00,0.00,0.00,3662.00
674,674,,97,,9,Desayuno,685.74,7,4800.18,0.00,960.04,5760.22
675,675,,736,,,Actividades y Tours,526.72,14,7374.08,0.00,0.00,7374.08
676,676,,944,,,"",705.41,7,4937.87,0.00,0.00,4937.87
677,677,,873,,5,Bar,965.56,6,5793.36,0.00,1158.67,6952.03
678,678,,563,,,Traslados al aeropuerto,884.91,7,6194.37,0.00,0.00,6194.37
679,679,,699,1,3,Uso de Spa,333.21,12,3998.52,599.78,799.70,4198.45
680,680,10,,,10,Uso de gimnasio,513.47,10,5134.70,0.00,1026.94,6161.64
681,681,,915,7,,Check-out tardío,53.04,7,371.28,55.69,0.00,315.59
682,682,,531,,3,Desayuno,413.55,2,827.10,0.00,165.42,992.52
683,683,3,,,,Sauna,5.79,10,57.90,0.00,0.00,57.90
684,684,4,,,,Check-in temprano,148.25,2,296.50,0.00,0.00,296.50
685,685,,34,,,Actividades y Tours,802.88,10,8028.80,0.00,0.00,8028.80
686,686,,760,,,Servicio Room Service,631.35,12,7576.20,0.00,0.00,7576.20
687,687,7,,3,9,Lavandería,372.36,1,372.36,55.85,74.47,390.98
688,688,,797,,,"",956.71,7,6696.97,0.00,0.00,6696.97
689,689,,359,,,Sauna,574.99,8,4599.92,0.00,0.00,4599.92
690,690,10,,,8,"",352.84,1,352.84,0.00,70.57,423.41
691,691,1,,,,Uso de gimnasio,878.81,15,13182.15,0.00,0.00,13182.15
692,692,2,,,,Servicio Room Service,117.07,4,468.28,0.00,0.00,468.28
693,693,3,,,7,Servicio Room Service,415.13,14,5811.82,0.00,1162.36,6974.18
694,694,,85,,,Desayuno,839.04,14,11746.56,0.00,0.00,11746.56
695,695,,882,,,Estadía noche,885.18,9,7966.62,0.00,0.00,7966.62
696,696,6,,,3,Estadía noche,750.94,6,4505.64,0.00,901.13,5406.77
697,697,,931,,4,Restaurantes de especialidad,542.85,6,3257.10,0.00,651.42,3908.52
698,698,,747,,4,Restaurantes de especialidad,556.65,10,5566.50,0.00,1113.30,6679.80
699,699,,625,,2,Uso de Spa,664.89,10,6648.90,0.00,1329.78,7978.68
700,700,,845,,,Check-out tardío,930.27,12,11163.24,0.00,0.00,11163.24
701,701,,46,2,,Uso de Spa,46.18,9,415.62,62.34,0.00,353.28
702,702,2,,,,Actividades y Tours,46.67,14,653.38,0.00,0.00,653.38
703,703,3,,,,Estadía noche,360.43,11,3964.73,0.00,0.00,3964.73
704,704,4,,,,Actividades y Tours,245.10,3,735.30,0.00,0.00,735.30
705,705,,925,,,Uso de Spa,438.64,6,2631.84,0.00,0.00,2631.84
706,706,6,,,10,Estadía noche,311.00,15,4665.00,0.00,933.00,5598.00
707,707,,347,,,Servicio Room Service,866.48,7,6065.36,0.00,0.00,6065.36
708,708,8,,,,Servicio Room Service,751.22,2,1502.44,0.00,0.00,1502.44
709,709,9,,,6,Uso de gimnasio,495.84,7,3470.88,0.00,694.18,4165.06
710,710,,640,,,Estadía noche,195.94,13,2547.22,0.00,0.00,2547.22
711,711,,303,,,Check-out tardío,939.25,12,11271.00,0.00,0.00,11271.00
712,712,2,,5,3,Restaurantes de especialidad,59.70,7,417.90,62.69,83.58,438.80
713,713,3,,,,Estadía noche,209.18,12,2510.16,0.00,0.00,2510.16
714,714,4,,,,Actividades y Tours,362.10,3,1086.30,0.00,0.00,1086.30
715,715,,197,,4,Lavandería,727.17,4,2908.68,0.00,581.74,3490.42
716,716,6,,,2,Servicio Room Service,46.92,8,375.36,0.00,75.07,450.43
717,717,,87,,,Servicio Room Service,78.33,1,78.33,0.00,0.00,78.33
718,718,8,,,3,Sauna,224.23,11,2466.53,0.00,493.31,2959.84
719,719,,39,,,Servicio Room Service,563.29,9,5069.61,0.00,0.00,5069.61
720,720,10,,,6,Estacionamiento,533.83,6,3202.98,0.00,640.60,3843.58
721,721,1,,,,Traslados al aeropuerto,187.41,1,187.41,0.00,0.00,187.41
722,722,,7,,2,Check-in temprano,372.98,6,2237.88,0.00,447.58,2685.46
723,723,3,,5,,Traslados al aeropuerto,111.01,4,444.04,66.61,0.00,377.43
724,724,4,,,,Traslados al aeropuerto,793.01,5,3965.05,0.00,0.00,3965.05
725,725,,342,,,Check-out tardío,651.73,14,9124.22,0.00,0.00,9124.22
726,726,,747,,8,Bar,505.48,1,505.48,0.00,101.10,606.58
727,727,,231,,8,"",73.51,1,73.51,0.00,14.70,88.21
728,728,,692,,4,Actividades y Tours,792.91,13,10307.83,0.00,2061.57,12369.40
729,729,9,,2,6,Check-in temprano,253.67,4,1014.68,152.20,202.94,1065.41
730,730,,717,8,,Uso de gimnasio,544.47,12,6533.64,980.05,0.00,5553.59
731,731,1,,,,Check-out tardío,817.60,2,1635.20,0.00,0.00,1635.20
732,732,2,,,,Uso de Spa,464.93,15,6973.95,0.00,0.00,6973.95
733,733,3,,4,,Bar,882.40,4,3529.60,529.44,0.00,3000.16
734,734,,649,,,Servicio Room Service,611.54,2,1223.08,0.00,0.00,1223.08
735,735,,483,,,Alquiler de equipos,118.87,9,1069.83,0.00,0.00,1069.83
736,736,6,,,7,Uso de Spa,129.42,9,1164.78,0.00,232.96,1397.74
737,737,7,,,,Desayuno,978.77,3,2936.31,0.00,0.00,2936.31
738,738,,588,,,"",866.54,14,12131.56,0.00,0.00,12131.56
739,739,,42,,,Bar,563.49,10,5634.90,0.00,0.00,5634.90
740,740,10,,7,1,Desayuno,980.47,10,9804.70,1470.71,1960.94,10294.94
741,741,1,,,,Cargos de limpieza extra,31.83,9,286.47,0.00,0.00,286.47
742,742,,779,,,Estadía noche,911.25,12,10935.00,0.00,0.00,10935.00
743,743,,502,10,,Actividades y Tours,308.97,6,1853.82,278.07,0.00,1575.75
744,744,,131,6,,Alquiler de equipos,942.62,9,8483.58,1272.54,0.00,7211.04
745,745,,194,,,Actividades y Tours,845.09,6,5070.54,0.00,0.00,5070.54
746,746,6,,,,Alquiler de equipos,778.70,15,11680.50,0.00,0.00,11680.50
747,747,,644,,,Alquiler de equipos,568.02,6,3408.12,0.00,0.00,3408.12
748,748,8,,,9,Uso de gimnasio,594.81,11,6542.91,0.00,1308.58,7851.49
749,749,9,,8,5,Uso de Spa,708.86,15,10632.90,1594.94,2126.58,11164.55
750,750,10,,4,,Bar,359.48,10,3594.80,539.22,0.00,3055.58
751,751,1,,,,Servicio Room Service,860.39,8,6883.12,0.00,0.00,6883.12
752,752,,263,,,Desayuno,689.75,8,5518.00,0.00,0.00,5518.00
753,753,,577,,,Uso de gimnasio,718.19,8,5745.52,0.00,0.00,5745.52
754,754,4,,,8,Check-in temprano,127.13,7,889.91,0.00,177.98,1067.89
755,755,,591,,,Uso de Spa,717.23,2,1434.46,0.00,0.00,1434.46
756,756,,643,,,Traslados al aeropuerto,370.13,13,4811.69,0.00,0.00,4811.69
757,757,7,,,,Servicio Room Service,123.87,1,123.87,0.00,0.00,123.87
758,758,8,,,4,Cargos de limpieza extra,771.38,11,8485.18,0.00,1697.04,10182.22
759,759,9,,,,Desayuno,547.84,11,6026.24,0.00,0.00,6026.24
760,760,10,,,,Desayuno,743.12,1,743.12,0.00,0.00,743.12
761,761,,777,1,5,Desayuno,712.07,4,2848.28,427.24,569.66,2990.69
762,762,2,,,,Traslados al aeropuerto,676.11,4,2704.44,0.00,0.00,2704.44
763,763,,814,,1,Servicio Room Service,371.97,3,1115.91,0.00,223.18,1339.09
764,764,4,,,,Bar,283.74,9,2553.66,0.00,0.00,2553.66
765,765,5,,,3,Uso de gimnasio,912.57,1,912.57,0.00,182.51,1095.08
766,766,,452,,,Desayuno,535.70,3,1607.10,0.00,0.00,1607.10
767,767,7,,,9,Check-out tardío,223.37,3,670.11,0.00,134.02,804.13
768,768,8,,,,Lavandería,866.34,15,12995.10,0.00,0.00,12995.10
769,769,9,,,5,Desayuno,451.14,7,3157.98,0.00,631.60,3789.58
770,770,10,,,6,Bar,956.21,13,12430.73,0.00,2486.15,14916.88
771,771,,274,,,Estacionamiento,372.99,8,2983.92,0.00,0.00,2983.92
772,772,,259,,4,Estacionamiento,457.61,15,6864.15,0.00,1372.83,8236.98
773,773,3,,5,6,Alquiler de equipos,869.33,11,9562.63,1434.39,1912.53,10040.76
774,774,4,,,,Actividades y Tours,745.09,3,2235.27,0.00,0.00,2235.27
775,775,5,,,2,Estadía noche,186.50,14,2611.00,0.00,522.20,3133.20
776,776,6,,,,Check-in temprano,137.57,12,1650.84,0.00,0.00,1650.84
777,777,7,,,,Desayuno,365.39,7,2557.73,0.00,0.00,2557.73
778,778,8,,,6,"",409.36,7,2865.52,0.00,573.10,3438.62
779,779,9,,,1,Restaurantes de especialidad,187.89,4,751.56,0.00,150.31,901.87
780,780,10,,,10,Lavandería,738.46,2,1476.92,0.00,295.38,1772.30
781,781,,496,,,Actividades y Tours,306.42,1,306.42,0.00,0.00,306.42
782,782,,739,,,"",491.28,6,2947.68,0.00,0.00,2947.68
783,783,3,,,,Servicio Room Service,342.06,6,2052.36,0.00,0.00,2052.36
784,784,,724,,10,Uso de Spa,643.59,10,6435.90,0.00,1287.18,7723.08
785,785,5,,,,Check-out tardío,630.46,6,3782.76,0.00,0.00,3782.76
786,786,6,,4,,Bar,460.74,7,3225.18,483.78,0.00,2741.40
787,787,7,,,2,Estacionamiento,124.89,13,1623.57,0.00,324.71,1948.28
788,788,,91,,6,Sauna,899.34,11,9892.74,0.00,1978.55,11871.29
789,789,,765,,4,"",774.30,2,1548.60,0.00,309.72,1858.32
790,790,10,,,,Estacionamiento,437.40,11,4811.40,0.00,0.00,4811.40
791,791,,899,8,6,Sauna,631.31,9,5681.79,852.27,1136.36,5965.88
792,792,,970,,7,Bar,591.25,12,7095.00,0.00,1419.00,8514.00
793,793,,876,,2,Sauna,12.95,5,64.75,0.00,12.95,77.70
794,794,4,,,,Alquiler de equipos,107.61,9,968.49,0.00,0.00,968.49
795,795,,763,,,Check-out tardío,7.62,15,114.30,0.00,0.00,114.30
796,796,6,,,6,Estadía noche,169.02,7,1183.14,0.00,236.63,1419.77
797,797,,577,,,Bar,430.92,13,5601.96,0.00,0.00,5601.96
798,798,,913,,,Estacionamiento,974.60,15,14619.00,0.00,0.00,14619.00
799,799,,635,,,Actividades y Tours,213.82,5,1069.10,0.00,0.00,1069.10
800,800,10,,,5,Alquiler de equipos,996.59,3,2989.77,0.00,597.95,3587.72
801,801,,495,,,Uso de gimnasio,701.30,11,7714.30,0.00,0.00,7714.30
802,802,2,,,10,Uso de gimnasio,148.54,11,1633.94,0.00,326.79,1960.73
803,803,,270,,,Actividades y Tours,357.70,15,5365.50,0.00,0.00,5365.50
804,804,,112,,10,Actividades y Tours,130.69,5,653.45,0.00,130.69,784.14
805,805,5,,9,4,Estacionamiento,528.13,11,5809.43,871.41,1161.89,6099.90
806,806,,105,,,Uso de Spa,500.97,12,6011.64,0.00,0.00,6011.64
807,807,,47,,,Check-in temprano,678.72,3,2036.16,0.00,0.00,2036.16
808,808,8,,,,Servicio Room Service,850.24,13,11053.12,0.00,0.00,11053.12
809,809,,906,,5,Actividades y Tours,350.91,8,2807.28,0.00,561.46,3368.74
810,810,10,,,,Traslados al aeropuerto,787.21,1,787.21,0.00,0.00,787.21
811,811,1,,,,Desayuno,457.11,10,4571.10,0.00,0.00,4571.10
812,812,,260,,,Lavandería,372.90,2,745.80,0.00,0.00,745.80
813,813,,338,,1,Check-out tardío,81.12,12,973.44,0.00,194.69,1168.13
814,814,4,,,,Actividades y Tours,430.52,8,3444.16,0.00,0.00,3444.16
815,815,5,,,,Estadía noche,820.17,7,5741.19,0.00,0.00,5741.19
816,816,,67,,,Uso de Spa,48.31,7,338.17,0.00,0.00,338.17
817,817,7,,2,,Estacionamiento,324.04,8,2592.32,388.85,0.00,2203.47
818,818,,65,,4,Cargos de limpieza extra,228.04,11,2508.44,0.00,501.69,3010.13
819,819,,849,1,4,Check-out tardío,833.02,11,9163.22,1374.48,1832.64,9621.38
820,820,,317,,,Uso de Spa,22.86,11,251.46,0.00,0.00,251.46
821,821,1,,,1,Lavandería,340.79,11,3748.69,0.00,749.74,4498.43
822,822,,165,,,Uso de gimnasio,992.83,5,4964.15,0.00,0.00,4964.15
823,823,3,,,6,"",664.48,2,1328.96,0.00,265.79,1594.75
824,824,4,,,7,Traslados al aeropuerto,851.21,12,10214.52,0.00,2042.90,12257.42
825,825,,122,,7,Cargos de limpieza extra,949.77,1,949.77,0.00,189.95,1139.72
826,826,,819,,,Uso de Spa,329.01,4,1316.04,0.00,0.00,1316.04
827,827,7,,,,Servicio Room Service,130.31,13,1694.03,0.00,0.00,1694.03
828,828,8,,,,Desayuno,966.41,7,6764.87,0.00,0.00,6764.87
829,829,,312,,,Check-in temprano,811.05,1,811.05,0.00,0.00,811.05
830,830,,123,,,Uso de Spa,389.52,14,5453.28,0.00,0.00,5453.28
831,831,1,,,6,Sauna,470.53,1,470.53,0.00,94.11,564.64
832,832,,731,,10,Traslados al aeropuerto,149.34,10,1493.40,0.00,298.68,1792.08
833,833,3,,,,Restaurantes de especialidad,466.55,2,933.10,0.00,0.00,933.10
834,834,4,,4,3,Uso de gimnasio,314.24,11,3456.64,518.50,691.33,3629.47
835,835,5,,,,Servicio Room Service,224.78,12,2697.36,0.00,0.00,2697.36
836,836,,652,,,Servicio Room Service,606.45,1,606.45,0.00,0.00,606.45
837,837,,476,,,Traslados al aeropuerto,312.29,12,3747.48,0.00,0.00,3747.48
838,838,,269,,,Traslados al aeropuerto,897.78,13,11671.14,0.00,0.00,11671.14
839,839,9,,1,7,Cargos de limpieza extra,891.52,2,1783.04,267.46,356.61,1872.19
840,840,10,,,,Actividades y Tours,794.51,15,11917.65,0.00,0.00,11917.65
841,841,,790,,,Sauna,839.67,15,12595.05,0.00,0.00,12595.05
842,842,,561,,1,Desayuno,335.88,1,335.88,0.00,67.18,403.06
843,843,,464,,,Desayuno,947.54,4,3790.16,0.00,0.00,3790.16
844,844,4,,8,,Restaurantes de especialidad,370.29,15,5554.35,833.15,0.00,4721.20
845,845,,851,,,Estadía noche,541.39,13,7038.07,0.00,0.00,7038.07
846,846,6,,,4,Bar,757.27,1,757.27,0.00,151.45,908.72
847,847,,863,,7,Uso de Spa,626.44,15,9396.60,0.00,1879.32,11275.92
848,848,8,,,,Estacionamiento,868.31,1,868.31,0.00,0.00,868.31
849,849,,580,,1,Estacionamiento,950.25,15,14253.75,0.00,2850.75,17104.50
850,850,,919,,,Servicio Room Service,320.75,14,4490.50,0.00,0.00,4490.50
851,851,,237,,,Actividades y Tours,579.96,4,2319.84,0.00,0.00,2319.84
852,852,2,,,7,"",746.83,5,3734.15,0.00,746.83,4480.98
853,853,,62,,,Check-in temprano,610.22,5,3051.10,0.00,0.00,3051.10
854,854,,27,,,Lavandería,473.62,1,473.62,0.00,0.00,473.62
855,855,,908,,6,Estadía noche,734.32,6,4405.92,0.00,881.18,5287.10
856,856,,436,,,Check-in temprano,953.67,7,6675.69,0.00,0.00,6675.69
857,857,,733,,,Desayuno,835.47,13,10861.11,0.00,0.00,10861.11
858,858,,839,,5,Uso de Spa,363.07,14,5082.98,0.00,1016.60,6099.58
859,859,9,,,,Sauna,948.76,6,5692.56,0.00,0.00,5692.56
860,860,10,,3,4,Desayuno,627.37,14,8783.18,1317.48,1756.64,9222.34
861,861,,806,,,Alquiler de equipos,90.36,6,542.16,0.00,0.00,542.16
862,862,,71,,2,Alquiler de equipos,869.17,5,4345.85,0.00,869.17,5215.02
863,863,,386,,,Lavandería,357.30,2,714.60,0.00,0.00,714.60
864,864,,799,2,8,Uso de gimnasio,52.03,8,416.24,62.44,83.25,437.05
865,865,5,,,9,"",14.92,4,59.68,0.00,11.94,71.62
866,866,,880,,8,Bar,30.57,12,366.84,0.00,73.37,440.21
867,867,7,,,9,Estadía noche,170.76,6,1024.56,0.00,204.91,1229.47
868,868,,173,,,"",47.86,3,143.58,0.00,0.00,143.58
869,869,,155,,,Cargos de limpieza extra,386.77,12,4641.24,0.00,0.00,4641.24
870,870,,662,,,Alquiler de equipos,153.86,5,769.30,0.00,0.00,769.30
871,871,,389,,,Cargos de limpieza extra,851.28,5,4256.40,0.00,0.00,4256.40
872,872,,390,,1,Check-out tardío,791.08,1,791.08,0.00,158.22,949.30
873,873,3,,,,Sauna,386.07,8,3088.56,0.00,0.00,3088.56
874,874,,748,,,Servicio Room Service,427.24,10,4272.40,0.00,0.00,4272.40
875,875,,904,,,Cargos de limpieza extra,766.78,6,4600.68,0.00,0.00,4600.68
876,876,,456,,,Alquiler de equipos,161.73,7,1132.11,0.00,0.00,1132.11
877,877,,700,,,Lavandería,830.29,2,1660.58,0.00,0.00,1660.58
878,878,8,,,,Restaurantes de especialidad,931.33,15,13969.95,0.00,0.00,13969.95
879,879,,37,,,Uso de Spa,112.89,4,451.56,0.00,0.00,451.56
880,880,10,,,,Uso de Spa,490.19,6,2941.14,0.00,0.00,2941.14
881,881,1,,,,Estadía noche,716.72,7,5017.04,0.00,0.00,5017.04
882,882,2,,,9,Uso de gimnasio,409.20,3,1227.60,0.00,245.52,1473.12
883,883,,156,,7,Sauna,6.16,15,92.40,0.00,18.48,110.88
884,884,4,,,6,Actividades y Tours,532.35,11,5855.85,0.00,1171.17,7027.02
885,885,,31,,,"",819.94,9,7379.46,0.00,0.00,7379.46
886,886,6,,,,Cargos de limpieza extra,378.15,3,1134.45,0.00,0.00,1134.45
887,887,,395,,5,Sauna,276.25,14,3867.50,0.00,773.50,4641.00
888,888,,641,,,Cargos de limpieza extra,611.23,1,611.23,0.00,0.00,611.23
889,889,9,,,,Servicio Room Service,429.64,6,2577.84,0.00,0.00,2577.84
890,890,10,,,8,Traslados al aeropuerto,97.24,8,777.92,0.00,155.58,933.50
891,891,,684,,,Traslados al aeropuerto,21.96,1,21.96,0.00,0.00,21.96
892,892,2,,,,Lavandería,935.72,7,6550.04,0.00,0.00,6550.04
893,893,,304,,,"",17.02,8,136.16,0.00,0.00,136.16
894,894,4,,,,Estadía noche,579.58,12,6954.96,0.00,0.00,6954.96
895,895,,46,,3,Alquiler de equipos,401.47,2,802.94,0.00,160.59,963.53
896,896,6,,,2,Uso de Spa,161.40,12,1936.80,0.00,387.36,2324.16
897,897,,810,,,Uso de gimnasio,746.56,7,5225.92,0.00,0.00,5225.92
898,898,8,,,,Sauna,446.68,1,446.68,0.00,0.00,446.68
899,899,,560,,5,Restaurantes de especialidad,109.52,7,766.64,0.00,153.33,919.97
900,900,10,,,,Check-in temprano,41.22,4,164.88,0.00,0.00,164.88
901,901,1,,,2,Check-in temprano,821.92,6,4931.52,0.00,986.30,5917.82
902,902,,875,,,Actividades y Tours,381.28,9,3431.52,0.00,0.00,3431.52
903,903,3,,,2,Check-in temprano,197.60,3,592.80,0.00,118.56,711.36
904,904,4,,,,Bar,146.99,12,1763.88,0.00,0.00,1763.88
905,905,5,,7,,Check-out tardío,826.97,4,3307.88,496.18,0.00,2811.70
906,906,,133,1,,Estadía noche,463.53,9,4171.77,625.77,0.00,3546.00
907,907,,251,8,,Desayuno,33.58,2,67.16,10.07,0.00,57.09
908,908,,853,,,"",495.46,1,495.46,0.00,0.00,495.46
909,909,9,,9,7,Traslados al aeropuerto,327.50,9,2947.50,442.13,589.50,3094.88
910,910,,185,,7,Actividades y Tours,114.04,8,912.32,0.00,182.46,1094.78
912,912,2,,,,Desayuno,560.00,14,7840.00,0.00,0.00,7840.00
913,913,3,,,,Uso de gimnasio,870.16,3,2610.48,0.00,0.00,2610.48
914,914,4,,4,,Desayuno,937.34,9,8436.06,1265.41,0.00,7170.65
915,915,,923,,,Traslados al aeropuerto,280.26,5,1401.30,0.00,0.00,1401.30
916,916,6,,,9,Restaurantes de especialidad,381.20,7,2668.40,0.00,533.68,3202.08
917,917,7,,,1,Traslados al aeropuerto,363.22,12,4358.64,0.00,871.73,5230.37
918,918,,351,,,Traslados al aeropuerto,983.98,9,8855.82,0.00,0.00,8855.82
919,919,9,,,,Traslados al aeropuerto,739.89,5,3699.45,0.00,0.00,3699.45
920,920,,485,,1,Estacionamiento,359.67,6,2158.02,0.00,431.60,2589.62
921,921,,95,,,Restaurantes de especialidad,152.23,8,1217.84,0.00,0.00,1217.84
922,922,,898,8,10,Servicio Room Service,317.79,11,3495.69,524.35,699.14,3670.47
923,923,,446,,,Check-in temprano,813.55,6,4881.30,0.00,0.00,4881.30
924,924,4,,,8,Estacionamiento,544.49,12,6533.88,0.00,1306.78,7840.66
925,925,,854,,,Bar,781.87,15,11728.05,0.00,0.00,11728.05
926,926,,730,3,2,Estacionamiento,463.03,10,4630.30,694.55,926.06,4861.82
927,927,7,,,,Uso de gimnasio,533.26,4,2133.04,0.00,0.00,2133.04
928,928,,366,,10,Bar,775.20,15,11628.00,0.00,2325.60,13953.60
929,929,9,,10,,"",103.88,9,934.92,140.24,0.00,794.68
930,930,,904,,3,Bar,527.38,10,5273.80,0.00,1054.76,6328.56
931,931,,468,9,,Uso de Spa,969.46,3,2908.38,436.26,0.00,2472.12
932,932,2,,,1,Lavandería,688.33,4,2753.32,0.00,550.66,3303.98
933,933,,139,,,Servicio Room Service,524.82,11,5773.02,0.00,0.00,5773.02
934,934,,437,,9,Desayuno,336.55,5,1682.75,0.00,336.55,2019.30
935,935,5,,8,10,Uso de gimnasio,582.17,9,5239.53,785.93,1047.91,5501.51
936,936,6,,,,Alquiler de equipos,578.66,10,5786.60,0.00,0.00,5786.60
937,937,,626,,,Check-out tardío,567.76,10,5677.60,0.00,0.00,5677.60
938,938,8,,6,,Traslados al aeropuerto,114.33,6,685.98,102.90,0.00,583.08
939,939,,422,,10,Desayuno,831.43,1,831.43,0.00,166.29,997.72
940,940,,469,,,Bar,254.34,15,3815.10,0.00,0.00,3815.10
941,941,,734,,,Cargos de limpieza extra,550.52,11,6055.72,0.00,0.00,6055.72
942,942,2,,,6,"",63.44,7,444.08,0.00,88.82,532.90
943,943,,865,,,Restaurantes de especialidad,939.73,12,11276.76,0.00,0.00,11276.76
944,944,4,,,,Estacionamiento,734.36,5,3671.80,0.00,0.00,3671.80
945,945,,498,,7,Uso de gimnasio,461.25,7,3228.75,0.00,645.75,3874.50
946,946,6,,,4,Bar,963.05,9,8667.45,0.00,1733.49,10400.94
947,947,7,,,,Actividades y Tours,932.51,12,11190.12,0.00,0.00,11190.12
948,948,8,,2,,Traslados al aeropuerto,120.69,7,844.83,126.72,0.00,718.11
949,949,,157,,,Check-in temprano,325.18,8,2601.44,0.00,0.00,2601.44
950,950,,534,,,Sauna,830.65,3,2491.95,0.00,0.00,2491.95
951,951,,857,,5,Desayuno,828.66,12,9943.92,0.00,1988.78,11932.70
952,952,,452,,4,Estadía noche,893.05,8,7144.40,0.00,1428.88,8573.28
953,953,3,,,2,Estadía noche,136.30,11,1499.30,0.00,299.86,1799.16
954,954,4,,,10,Bar,42.44,15,636.60,0.00,127.32,763.92
955,955,,185,,,Lavandería,252.69,6,1516.14,0.00,0.00,1516.14
956,956,,219,2,,Bar,155.72,7,1090.04,163.51,0.00,926.53
957,957,7,,7,,Uso de Spa,95.39,6,572.34,85.85,0.00,486.49
958,958,8,,9,,Alquiler de equipos,964.30,7,6750.10,1012.52,0.00,5737.59
959,959,9,,,6,Lavandería,968.42,13,12589.46,0.00,2517.89,15107.35
960,960,10,,,3,Uso de gimnasio,648.73,9,5838.57,0.00,1167.71,7006.28
961,961,,591,2,,Servicio Room Service,635.96,8,5087.68,763.15,0.00,4324.53
962,962,,565,,3,Restaurantes de especialidad,399.91,5,1999.55,0.00,399.91,2399.46
963,963,3,,,,Uso de gimnasio,874.49,9,7870.41,0.00,0.00,7870.41
964,964,,22,,7,Restaurantes de especialidad,739.99,13,9619.87,0.00,1923.97,11543.84
965,965,,805,,,Lavandería,233.62,5,1168.10,0.00,0.00,1168.10
966,966,6,,,5,Desayuno,187.50,5,937.50,0.00,187.50,1125.00
967,967,7,,7,,Alquiler de equipos,807.68,9,7269.12,1090.37,0.00,6178.75
968,968,8,,,5,Cargos de limpieza extra,214.35,12,2572.20,0.00,514.44,3086.64
969,969,9,,,,Traslados al aeropuerto,529.60,5,2648.00,0.00,0.00,2648.00
970,970,10,,5,2,Restaurantes de especialidad,719.18,9,6472.62,970.89,1294.52,6796.25
971,971,1,,,,Sauna,894.81,7,6263.67,0.00,0.00,6263.67
972,972,2,,,,Sauna,106.18,9,955.62,0.00,0.00,955.62
973,973,3,,,,"",580.47,12,6965.64,0.00,0.00,6965.64
974,974,,557,,,Check-in temprano,52.95,10,529.50,0.00,0.00,529.50
975,975,5,,,,Estadía noche,493.91,4,1975.64,0.00,0.00,1975.64
976,976,,502,,,Check-out tardío,663.18,7,4642.26,0.00,0.00,4642.26
977,977,,280,3,2,Uso de Spa,243.80,10,2438.00,365.70,487.60,2559.90
978,978,,630,,,Bar,238.58,8,1908.64,0.00,0.00,1908.64
979,979,9,,,,Check-out tardío,116.47,8,931.76,0.00,0.00,931.76
980,980,,408,,,Bar,15.10,5,75.50,0.00,0.00,75.50
981,981,1,,,3,Estadía noche,839.94,11,9239.34,0.00,1847.87,11087.21
982,982,,657,,,Alquiler de equipos,676.25,12,8115.00,0.00,0.00,8115.00
983,983,3,,,,Servicio Room Service,620.30,6,3721.80,0.00,0.00,3721.80
984,984,4,,,2,Desayuno,636.49,14,8910.86,0.00,1782.17,10693.03
985,985,,204,,,Lavandería,847.63,2,1695.26,0.00,0.00,1695.26
986,986,,780,,,Cargos de limpieza extra,420.38,4,1681.52,0.00,0.00,1681.52
987,987,,894,,1,Check-in temprano,795.26,9,7157.34,0.00,1431.47,8588.81
988,988,,13,,,Estadía noche,513.92,8,4111.36,0.00,0.00,4111.36
989,989,9,,8,2,Lavandería,313.27,11,3445.97,516.90,689.19,3618.27
990,990,,580,1,3,Uso de gimnasio,617.01,12,7404.12,1110.62,1480.82,7774.33
991,991,,254,,,Actividades y Tours,594.39,6,3566.34,0.00,0.00,3566.34
992,992,2,,,9,Uso de Spa,607.80,2,1215.60,0.00,243.12,1458.72
993,993,,198,,9,Sauna,86.66,2,173.32,0.00,34.66,207.98
994,994,4,,,,Lavandería,928.07,12,11136.84,0.00,0.00,11136.84
995,995,,166,,,Bar,248.87,7,1742.09,0.00,0.00,1742.09
996,996,6,,,10,Check-in temprano,183.96,1,183.96,0.00,36.79,220.75
997,997,7,,,9,Uso de Spa,19.39,12,232.68,0.00,46.54,279.22
998,998,8,,,9,Estadía noche,301.83,14,4225.62,0.00,845.12,5070.74
999,999,,191,,7,Uso de Spa,691.48,6,4148.88,0.00,829.78,4978.66
1000,1000,,524,,,Estadía noche,415.83,6,2494.98,0.00,0.00,2494.98
