"id_estadia","id_reservacion","checkin","checkout"
1,1,2026-11-25 00:57:17.000,2026-12-05 00:57:17.000
2,2,2025-04-22 06:39:15.000,2025-04-28 06:39:15.000
3,3,2026-09-02 13:15:34.000,2026-09-07 13:15:34.000
4,4,2025-03-12 05:12:41.000,2025-03-13 05:12:41.000
5,5,2026-09-13 17:29:04.000,2026-09-28 17:29:04.000
6,6,2026-07-13 23:45:32.000,2026-07-22 23:45:32.000
7,7,2025-07-05 09:29:31.000,2025-07-20 09:29:31.000
8,8,2025-10-13 05:07:31.000,2025-10-14 05:07:31.000
9,9,2026-05-13 07:17:08.000,2026-05-14 07:17:08.000
10,10,2026-10-28 22:31:44.000,2026-11-01 22:31:44.000
11,11,2026-03-23 22:26:25.000,2026-03-26 22:26:25.000
12,12,2026-05-19 18:52:21.000,2026-05-26 18:52:21.000
13,13,2026-03-01 06:23:23.000,2026-03-10 06:23:23.000
14,14,2026-01-23 11:50:50.000,2026-02-01 11:50:50.000
15,15,2026-11-26 20:03:31.000,2026-12-07 20:03:31.000
16,16,2026-04-25 23:21:13.000,2026-05-10 23:21:13.000
17,17,2025-05-20 11:16:04.000,2025-05-30 11:16:04.000
18,18,2026-08-01 21:28:39.000,2026-08-16 21:28:39.000
19,19,2025-10-10 09:39:15.000,2025-10-16 09:39:15.000
20,20,2025-04-22 11:52:32.000,2025-04-23 11:52:32.000
21,21,2026-06-07 02:28:26.000,2026-06-19 02:28:26.000
22,22,2025-12-23 05:53:08.000,2026-01-06 05:53:08.000
23,23,2026-07-04 11:50:23.000,2026-07-05 11:50:23.000
24,24,2025-02-18 07:18:53.000,2025-02-22 07:18:53.000
25,25,2026-01-19 04:51:23.000,2026-01-22 04:51:23.000
26,26,2025-03-14 16:55:11.000,2025-03-15 16:55:11.000
27,27,2026-03-14 11:00:29.000,2026-03-25 11:00:29.000
28,28,2026-12-21 17:06:25.000,2026-12-31 17:06:25.000
29,29,2025-07-30 07:19:00.000,2025-08-01 07:19:00.000
30,30,2025-02-09 13:43:47.000,2025-02-12 13:43:47.000
31,31,2025-12-29 20:22:14.000,2026-01-05 20:22:14.000
32,32,2025-09-18 19:17:06.000,2025-09-29 19:17:06.000
33,33,2025-03-09 08:13:43.000,2025-03-14 08:13:43.000
34,34,2026-04-30 00:14:34.000,2026-05-13 00:14:34.000
35,35,2026-05-11 05:36:54.000,2026-05-19 05:36:54.000
36,36,2026-05-30 16:39:20.000,2026-05-31 16:39:20.000
37,37,2025-12-27 07:55:39.000,2026-01-07 07:55:39.000
38,38,2025-03-17 22:08:49.000,2025-03-25 22:08:49.000
39,39,2025-01-04 08:18:45.000,2025-01-16 08:18:45.000
40,40,2026-11-12 14:25:52.000,2026-11-16 14:25:52.000
41,41,2025-07-05 03:27:25.000,2025-07-13 03:27:25.000
42,42,2025-12-02 16:09:02.000,2025-12-13 16:09:02.000
43,43,2025-11-06 11:56:37.000,2025-11-08 11:56:37.000
44,44,2026-04-21 07:37:49.000,2026-04-23 07:37:49.000
45,45,2026-02-27 10:18:46.000,2026-03-05 10:18:46.000
46,46,2025-01-04 20:38:37.000,2025-01-05 20:38:37.000
47,47,2025-03-31 01:26:48.000,2025-04-10 01:26:48.000
48,48,2026-07-03 08:02:22.000,2026-07-07 08:02:22.000
49,49,2026-12-03 23:51:46.000,2026-12-05 23:51:46.000
50,50,2025-06-21 11:20:17.000,2025-06-30 11:20:17.000
51,51,2025-09-11 19:19:26.000,2025-09-23 19:19:26.000
52,52,2025-01-18 07:16:09.000,2025-01-30 07:16:09.000
53,53,2025-07-23 04:10:23.000,2025-08-04 04:10:23.000
54,54,2025-11-24 11:33:39.000,2025-12-06 11:33:39.000
55,55,2026-10-26 03:29:28.000,2026-11-08 03:29:28.000
56,56,2026-06-10 12:11:33.000,2026-06-11 12:11:33.000
57,57,2026-08-17 19:57:56.000,2026-09-01 19:57:56.000
58,58,2026-05-11 15:34:03.000,2026-05-19 15:34:03.000
59,59,2025-07-06 06:52:54.000,2025-07-13 06:52:54.000
60,60,2025-01-26 08:54:25.000,2025-02-05 08:54:25.000
61,61,2026-07-17 22:43:44.000,2026-07-25 22:43:44.000
62,62,2025-02-28 02:24:52.000,2025-03-12 02:24:52.000
63,63,2026-08-07 14:47:08.000,2026-08-10 14:47:08.000
64,64,2025-01-13 02:59:06.000,2025-01-23 02:59:06.000
65,65,2025-08-06 23:16:35.000,2025-08-21 23:16:35.000
66,66,2026-01-22 22:40:18.000,2026-01-27 22:40:18.000
67,67,2026-07-14 10:05:01.000,2026-07-24 10:05:01.000
68,68,2026-07-31 23:26:30.000,2026-08-11 23:26:30.000
69,69,2025-03-11 08:35:58.000,2025-03-23 08:35:58.000
70,70,2025-08-27 15:50:46.000,2025-08-30 15:50:46.000
71,71,2026-05-08 07:22:36.000,2026-05-11 07:22:36.000
72,72,2025-04-25 21:15:13.000,2025-04-30 21:15:13.000
73,73,2025-06-05 23:11:20.000,2025-06-15 23:11:20.000
74,74,2026-09-12 00:06:44.000,2026-09-20 00:06:44.000
75,75,2025-01-29 17:43:53.000,2025-02-09 17:43:53.000
76,76,2026-11-01 01:17:06.000,2026-11-16 01:17:06.000
77,77,2025-12-05 17:48:28.000,2025-12-15 17:48:28.000
78,78,2025-12-16 09:06:55.000,2025-12-25 09:06:55.000
79,79,2026-09-15 06:29:02.000,2026-09-18 06:29:02.000
80,80,2025-07-23 15:29:42.000,2025-08-06 15:29:42.000
81,81,2025-09-18 14:59:09.000,2025-09-24 14:59:09.000
82,82,2026-02-07 13:56:41.000,2026-02-21 13:56:41.000
83,83,2025-09-05 14:04:39.000,2025-09-08 14:04:39.000
84,84,2026-09-18 18:06:54.000,2026-09-30 18:06:54.000
85,85,2026-12-08 22:26:09.000,2026-12-23 22:26:09.000
86,86,2025-01-29 04:25:14.000,2025-01-31 04:25:14.000
87,87,2026-02-19 02:09:01.000,2026-02-25 02:09:01.000
88,88,2025-10-24 09:08:33.000,2025-10-31 09:08:33.000
89,89,2026-11-22 09:11:10.000,2026-11-23 09:11:10.000
90,90,2025-06-20 10:38:55.000,2025-06-23 10:38:55.000
91,91,2026-08-13 04:15:03.000,2026-08-26 04:15:03.000
92,92,2026-04-03 00:44:19.000,2026-04-05 00:44:19.000
93,93,2025-11-17 07:26:23.000,2025-11-21 07:26:23.000
94,94,2025-07-30 10:50:15.000,2025-07-31 10:50:15.000
95,95,2025-12-25 14:38:22.000,2025-12-28 14:38:22.000
96,96,2025-05-08 10:35:43.000,2025-05-19 10:35:43.000
97,97,2026-07-27 20:52:11.000,2026-08-07 20:52:11.000
98,98,2026-07-01 17:53:52.000,2026-07-10 17:53:52.000
99,99,2026-03-16 05:50:29.000,2026-03-31 05:50:29.000
100,100,2026-08-08 13:44:21.000,2026-08-18 13:44:21.000
101,101,2026-08-16 10:01:23.000,2026-08-18 10:01:23.000
102,102,2026-06-07 06:04:49.000,2026-06-16 06:04:49.000
103,103,2025-11-20 13:01:46.000,2025-12-04 13:01:46.000
104,104,2026-04-06 16:56:28.000,2026-04-07 16:56:28.000
105,105,2025-06-16 05:42:14.000,2025-06-30 05:42:14.000
106,106,2026-05-10 03:07:53.000,2026-05-18 03:07:53.000
107,107,2026-01-22 18:57:57.000,2026-02-03 18:57:57.000
108,108,2025-06-19 02:54:30.000,2025-06-22 02:54:30.000
109,109,2026-10-22 22:46:16.000,2026-11-05 22:46:16.000
110,110,2026-04-17 13:13:48.000,2026-04-22 13:13:48.000
111,111,2025-08-22 21:23:16.000,2025-09-01 21:23:16.000
112,112,2026-08-27 14:06:46.000,2026-09-04 14:06:46.000
113,113,2025-10-20 02:00:06.000,2025-10-24 02:00:06.000
114,114,2026-01-21 20:54:01.000,2026-02-04 20:54:01.000
115,115,2026-12-29 02:33:17.000,2027-01-11 02:33:17.000
116,116,2026-09-28 04:05:09.000,2026-10-05 04:05:09.000
117,117,2025-08-03 02:12:29.000,2025-08-18 02:12:29.000
118,118,2025-03-14 01:28:55.000,2025-03-15 01:28:55.000
119,119,2026-09-20 01:52:17.000,2026-09-21 01:52:17.000
120,120,2025-10-03 07:07:01.000,2025-10-12 07:07:01.000
121,121,2025-10-07 16:02:08.000,2025-10-19 16:02:08.000
122,122,2025-10-19 15:18:42.000,2025-11-03 15:18:42.000
123,123,2026-12-02 14:39:17.000,2026-12-07 14:39:17.000
124,124,2026-03-17 12:13:40.000,2026-03-20 12:13:40.000
125,125,2026-03-05 00:06:05.000,2026-03-08 00:06:05.000
126,126,2025-04-01 11:36:41.000,2025-04-14 11:36:41.000
127,127,2025-06-10 03:59:20.000,2025-06-24 03:59:20.000
128,128,2025-01-12 10:21:39.000,2025-01-22 10:21:39.000
129,129,2025-07-06 00:34:50.000,2025-07-14 00:34:50.000
130,130,2026-07-12 14:08:09.000,2026-07-20 14:08:09.000
131,131,2026-10-15 02:29:51.000,2026-10-19 02:29:51.000
132,132,2025-12-30 11:19:50.000,2026-01-13 11:19:50.000
133,133,2026-12-10 12:12:52.000,2026-12-12 12:12:52.000
134,134,2025-03-20 09:43:03.000,2025-04-03 09:43:03.000
135,135,2026-12-28 17:01:11.000,2026-12-31 17:01:11.000
136,136,2026-12-22 03:37:07.000,2026-12-26 03:37:07.000
137,137,2026-09-24 20:59:44.000,2026-10-02 20:59:44.000
138,138,2026-06-25 05:42:41.000,2026-07-02 05:42:41.000
139,139,2025-03-10 19:45:16.000,2025-03-25 19:45:16.000
140,140,2026-04-27 23:50:19.000,2026-05-03 23:50:19.000
141,141,2025-09-09 11:11:41.000,2025-09-23 11:11:41.000
142,142,2026-06-02 10:51:47.000,2026-06-07 10:51:47.000
143,143,2026-05-15 16:54:02.000,2026-05-25 16:54:02.000
144,144,2026-03-11 13:33:38.000,2026-03-19 13:33:38.000
145,145,2025-12-16 22:10:44.000,2025-12-30 22:10:44.000
146,146,2026-01-20 14:01:37.000,2026-01-22 14:01:37.000
147,147,2025-04-06 20:32:59.000,2025-04-09 20:32:59.000
148,148,2025-11-14 23:32:18.000,2025-11-18 23:32:18.000
149,149,2026-12-27 18:06:16.000,2027-01-01 18:06:16.000
150,150,2025-01-04 09:05:55.000,2025-01-10 09:05:55.000
151,151,2025-03-09 00:29:38.000,2025-03-22 00:29:38.000
152,152,2025-07-30 07:00:39.000,2025-08-14 07:00:39.000
153,153,2025-02-10 04:20:40.000,2025-02-24 04:20:40.000
154,154,2025-02-14 07:05:45.000,2025-03-01 07:05:45.000
155,155,2025-03-30 05:23:25.000,2025-04-02 05:23:25.000
156,156,2026-03-19 18:42:03.000,2026-03-26 18:42:03.000
157,157,2025-05-24 18:33:38.000,2025-05-31 18:33:38.000
158,158,2026-05-21 05:06:17.000,2026-05-29 05:06:17.000
159,159,2025-09-29 16:21:18.000,2025-10-14 16:21:18.000
160,160,2025-04-29 05:38:32.000,2025-05-12 05:38:32.000
161,161,2026-10-04 11:48:29.000,2026-10-09 11:48:29.000
162,162,2025-02-07 12:32:11.000,2025-02-19 12:32:11.000
163,163,2026-03-22 09:15:31.000,2026-04-03 09:15:31.000
164,164,2025-10-28 03:13:20.000,2025-11-05 03:13:20.000
165,165,2026-05-26 00:29:07.000,2026-05-30 00:29:07.000
166,166,2026-11-24 16:47:18.000,2026-12-08 16:47:18.000
167,167,2025-12-20 05:16:03.000,2025-12-29 05:16:03.000
168,168,2026-05-24 22:53:59.000,2026-05-27 22:53:59.000
169,169,2025-12-16 09:40:47.000,2025-12-30 09:40:47.000
170,170,2025-05-22 13:13:43.000,2025-05-30 13:13:43.000
171,171,2026-12-14 06:36:31.000,2026-12-29 06:36:31.000
172,172,2026-11-06 04:45:08.000,2026-11-09 04:45:08.000
173,173,2025-12-12 08:48:11.000,2025-12-27 08:48:11.000
174,174,2025-08-12 14:50:57.000,2025-08-15 14:50:57.000
175,175,2025-11-22 14:49:18.000,2025-11-24 14:49:18.000
176,176,2025-05-28 03:51:33.000,2025-06-10 03:51:33.000
177,177,2026-02-04 00:05:28.000,2026-02-19 00:05:28.000
178,178,2026-05-10 03:11:05.000,2026-05-12 03:11:05.000
179,179,2026-08-30 08:10:06.000,2026-09-10 08:10:06.000
180,180,2026-11-22 07:30:32.000,2026-12-03 07:30:32.000
181,181,2026-12-24 17:50:45.000,2026-12-25 17:50:45.000
182,182,2025-02-17 21:02:54.000,2025-02-28 21:02:54.000
183,183,2026-02-10 22:01:42.000,2026-02-24 22:01:42.000
184,184,2025-12-06 00:44:18.000,2025-12-18 00:44:18.000
185,185,2026-11-02 15:22:56.000,2026-11-12 15:22:56.000
186,186,2026-03-11 16:45:57.000,2026-03-19 16:45:57.000
187,187,2025-01-15 12:32:06.000,2025-01-16 12:32:06.000
188,188,2026-03-10 12:49:13.000,2026-03-15 12:49:13.000
189,189,2025-06-25 14:37:37.000,2025-06-30 14:37:37.000
190,190,2025-03-23 14:00:18.000,2025-04-04 14:00:18.000
191,191,2025-11-23 12:13:47.000,2025-12-02 12:13:47.000
192,192,2025-01-23 15:49:47.000,2025-01-26 15:49:47.000
193,193,2025-08-14 20:11:13.000,2025-08-17 20:11:13.000
194,194,2026-02-25 10:01:09.000,2026-03-05 10:01:09.000
195,195,2026-03-14 02:04:50.000,2026-03-27 02:04:50.000
196,196,2026-03-03 14:40:07.000,2026-03-17 14:40:07.000
197,197,2025-05-08 17:54:20.000,2025-05-11 17:54:20.000
198,198,2026-08-12 20:44:35.000,2026-08-25 20:44:35.000
199,199,2025-05-30 14:54:43.000,2025-06-07 14:54:43.000
200,200,2026-07-04 18:58:05.000,2026-07-05 18:58:05.000
201,201,2026-05-21 06:42:50.000,2026-05-24 06:42:50.000
202,202,2025-07-07 20:17:38.000,2025-07-22 20:17:38.000
203,203,2025-05-01 07:04:03.000,2025-05-14 07:04:03.000
204,204,2025-03-09 06:19:31.000,2025-03-11 06:19:31.000
205,205,2026-05-03 17:11:30.000,2026-05-15 17:11:30.000
206,206,2025-03-21 03:32:22.000,2025-03-26 03:32:22.000
207,207,2026-09-14 20:08:15.000,2026-09-17 20:08:15.000
208,208,2025-07-03 08:14:46.000,2025-07-14 08:14:46.000
209,209,2026-12-16 02:59:30.000,2026-12-19 02:59:30.000
210,210,2025-04-06 03:54:39.000,2025-04-19 03:54:39.000
211,211,2026-04-21 11:21:53.000,2026-04-27 11:21:53.000
212,212,2025-11-27 20:40:19.000,2025-12-08 20:40:19.000
213,213,2025-03-05 21:52:18.000,2025-03-13 21:52:18.000
214,214,2025-10-03 17:14:00.000,2025-10-06 17:14:00.000
215,215,2026-02-04 06:34:02.000,2026-02-15 06:34:02.000
216,216,2025-09-18 17:11:20.000,2025-09-22 17:11:20.000
217,217,2025-01-11 15:26:36.000,2025-01-18 15:26:36.000
218,218,2026-08-11 03:29:39.000,2026-08-13 03:29:39.000
219,219,2025-05-23 18:11:29.000,2025-05-26 18:11:29.000
220,220,2025-06-23 07:55:39.000,2025-07-05 07:55:39.000
221,221,2025-12-07 08:27:35.000,2025-12-18 08:27:35.000
222,222,2026-03-15 04:01:04.000,2026-03-21 04:01:04.000
223,223,2026-01-18 21:26:56.000,2026-01-22 21:26:56.000
224,224,2025-10-06 01:20:38.000,2025-10-19 01:20:38.000
225,225,2025-12-14 21:31:45.000,2025-12-17 21:31:45.000
226,226,2026-01-20 18:26:27.000,2026-02-01 18:26:27.000
227,227,2025-05-18 02:12:43.000,2025-06-02 02:12:43.000
228,228,2025-09-27 21:21:39.000,2025-10-10 21:21:39.000
229,229,2026-02-22 08:13:48.000,2026-02-27 08:13:48.000
230,230,2025-03-04 01:59:47.000,2025-03-06 01:59:47.000
231,231,2026-06-19 18:30:05.000,2026-06-24 18:30:05.000
232,232,2025-03-02 11:27:02.000,2025-03-17 11:27:02.000
233,233,2025-12-21 03:12:19.000,2025-12-26 03:12:19.000
234,234,2025-09-13 10:00:50.000,2025-09-24 10:00:50.000
235,235,2026-06-29 05:02:34.000,2026-07-06 05:02:34.000
236,236,2026-12-29 09:10:10.000,2027-01-12 09:10:10.000
237,237,2025-03-19 11:39:07.000,2025-03-31 11:39:07.000
238,238,2026-04-02 20:26:31.000,2026-04-17 20:26:31.000
239,239,2025-12-27 00:45:39.000,2026-01-06 00:45:39.000
240,240,2025-07-23 15:57:19.000,2025-08-04 15:57:19.000
241,241,2025-07-20 10:11:04.000,2025-07-26 10:11:04.000
242,242,2025-09-03 12:11:17.000,2025-09-16 12:11:17.000
243,243,2025-12-31 12:02:59.000,2026-01-03 12:02:59.000
244,244,2026-10-26 16:21:54.000,2026-10-30 16:21:54.000
245,245,2026-06-08 09:25:22.000,2026-06-13 09:25:22.000
246,246,2026-03-24 14:16:15.000,2026-03-30 14:16:15.000
247,247,2026-09-23 08:10:03.000,2026-09-27 08:10:03.000
248,248,2026-03-16 12:36:23.000,2026-03-23 12:36:23.000
249,249,2025-03-27 15:54:24.000,2025-04-05 15:54:24.000
250,250,2026-06-20 20:41:02.000,2026-06-26 20:41:02.000
251,251,2025-01-04 03:06:12.000,2025-01-12 03:06:12.000
252,252,2025-12-02 18:33:42.000,2025-12-07 18:33:42.000
253,253,2026-10-09 22:39:59.000,2026-10-24 22:39:59.000
254,254,2026-07-14 00:42:31.000,2026-07-24 00:42:31.000
255,255,2026-02-11 14:36:55.000,2026-02-22 14:36:55.000
256,256,2026-03-17 06:46:58.000,2026-03-21 06:46:58.000
257,257,2025-11-19 18:20:30.000,2025-11-26 18:20:30.000
258,258,2025-08-14 06:43:55.000,2025-08-20 06:43:55.000
259,259,2026-05-05 10:16:48.000,2026-05-17 10:16:48.000
260,260,2025-02-25 05:03:02.000,2025-03-12 05:03:02.000
261,261,2026-10-24 19:38:55.000,2026-11-01 19:38:55.000
262,262,2026-09-29 20:25:07.000,2026-10-12 20:25:07.000
263,263,2025-08-20 22:35:43.000,2025-09-03 22:35:43.000
264,264,2025-06-23 07:30:23.000,2025-06-30 07:30:23.000
265,265,2025-12-19 12:30:15.000,2026-01-03 12:30:15.000
266,266,2025-05-14 05:45:18.000,2025-05-27 05:45:18.000
267,267,2025-04-28 18:55:28.000,2025-05-08 18:55:28.000
268,268,2026-03-22 16:32:04.000,2026-04-03 16:32:04.000
269,269,2026-10-05 01:52:14.000,2026-10-20 01:52:14.000
270,270,2025-08-24 17:39:02.000,2025-09-03 17:39:02.000
271,271,2026-03-20 01:05:54.000,2026-04-03 01:05:54.000
272,272,2026-03-13 21:50:03.000,2026-03-16 21:50:03.000
273,273,2025-12-08 05:57:56.000,2025-12-21 05:57:56.000
274,274,2025-08-19 12:43:53.000,2025-08-26 12:43:53.000
275,275,2025-10-07 01:19:40.000,2025-10-18 01:19:40.000
276,276,2025-02-23 12:38:50.000,2025-03-04 12:38:50.000
277,277,2025-08-11 16:00:09.000,2025-08-19 16:00:09.000
278,278,2026-10-16 21:39:25.000,2026-10-31 21:39:25.000
279,279,2025-05-18 12:26:08.000,2025-05-27 12:26:08.000
280,280,2025-03-13 00:31:41.000,2025-03-19 00:31:41.000
281,281,2025-04-21 03:06:11.000,2025-05-05 03:06:11.000
282,282,2025-08-11 04:05:11.000,2025-08-26 04:05:11.000
283,283,2025-07-20 13:29:51.000,2025-08-03 13:29:51.000
284,284,2025-12-16 18:39:03.000,2025-12-21 18:39:03.000
285,285,2025-06-29 07:40:17.000,2025-07-11 07:40:17.000
286,286,2026-05-06 23:16:57.000,2026-05-19 23:16:57.000
287,287,2025-10-05 23:54:55.000,2025-10-18 23:54:55.000
288,288,2025-05-28 20:12:07.000,2025-06-05 20:12:07.000
289,289,2026-03-15 10:01:39.000,2026-03-27 10:01:39.000
290,290,2026-10-24 23:11:07.000,2026-10-29 23:11:07.000
291,291,2026-07-27 02:57:25.000,2026-08-01 02:57:25.000
292,292,2026-08-19 17:15:01.000,2026-08-24 17:15:01.000
293,293,2025-12-27 18:28:35.000,2025-12-30 18:28:35.000
294,294,2025-01-17 01:29:14.000,2025-01-21 01:29:14.000
295,295,2025-01-24 07:56:21.000,2025-02-01 07:56:21.000
296,296,2026-10-29 22:38:37.000,2026-11-08 22:38:37.000
297,297,2025-06-07 07:26:26.000,2025-06-21 07:26:26.000
298,298,2025-11-12 13:14:42.000,2025-11-21 13:14:42.000
299,299,2025-02-14 10:14:45.000,2025-02-19 10:14:45.000
300,300,2026-03-05 19:26:21.000,2026-03-18 19:26:21.000
301,301,2026-12-13 06:25:40.000,2026-12-24 06:25:40.000
302,302,2025-01-17 10:24:00.000,2025-01-29 10:24:00.000
303,303,2026-06-01 00:14:23.000,2026-06-08 00:14:23.000
304,304,2025-06-07 02:13:25.000,2025-06-13 02:13:25.000
305,305,2025-09-24 15:47:54.000,2025-09-26 15:47:54.000
306,306,2025-05-10 05:06:13.000,2025-05-25 05:06:13.000
307,307,2025-05-31 02:54:02.000,2025-06-15 02:54:02.000
308,308,2026-03-03 18:37:47.000,2026-03-08 18:37:47.000
309,309,2025-04-19 21:07:21.000,2025-05-03 21:07:21.000
310,310,2026-08-08 18:45:01.000,2026-08-10 18:45:01.000
311,311,2026-10-28 17:42:58.000,2026-10-30 17:42:58.000
312,312,2025-07-27 21:14:43.000,2025-08-07 21:14:43.000
313,313,2026-06-06 17:43:17.000,2026-06-20 17:43:17.000
314,314,2025-08-25 04:33:28.000,2025-09-04 04:33:28.000
315,315,2025-08-05 20:42:37.000,2025-08-13 20:42:37.000
316,316,2025-12-24 05:09:56.000,2026-01-07 05:09:56.000
317,317,2025-07-09 19:34:57.000,2025-07-16 19:34:57.000
318,318,2025-08-26 16:01:47.000,2025-09-10 16:01:47.000
319,319,2026-10-05 11:14:04.000,2026-10-16 11:14:04.000
320,320,2026-04-30 11:21:26.000,2026-05-07 11:21:26.000
321,321,2025-06-12 16:50:18.000,2025-06-21 16:50:18.000
322,322,2025-10-24 21:31:22.000,2025-10-31 21:31:22.000
323,323,2025-12-15 17:49:22.000,2025-12-26 17:49:22.000
324,324,2025-04-10 06:27:03.000,2025-04-22 06:27:03.000
325,325,2025-08-30 09:24:01.000,2025-09-04 09:24:01.000
326,326,2025-08-12 21:04:11.000,2025-08-15 21:04:11.000
327,327,2025-11-28 04:36:35.000,2025-12-07 04:36:35.000
328,328,2025-07-01 15:30:14.000,2025-07-06 15:30:14.000
329,329,2026-08-28 20:30:11.000,2026-08-29 20:30:11.000
330,330,2025-09-21 21:41:56.000,2025-10-02 21:41:56.000
331,331,2026-10-21 07:31:44.000,2026-10-24 07:31:44.000
332,332,2025-05-18 00:25:05.000,2025-05-21 00:25:05.000
333,333,2025-03-03 16:02:06.000,2025-03-04 16:02:06.000
334,334,2025-03-21 16:10:00.000,2025-03-25 16:10:00.000
335,335,2025-05-17 08:46:43.000,2025-05-21 08:46:43.000
336,336,2026-12-16 02:43:08.000,2026-12-26 02:43:08.000
337,337,2026-12-05 23:29:31.000,2026-12-10 23:29:31.000
338,338,2025-06-13 08:32:35.000,2025-06-28 08:32:35.000
339,339,2026-07-14 19:10:21.000,2026-07-18 19:10:21.000
340,340,2026-11-24 18:02:55.000,2026-11-29 18:02:55.000
341,341,2025-04-05 08:49:28.000,2025-04-10 08:49:28.000
342,342,2026-11-15 23:17:38.000,2026-11-19 23:17:38.000
343,343,2025-04-11 11:51:40.000,2025-04-25 11:51:40.000
344,344,2026-01-12 04:19:15.000,2026-01-14 04:19:15.000
345,345,2026-08-18 07:17:17.000,2026-08-26 07:17:17.000
346,346,2025-07-11 12:01:56.000,2025-07-16 12:01:56.000
347,347,2025-07-14 09:31:47.000,2025-07-24 09:31:47.000
348,348,2025-08-17 20:37:43.000,2025-08-31 20:37:43.000
349,349,2025-10-02 00:02:19.000,2025-10-03 00:02:19.000
350,350,2026-02-02 08:56:42.000,2026-02-05 08:56:42.000
351,351,2026-11-30 14:57:56.000,2026-12-01 14:57:56.000
352,352,2026-07-12 01:13:08.000,2026-07-27 01:13:08.000
353,353,2025-06-27 10:06:52.000,2025-07-08 10:06:52.000
354,354,2025-10-18 21:42:55.000,2025-10-30 21:42:55.000
355,355,2026-12-21 02:09:01.000,2026-12-26 02:09:01.000
356,356,2025-08-10 01:17:44.000,2025-08-16 01:17:44.000
357,357,2026-02-21 07:36:08.000,2026-03-04 07:36:08.000
358,358,2025-09-22 05:02:08.000,2025-10-07 05:02:08.000
359,359,2026-09-19 09:44:08.000,2026-09-29 09:44:08.000
360,360,2026-12-07 20:07:13.000,2026-12-14 20:07:13.000
361,361,2025-09-27 20:36:15.000,2025-10-07 20:36:15.000
362,362,2025-11-23 10:37:36.000,2025-11-27 10:37:36.000
363,363,2025-05-31 01:00:15.000,2025-06-09 01:00:15.000
364,364,2025-11-11 11:44:39.000,2025-11-15 11:44:39.000
365,365,2025-01-13 17:02:07.000,2025-01-16 17:02:07.000
366,366,2025-04-21 18:23:35.000,2025-05-04 18:23:35.000
367,367,2025-10-28 14:54:38.000,2025-10-31 14:54:38.000
368,368,2025-06-05 14:03:04.000,2025-06-09 14:03:04.000
369,369,2025-12-27 03:24:14.000,2026-01-11 03:24:14.000
370,370,2025-08-09 23:33:51.000,2025-08-21 23:33:51.000
371,371,2026-12-05 15:22:12.000,2026-12-14 15:22:12.000
372,372,2026-11-22 19:30:31.000,2026-12-04 19:30:31.000
373,373,2025-06-15 16:29:49.000,2025-06-23 16:29:49.000
374,374,2025-07-30 02:34:01.000,2025-08-12 02:34:01.000
375,375,2026-03-09 08:10:05.000,2026-03-22 08:10:05.000
376,376,2026-08-20 11:06:40.000,2026-09-03 11:06:40.000
377,377,2025-06-20 14:34:59.000,2025-06-26 14:34:59.000
378,378,2026-09-15 18:19:02.000,2026-09-23 18:19:02.000
379,379,2026-10-25 10:35:43.000,2026-11-05 10:35:43.000
380,380,2025-11-25 18:02:25.000,2025-12-04 18:02:25.000
381,381,2026-11-13 23:14:49.000,2026-11-23 23:14:49.000
382,382,2026-11-17 16:50:33.000,2026-11-26 16:50:33.000
383,383,2026-10-31 23:26:53.000,2026-11-11 23:26:53.000
384,384,2026-02-10 09:37:34.000,2026-02-24 09:37:34.000
385,385,2025-11-09 14:02:36.000,2025-11-20 14:02:36.000
386,386,2025-03-07 06:59:06.000,2025-03-22 06:59:06.000
387,387,2026-03-07 10:07:14.000,2026-03-16 10:07:14.000
388,388,2026-12-24 16:50:39.000,2027-01-04 16:50:39.000
389,389,2025-04-19 13:00:15.000,2025-04-30 13:00:15.000
390,390,2025-04-07 14:22:26.000,2025-04-15 14:22:26.000
391,391,2025-09-15 09:43:11.000,2025-09-23 09:43:11.000
392,392,2026-11-03 14:10:49.000,2026-11-04 14:10:49.000
393,393,2026-03-01 13:39:09.000,2026-03-11 13:39:09.000
394,394,2026-07-15 03:15:39.000,2026-07-19 03:15:39.000
395,395,2026-09-08 19:40:54.000,2026-09-15 19:40:54.000
396,396,2026-07-03 18:08:37.000,2026-07-08 18:08:37.000
397,397,2025-04-16 12:54:41.000,2025-04-21 12:54:41.000
398,398,2026-04-08 09:51:01.000,2026-04-13 09:51:01.000
399,399,2025-07-13 10:24:38.000,2025-07-18 10:24:38.000
400,400,2026-09-23 14:15:48.000,2026-10-02 14:15:48.000
401,401,2025-01-26 06:00:46.000,2025-01-30 06:00:46.000
402,402,2026-01-09 12:31:03.000,2026-01-12 12:31:03.000
403,403,2025-09-01 00:15:55.000,2025-09-13 00:15:55.000
404,404,2025-11-04 10:58:18.000,2025-11-09 10:58:18.000
405,405,2026-02-26 02:53:39.000,2026-02-27 02:53:39.000
406,406,2026-07-30 03:54:05.000,2026-08-09 03:54:05.000
407,407,2025-05-12 08:33:28.000,2025-05-20 08:33:28.000
408,408,2025-08-08 12:52:59.000,2025-08-18 12:52:59.000
409,409,2025-10-31 22:35:47.000,2025-11-07 22:35:47.000
410,410,2025-10-27 02:29:54.000,2025-11-07 02:29:54.000
411,411,2026-08-08 04:08:57.000,2026-08-16 04:08:57.000
412,412,2025-03-24 19:08:08.000,2025-04-06 19:08:08.000
413,413,2025-08-12 18:16:53.000,2025-08-24 18:16:53.000
414,414,2026-03-27 13:48:07.000,2026-04-10 13:48:07.000
415,415,2026-02-12 01:39:22.000,2026-02-19 01:39:22.000
416,416,2026-11-04 06:28:07.000,2026-11-11 06:28:07.000
417,417,2025-01-11 00:48:57.000,2025-01-24 00:48:57.000
418,418,2026-08-14 18:19:45.000,2026-08-17 18:19:45.000
419,419,2026-12-18 07:14:39.000,2026-12-21 07:14:39.000
420,420,2026-04-08 13:10:47.000,2026-04-13 13:10:47.000
421,421,2026-01-07 21:58:33.000,2026-01-15 21:58:33.000
422,422,2025-02-25 09:18:22.000,2025-03-04 09:18:22.000
423,423,2025-05-07 00:00:01.000,2025-05-16 00:00:01.000
424,424,2026-10-25 09:03:38.000,2026-11-04 09:03:38.000
425,425,2025-06-12 22:41:42.000,2025-06-17 22:41:42.000
426,426,2025-01-26 20:46:52.000,2025-02-05 20:46:52.000
427,427,2025-08-29 07:53:44.000,2025-09-02 07:53:44.000
428,428,2026-12-17 09:50:11.000,2026-12-23 09:50:11.000
429,429,2025-12-21 13:03:43.000,2025-12-29 13:03:43.000
430,430,2025-12-21 19:33:54.000,2026-01-03 19:33:54.000
431,431,2026-09-25 09:54:32.000,2026-09-30 09:54:32.000
432,432,2025-10-28 23:06:02.000,2025-11-09 23:06:02.000
433,433,2025-10-30 12:46:05.000,2025-11-14 12:46:05.000
434,434,2026-04-10 03:44:47.000,2026-04-21 03:44:47.000
435,435,2026-05-26 06:10:22.000,2026-06-07 06:10:22.000
436,436,2025-02-23 00:34:52.000,2025-03-01 00:34:52.000
437,437,2026-04-25 03:26:45.000,2026-05-06 03:26:45.000
438,438,2026-08-03 23:11:03.000,2026-08-12 23:11:03.000
439,439,2026-09-15 05:23:21.000,2026-09-25 05:23:21.000
440,440,2026-04-28 11:34:38.000,2026-05-11 11:34:38.000
441,441,2025-11-23 07:30:08.000,2025-12-04 07:30:08.000
442,442,2025-01-22 09:57:26.000,2025-02-02 09:57:26.000
443,443,2025-03-29 11:46:51.000,2025-04-01 11:46:51.000
444,444,2025-03-29 16:40:16.000,2025-04-02 16:40:16.000
445,445,2026-01-29 10:17:34.000,2026-01-31 10:17:34.000
446,446,2025-03-29 17:31:49.000,2025-04-06 17:31:49.000
447,447,2025-09-11 18:51:44.000,2025-09-12 18:51:44.000
448,448,2025-12-04 18:43:11.000,2025-12-18 18:43:11.000
449,449,2025-07-02 20:49:28.000,2025-07-06 20:49:28.000
450,450,2026-10-28 01:36:32.000,2026-11-02 01:36:32.000
451,451,2026-03-09 18:29:17.000,2026-03-16 18:29:17.000
452,452,2025-04-02 15:35:20.000,2025-04-04 15:35:20.000
453,453,2025-04-27 16:27:30.000,2025-05-10 16:27:30.000
454,454,2026-02-07 00:20:04.000,2026-02-15 00:20:04.000
455,455,2025-11-16 18:06:21.000,2025-11-21 18:06:21.000
456,456,2026-12-11 08:57:34.000,2026-12-16 08:57:34.000
457,457,2025-03-04 21:33:22.000,2025-03-19 21:33:22.000
458,458,2025-07-05 20:16:07.000,2025-07-18 20:16:07.000
459,459,2026-06-23 04:13:15.000,2026-07-01 04:13:15.000
460,460,2025-09-21 15:49:58.000,2025-09-24 15:49:58.000
461,461,2025-01-18 01:49:17.000,2025-01-23 01:49:17.000
462,462,2026-10-22 21:23:33.000,2026-10-28 21:23:33.000
463,463,2025-08-19 02:45:37.000,2025-08-27 02:45:37.000
464,464,2025-04-02 04:13:47.000,2025-04-04 04:13:47.000
465,465,2026-10-27 17:10:15.000,2026-11-09 17:10:15.000
466,466,2025-11-16 00:58:21.000,2025-11-28 00:58:21.000
467,467,2026-07-15 18:57:45.000,2026-07-21 18:57:45.000
468,468,2025-11-09 05:39:55.000,2025-11-24 05:39:55.000
469,469,2026-05-08 22:27:58.000,2026-05-17 22:27:58.000
470,470,2026-11-27 18:35:50.000,2026-12-11 18:35:50.000
471,471,2026-05-14 06:56:43.000,2026-05-29 06:56:43.000
472,472,2025-02-15 09:59:38.000,2025-02-16 09:59:38.000
473,473,2026-05-10 13:46:52.000,2026-05-17 13:46:52.000
474,474,2025-09-01 08:23:26.000,2025-09-02 08:23:26.000
475,475,2026-01-24 07:27:21.000,2026-01-27 07:27:21.000
476,476,2026-11-06 02:59:16.000,2026-11-13 02:59:16.000
477,477,2026-01-13 03:38:05.000,2026-01-27 03:38:05.000
478,478,2025-09-23 18:25:18.000,2025-10-04 18:25:18.000
479,479,2025-05-27 17:40:23.000,2025-06-08 17:40:23.000
480,480,2026-02-14 11:56:45.000,2026-02-23 11:56:45.000
481,481,2026-10-12 15:13:01.000,2026-10-25 15:13:01.000
482,482,2025-05-25 16:35:40.000,2025-06-02 16:35:40.000
483,483,2026-06-06 05:10:38.000,2026-06-13 05:10:38.000
484,484,2026-05-21 08:55:09.000,2026-05-24 08:55:09.000
485,485,2025-06-11 20:32:19.000,2025-06-16 20:32:19.000
486,486,2025-06-08 19:50:49.000,2025-06-20 19:50:49.000
487,487,2026-03-03 17:52:34.000,2026-03-18 17:52:34.000
488,488,2025-01-26 06:19:46.000,2025-02-02 06:19:46.000
489,489,2026-10-21 13:17:33.000,2026-10-24 13:17:33.000
490,490,2025-10-20 08:59:22.000,2025-10-24 08:59:22.000
491,491,2025-12-17 20:50:42.000,2025-12-19 20:50:42.000
492,492,2025-11-13 13:12:21.000,2025-11-20 13:12:21.000
493,493,2026-03-02 12:58:48.000,2026-03-05 12:58:48.000
494,494,2025-06-08 18:18:35.000,2025-06-23 18:18:35.000
495,495,2025-05-09 02:31:20.000,2025-05-10 02:31:20.000
496,496,2025-11-10 00:43:20.000,2025-11-21 00:43:20.000
497,497,2025-08-29 21:41:33.000,2025-09-01 21:41:33.000
498,498,2026-08-23 00:05:12.000,2026-09-06 00:05:12.000
499,499,2025-05-13 02:35:55.000,2025-05-21 02:35:55.000
500,500,2025-08-15 23:02:18.000,2025-08-28 23:02:18.000
501,501,2025-02-16 04:04:36.000,2025-03-02 04:04:36.000
502,502,2025-03-21 04:00:31.000,2025-03-30 04:00:31.000
503,503,2026-02-09 03:50:19.000,2026-02-20 03:50:19.000
504,504,2025-01-15 15:03:07.000,2025-01-26 15:03:07.000
505,505,2026-03-01 09:08:13.000,2026-03-07 09:08:13.000
506,506,2025-12-21 18:06:55.000,2025-12-26 18:06:55.000
507,507,2026-10-02 00:47:11.000,2026-10-16 00:47:11.000
508,508,2025-12-22 15:32:04.000,2026-01-05 15:32:04.000
509,509,2026-01-21 13:00:29.000,2026-02-04 13:00:29.000
510,510,2025-06-08 23:27:44.000,2025-06-22 23:27:44.000
511,511,2025-08-04 09:07:50.000,2025-08-10 09:07:50.000
512,512,2026-05-09 08:01:15.000,2026-05-20 08:01:15.000
513,513,2026-01-10 23:17:16.000,2026-01-17 23:17:16.000
514,514,2026-07-07 19:49:08.000,2026-07-16 19:49:08.000
515,515,2026-12-04 15:18:02.000,2026-12-15 15:18:02.000
516,516,2025-05-08 04:19:02.000,2025-05-20 04:19:02.000
517,517,2026-09-25 02:56:07.000,2026-10-03 02:56:07.000
518,518,2026-02-24 05:47:09.000,2026-03-07 05:47:09.000
519,519,2026-01-07 03:08:01.000,2026-01-19 03:08:01.000
520,520,2026-05-14 03:32:20.000,2026-05-24 03:32:20.000
521,521,2026-12-13 11:13:22.000,2026-12-23 11:13:22.000
522,522,2025-01-28 23:27:01.000,2025-02-07 23:27:01.000
523,523,2025-01-28 03:54:58.000,2025-01-31 03:54:58.000
524,524,2026-09-30 14:44:59.000,2026-10-07 14:44:59.000
525,525,2026-06-01 11:52:28.000,2026-06-06 11:52:28.000
526,526,2025-07-20 13:41:27.000,2025-07-28 13:41:27.000
527,527,2026-10-25 00:31:03.000,2026-10-30 00:31:03.000
528,528,2026-12-25 13:30:52.000,2027-01-01 13:30:52.000
529,529,2025-09-12 19:30:38.000,2025-09-20 19:30:38.000
530,530,2026-12-05 11:30:39.000,2026-12-10 11:30:39.000
531,531,2026-01-07 21:02:34.000,2026-01-13 21:02:34.000
532,532,2025-09-21 13:48:33.000,2025-09-25 13:48:33.000
533,533,2025-09-24 04:08:45.000,2025-09-27 04:08:45.000
534,534,2026-01-12 10:52:23.000,2026-01-19 10:52:23.000
535,535,2025-04-25 21:02:03.000,2025-05-06 21:02:03.000
536,536,2026-07-31 06:52:04.000,2026-08-15 06:52:04.000
537,537,2025-10-26 13:50:08.000,2025-11-05 13:50:08.000
538,538,2026-05-05 12:36:14.000,2026-05-12 12:36:14.000
539,539,2026-04-02 17:29:29.000,2026-04-12 17:29:29.000
540,540,2026-01-21 12:57:01.000,2026-01-30 12:57:01.000
541,541,2025-08-12 22:19:06.000,2025-08-22 22:19:06.000
542,542,2025-11-28 05:09:22.000,2025-12-01 05:09:22.000
543,543,2026-06-16 20:23:59.000,2026-06-28 20:23:59.000
544,544,2025-12-27 19:00:28.000,2026-01-07 19:00:28.000
545,545,2026-05-28 12:27:24.000,2026-05-29 12:27:24.000
546,546,2026-02-22 04:42:37.000,2026-03-04 04:42:37.000
547,547,2025-09-09 05:03:12.000,2025-09-16 05:03:12.000
548,548,2026-11-21 13:33:35.000,2026-12-04 13:33:35.000
549,549,2026-07-14 16:43:59.000,2026-07-15 16:43:59.000
550,550,2025-10-17 02:03:57.000,2025-10-18 02:03:57.000
551,551,2025-12-01 22:41:51.000,2025-12-16 22:41:51.000
552,552,2026-08-16 15:20:33.000,2026-08-22 15:20:33.000
553,553,2025-02-04 16:57:14.000,2025-02-07 16:57:14.000
554,554,2025-05-25 05:27:42.000,2025-06-07 05:27:42.000
555,555,2025-11-21 03:43:05.000,2025-12-01 03:43:05.000
556,556,2025-09-25 04:40:28.000,2025-10-07 04:40:28.000
557,557,2025-12-29 10:09:11.000,2026-01-06 10:09:11.000
558,558,2026-10-23 01:02:22.000,2026-11-04 01:02:22.000
559,559,2026-10-10 12:44:40.000,2026-10-25 12:44:40.000
560,560,2026-01-26 02:02:46.000,2026-02-09 02:02:46.000
561,561,2026-03-30 05:04:56.000,2026-04-13 05:04:56.000
562,562,2025-08-08 22:28:25.000,2025-08-20 22:28:25.000
563,563,2025-04-26 16:34:08.000,2025-05-09 16:34:08.000
564,564,2025-11-05 13:08:25.000,2025-11-10 13:08:25.000
565,565,2026-01-22 07:03:02.000,2026-01-31 07:03:02.000
566,566,2026-04-12 18:54:41.000,2026-04-20 18:54:41.000
567,567,2026-01-07 18:07:47.000,2026-01-12 18:07:47.000
568,568,2026-12-19 09:47:53.000,2027-01-01 09:47:53.000
569,569,2026-10-25 01:22:00.000,2026-10-31 01:22:00.000
570,570,2025-02-14 00:43:09.000,2025-02-24 00:43:09.000
571,571,2025-11-29 11:34:49.000,2025-12-06 11:34:49.000
572,572,2026-09-17 15:15:43.000,2026-09-27 15:15:43.000
573,573,2026-01-19 23:36:45.000,2026-01-24 23:36:45.000
574,574,2025-05-06 03:28:45.000,2025-05-17 03:28:45.000
575,575,2025-03-18 10:22:24.000,2025-03-20 10:22:24.000
576,576,2025-05-01 18:17:42.000,2025-05-09 18:17:42.000
577,577,2026-04-02 04:05:51.000,2026-04-16 04:05:51.000
578,578,2026-01-29 17:32:32.000,2026-02-01 17:32:32.000
579,579,2025-09-14 22:34:26.000,2025-09-27 22:34:26.000
580,580,2026-01-28 06:05:43.000,2026-02-02 06:05:43.000
581,581,2025-02-22 04:38:29.000,2025-03-05 04:38:29.000
582,582,2025-10-29 17:46:04.000,2025-11-03 17:46:04.000
583,583,2025-03-18 17:36:42.000,2025-03-20 17:36:42.000
584,584,2026-07-17 20:06:41.000,2026-07-22 20:06:41.000
585,585,2025-06-23 08:47:55.000,2025-07-06 08:47:55.000
586,586,2026-03-02 17:14:30.000,2026-03-06 17:14:30.000
587,587,2026-03-29 18:49:08.000,2026-04-02 18:49:08.000
588,588,2026-01-25 13:23:26.000,2026-02-01 13:23:26.000
589,589,2025-01-22 09:15:16.000,2025-01-27 09:15:16.000
590,590,2025-10-10 10:31:11.000,2025-10-25 10:31:11.000
591,591,2025-05-11 08:05:20.000,2025-05-21 08:05:20.000
592,592,2026-08-20 03:02:33.000,2026-08-30 03:02:33.000
593,593,2025-09-18 19:56:09.000,2025-09-29 19:56:09.000
594,594,2026-01-18 13:40:05.000,2026-01-24 13:40:05.000
595,595,2026-08-07 18:51:46.000,2026-08-21 18:51:46.000
596,596,2025-04-09 20:14:09.000,2025-04-14 20:14:09.000
597,597,2026-04-27 13:34:34.000,2026-05-08 13:34:34.000
598,598,2026-04-10 21:36:02.000,2026-04-18 21:36:02.000
599,599,2026-07-23 20:20:07.000,2026-08-02 20:20:07.000
600,600,2025-05-03 11:16:36.000,2025-05-06 11:16:36.000
601,601,2026-01-18 09:38:45.000,2026-01-23 09:38:45.000
602,602,2026-04-16 19:37:22.000,2026-04-28 19:37:22.000
603,603,2025-06-15 22:29:22.000,2025-06-16 22:29:22.000
604,604,2026-04-26 01:39:00.000,2026-05-10 01:39:00.000
605,605,2025-08-13 02:21:10.000,2025-08-16 02:21:10.000
606,606,2026-07-22 15:48:02.000,2026-07-28 15:48:02.000
607,607,2025-08-12 12:33:40.000,2025-08-24 12:33:40.000
608,608,2025-10-03 22:35:29.000,2025-10-08 22:35:29.000
609,609,2025-02-19 07:11:28.000,2025-02-21 07:11:28.000
610,610,2026-04-13 08:36:14.000,2026-04-22 08:36:14.000
611,611,2026-07-10 18:41:57.000,2026-07-14 18:41:57.000
612,612,2026-09-14 00:40:10.000,2026-09-26 00:40:10.000
613,613,2025-11-08 17:53:30.000,2025-11-13 17:53:30.000
614,614,2026-03-10 21:01:10.000,2026-03-23 21:01:10.000
615,615,2025-10-06 22:09:47.000,2025-10-16 22:09:47.000
616,616,2025-07-25 03:07:27.000,2025-07-28 03:07:27.000
617,617,2025-04-23 15:52:15.000,2025-05-03 15:52:15.000
618,618,2025-10-04 19:59:35.000,2025-10-17 19:59:35.000
619,619,2026-01-17 13:58:54.000,2026-01-27 13:58:54.000
620,620,2026-09-21 21:36:59.000,2026-09-27 21:36:59.000
621,621,2025-06-22 06:39:15.000,2025-07-03 06:39:15.000
622,622,2026-07-03 22:52:05.000,2026-07-10 22:52:05.000
623,623,2026-10-18 02:43:13.000,2026-10-25 02:43:13.000
624,624,2025-10-03 18:27:06.000,2025-10-17 18:27:06.000
625,625,2025-02-20 14:49:15.000,2025-03-07 14:49:15.000
626,626,2026-11-11 12:37:50.000,2026-11-12 12:37:50.000
627,627,2025-08-08 07:58:30.000,2025-08-09 07:58:30.000
628,628,2026-07-17 13:44:12.000,2026-07-25 13:44:12.000
629,629,2026-03-25 17:50:40.000,2026-03-28 17:50:40.000
630,630,2025-07-25 15:25:00.000,2025-08-02 15:25:00.000
631,631,2025-07-21 15:08:52.000,2025-07-23 15:08:52.000
632,632,2025-12-17 17:02:36.000,2025-12-18 17:02:36.000
633,633,2026-06-24 17:18:22.000,2026-07-03 17:18:22.000
634,634,2025-09-11 13:24:37.000,2025-09-16 13:24:37.000
635,635,2026-09-25 08:29:27.000,2026-09-26 08:29:27.000
636,636,2025-06-15 18:49:12.000,2025-06-20 18:49:12.000
637,637,2025-05-29 22:29:37.000,2025-05-30 22:29:37.000
638,638,2026-10-29 02:33:41.000,2026-11-02 02:33:41.000
639,639,2025-04-24 23:07:48.000,2025-05-02 23:07:48.000
640,640,2025-04-13 03:20:02.000,2025-04-18 03:20:02.000
641,641,2026-04-30 03:30:38.000,2026-05-08 03:30:38.000
642,642,2026-12-13 07:23:16.000,2026-12-26 07:23:16.000
643,643,2026-01-17 22:10:37.000,2026-01-26 22:10:37.000
644,644,2026-12-14 21:11:00.000,2026-12-27 21:11:00.000
645,645,2025-08-06 06:58:58.000,2025-08-09 06:58:58.000
646,646,2026-12-11 03:32:08.000,2026-12-16 03:32:08.000
647,647,2025-03-09 03:25:33.000,2025-03-22 03:25:33.000
648,648,2026-05-05 12:40:37.000,2026-05-09 12:40:37.000
649,649,2026-09-22 07:26:59.000,2026-09-26 07:26:59.000
650,650,2026-07-17 17:12:24.000,2026-07-27 17:12:24.000
651,651,2025-10-12 17:29:42.000,2025-10-14 17:29:42.000
652,652,2025-12-17 02:35:19.000,2025-12-31 02:35:19.000
653,653,2026-01-30 15:10:24.000,2026-02-12 15:10:24.000
654,654,2025-07-19 11:49:06.000,2025-08-03 11:49:06.000
655,655,2025-08-27 11:48:12.000,2025-09-05 11:48:12.000
656,656,2026-09-08 15:47:29.000,2026-09-11 15:47:29.000
657,657,2026-05-03 19:27:11.000,2026-05-17 19:27:11.000
658,658,2025-05-19 18:38:23.000,2025-06-01 18:38:23.000
659,659,2025-05-01 15:30:47.000,2025-05-16 15:30:47.000
660,660,2025-01-25 14:44:59.000,2025-02-02 14:44:59.000
661,661,2026-07-13 03:46:40.000,2026-07-27 03:46:40.000
662,662,2025-03-14 00:46:43.000,2025-03-17 00:46:43.000
663,663,2026-05-26 16:57:22.000,2026-05-31 16:57:22.000
664,664,2026-05-22 21:36:19.000,2026-06-05 21:36:19.000
665,665,2026-03-28 09:54:02.000,2026-04-09 09:54:02.000
666,666,2026-02-21 04:35:36.000,2026-03-05 04:35:36.000
667,667,2026-06-23 06:16:30.000,2026-06-24 06:16:30.000
668,668,2025-03-24 16:13:28.000,2025-04-06 16:13:28.000
669,669,2026-02-04 22:37:00.000,2026-02-15 22:37:00.000
670,670,2026-07-04 12:47:26.000,2026-07-11 12:47:26.000
671,671,2026-05-14 12:33:16.000,2026-05-22 12:33:16.000
672,672,2026-11-26 14:39:09.000,2026-12-03 14:39:09.000
673,673,2026-01-26 19:42:19.000,2026-01-29 19:42:19.000
674,674,2026-08-02 00:09:45.000,2026-08-09 00:09:45.000
675,675,2026-06-11 05:06:19.000,2026-06-25 05:06:19.000
676,676,2026-03-16 08:56:42.000,2026-03-28 08:56:42.000
677,677,2025-04-23 10:07:04.000,2025-05-06 10:07:04.000
678,678,2025-03-19 03:02:05.000,2025-03-26 03:02:05.000
679,679,2025-10-28 17:48:21.000,2025-10-30 17:48:21.000
680,680,2026-08-19 23:39:03.000,2026-08-20 23:39:03.000
681,681,2025-07-12 08:40:56.000,2025-07-17 08:40:56.000
682,682,2026-04-20 18:51:59.000,2026-04-25 18:51:59.000
683,683,2026-05-20 02:21:06.000,2026-06-04 02:21:06.000
684,684,2026-01-24 16:57:51.000,2026-02-08 16:57:51.000
685,685,2026-11-18 17:55:51.000,2026-11-30 17:55:51.000
686,686,2026-02-07 16:00:51.000,2026-02-14 16:00:51.000
687,687,2026-08-09 14:08:22.000,2026-08-22 14:08:22.000
688,688,2025-08-15 05:31:19.000,2025-08-24 05:31:19.000
689,689,2025-03-21 02:06:54.000,2025-03-25 02:06:54.000
690,690,2025-07-13 06:33:08.000,2025-07-28 06:33:08.000
691,691,2026-06-20 09:07:11.000,2026-07-05 09:07:11.000
692,692,2025-09-04 13:18:02.000,2025-09-08 13:18:02.000
693,693,2026-02-16 05:56:06.000,2026-02-17 05:56:06.000
694,694,2026-01-28 21:01:45.000,2026-02-01 21:01:45.000
695,695,2026-04-25 05:24:39.000,2026-05-06 05:24:39.000
696,696,2026-05-19 12:24:23.000,2026-06-02 12:24:23.000
697,697,2025-10-29 23:54:05.000,2025-11-10 23:54:05.000
698,698,2026-10-27 14:49:42.000,2026-11-09 14:49:42.000
699,699,2025-01-18 05:18:01.000,2025-02-02 05:18:01.000
700,700,2026-06-03 19:51:59.000,2026-06-09 19:51:59.000
701,701,2026-05-31 15:19:41.000,2026-06-07 15:19:41.000
702,702,2026-02-07 03:25:48.000,2026-02-15 03:25:48.000
703,703,2025-04-08 05:41:41.000,2025-04-18 05:41:41.000
704,704,2026-12-03 07:10:29.000,2026-12-04 07:10:29.000
705,705,2025-07-28 03:49:01.000,2025-08-04 03:49:01.000
706,706,2025-05-04 12:38:42.000,2025-05-05 12:38:42.000
707,707,2025-06-29 04:20:47.000,2025-07-12 04:20:47.000
708,708,2025-04-15 11:59:41.000,2025-04-28 11:59:41.000
709,709,2025-01-25 08:35:18.000,2025-02-02 08:35:18.000
710,710,2025-10-12 03:30:57.000,2025-10-20 03:30:57.000
711,711,2026-06-03 08:00:40.000,2026-06-07 08:00:40.000
712,712,2025-03-03 11:05:17.000,2025-03-12 11:05:17.000
713,713,2025-08-06 03:25:40.000,2025-08-15 03:25:40.000
714,714,2026-08-31 03:30:18.000,2026-09-02 03:30:18.000
715,715,2025-05-24 00:33:01.000,2025-05-25 00:33:01.000
716,716,2026-08-14 18:12:24.000,2026-08-24 18:12:24.000
717,717,2026-05-03 23:54:12.000,2026-05-05 23:54:12.000
718,718,2026-07-11 21:44:16.000,2026-07-16 21:44:16.000
719,719,2026-06-21 23:55:05.000,2026-06-27 23:55:05.000
720,720,2026-10-09 08:19:10.000,2026-10-12 08:19:10.000
721,721,2026-09-07 11:21:32.000,2026-09-09 11:21:32.000
722,722,2025-09-23 11:37:00.000,2025-10-01 11:37:00.000
723,723,2025-06-07 23:06:00.000,2025-06-10 23:06:00.000
724,724,2026-07-10 00:58:12.000,2026-07-19 00:58:12.000
725,725,2025-06-05 03:43:59.000,2025-06-15 03:43:59.000
726,726,2026-10-25 05:06:23.000,2026-11-03 05:06:23.000
727,727,2025-02-17 13:28:33.000,2025-02-23 13:28:33.000
728,728,2025-11-20 14:39:11.000,2025-12-05 14:39:11.000
729,729,2026-09-10 07:00:29.000,2026-09-12 07:00:29.000
730,730,2026-10-06 03:41:47.000,2026-10-21 03:41:47.000
731,731,2026-05-21 23:12:37.000,2026-05-29 23:12:37.000
732,732,2025-05-28 15:40:37.000,2025-06-11 15:40:37.000
733,733,2026-10-07 02:39:42.000,2026-10-12 02:39:42.000
734,734,2025-02-22 18:27:18.000,2025-02-25 18:27:18.000
735,735,2025-01-07 13:37:57.000,2025-01-09 13:37:57.000
736,736,2025-10-09 13:54:55.000,2025-10-16 13:54:55.000
737,737,2026-02-02 05:10:02.000,2026-02-07 05:10:02.000
738,738,2026-12-30 10:43:48.000,2027-01-11 10:43:48.000
739,739,2025-04-12 17:28:42.000,2025-04-17 17:28:42.000
740,740,2026-04-23 05:33:29.000,2026-05-03 05:33:29.000
741,741,2026-05-31 04:15:22.000,2026-06-04 04:15:22.000
742,742,2025-04-29 14:15:32.000,2025-05-09 14:15:32.000
743,743,2026-01-27 07:29:26.000,2026-01-31 07:29:26.000
744,744,2025-06-18 07:50:35.000,2025-06-30 07:50:35.000
745,745,2026-09-27 22:33:46.000,2026-10-02 22:33:46.000
746,746,2026-10-03 13:40:12.000,2026-10-15 13:40:12.000
747,747,2025-09-02 11:12:01.000,2025-09-10 11:12:01.000
748,748,2026-03-18 20:40:13.000,2026-03-23 20:40:13.000
749,749,2026-09-01 16:24:52.000,2026-09-12 16:24:52.000
750,750,2026-02-07 11:20:29.000,2026-02-13 11:20:29.000
751,751,2025-10-13 23:57:13.000,2025-10-19 23:57:13.000
752,752,2026-01-23 21:37:44.000,2026-01-24 21:37:44.000
753,753,2026-08-03 16:22:45.000,2026-08-08 16:22:45.000
754,754,2026-01-19 04:18:54.000,2026-01-24 04:18:54.000
755,755,2025-03-10 14:02:29.000,2025-03-19 14:02:29.000
756,756,2025-03-08 11:09:34.000,2025-03-12 11:09:34.000
757,757,2025-05-13 21:22:51.000,2025-05-24 21:22:51.000
758,758,2025-11-05 11:53:05.000,2025-11-20 11:53:05.000
759,759,2026-04-25 13:21:13.000,2026-04-26 13:21:13.000
760,760,2026-09-22 21:54:02.000,2026-09-30 21:54:02.000
761,761,2026-04-25 05:23:09.000,2026-05-02 05:23:09.000
762,762,2026-08-19 11:16:56.000,2026-08-26 11:16:56.000
763,763,2026-03-28 11:32:17.000,2026-04-05 11:32:17.000
764,764,2026-02-28 13:31:01.000,2026-03-09 13:31:01.000
765,765,2025-05-16 02:20:07.000,2025-05-17 02:20:07.000
766,766,2025-11-09 19:48:23.000,2025-11-13 19:48:23.000
767,767,2026-03-21 15:00:51.000,2026-03-25 15:00:51.000
768,768,2025-02-01 05:46:58.000,2025-02-13 05:46:58.000
769,769,2026-12-08 00:11:33.000,2026-12-19 00:11:33.000
770,770,2025-07-15 05:53:09.000,2025-07-27 05:53:09.000
771,771,2026-08-12 06:37:33.000,2026-08-25 06:37:33.000
772,772,2026-08-26 07:24:24.000,2026-08-30 07:24:24.000
773,773,2026-12-29 21:25:42.000,2027-01-07 21:25:42.000
774,774,2026-08-09 17:10:08.000,2026-08-19 17:10:08.000
775,775,2026-01-08 20:36:25.000,2026-01-23 20:36:25.000
776,776,2025-12-27 14:24:58.000,2025-12-29 14:24:58.000
777,777,2026-08-20 00:32:23.000,2026-09-03 00:32:23.000
778,778,2026-01-29 17:22:12.000,2026-02-08 17:22:12.000
779,779,2026-08-18 08:48:38.000,2026-08-26 08:48:38.000
780,780,2025-10-09 06:39:34.000,2025-10-10 06:39:34.000
781,781,2025-03-31 11:46:10.000,2025-04-02 11:46:10.000
782,782,2025-01-20 21:09:01.000,2025-01-27 21:09:01.000
783,783,2025-09-01 12:09:40.000,2025-09-07 12:09:40.000
784,784,2026-03-20 13:15:02.000,2026-03-24 13:15:02.000
785,785,2025-03-08 22:21:55.000,2025-03-19 22:21:55.000
786,786,2025-01-15 20:08:17.000,2025-01-28 20:08:17.000
787,787,2025-08-27 20:51:14.000,2025-09-10 20:51:14.000
788,788,2025-09-24 16:17:07.000,2025-10-05 16:17:07.000
789,789,2026-01-30 09:43:55.000,2026-02-10 09:43:55.000
790,790,2025-01-24 23:57:44.000,2025-02-07 23:57:44.000
791,791,2026-10-15 06:36:05.000,2026-10-28 06:36:05.000
792,792,2025-10-01 23:39:27.000,2025-10-07 23:39:27.000
793,793,2025-08-21 03:30:09.000,2025-08-24 03:30:09.000
794,794,2025-07-29 00:10:31.000,2025-08-13 00:10:31.000
795,795,2025-08-28 10:38:24.000,2025-09-12 10:38:24.000
796,796,2025-02-14 03:57:27.000,2025-03-01 03:57:27.000
797,797,2026-08-09 14:45:29.000,2026-08-13 14:45:29.000
798,798,2026-07-15 13:04:06.000,2026-07-23 13:04:06.000
799,799,2026-02-02 08:36:25.000,2026-02-05 08:36:25.000
800,800,2026-02-09 01:25:26.000,2026-02-15 01:25:26.000
801,801,2026-10-24 10:31:46.000,2026-11-04 10:31:46.000
802,802,2026-07-31 15:34:57.000,2026-08-03 15:34:57.000
803,803,2025-01-21 18:52:56.000,2025-02-04 18:52:56.000
804,804,2026-07-15 07:41:53.000,2026-07-18 07:41:53.000
805,805,2025-09-24 03:13:45.000,2025-10-01 03:13:45.000
806,806,2026-02-15 14:34:50.000,2026-03-02 14:34:50.000
807,807,2025-08-11 20:37:23.000,2025-08-13 20:37:23.000
808,808,2026-12-18 06:27:57.000,2027-01-02 06:27:57.000
809,809,2025-03-10 12:24:21.000,2025-03-25 12:24:21.000
810,810,2026-02-07 11:19:29.000,2026-02-12 11:19:29.000
811,811,2026-08-14 13:27:50.000,2026-08-24 13:27:50.000
812,812,2026-12-11 21:32:00.000,2026-12-16 21:32:00.000
813,813,2025-09-24 04:16:52.000,2025-09-26 04:16:52.000
814,814,2025-09-11 12:44:00.000,2025-09-20 12:44:00.000
815,815,2026-11-13 01:17:14.000,2026-11-22 01:17:14.000
816,816,2026-11-01 17:25:38.000,2026-11-09 17:25:38.000
817,817,2026-01-18 10:00:06.000,2026-02-01 10:00:06.000
818,818,2026-12-03 09:42:25.000,2026-12-07 09:42:25.000
819,819,2025-06-06 07:14:02.000,2025-06-13 07:14:02.000
820,820,2026-04-29 21:58:05.000,2026-05-06 21:58:05.000
821,821,2025-05-12 13:33:18.000,2025-05-21 13:33:18.000
822,822,2026-04-07 13:23:53.000,2026-04-16 13:23:53.000
823,823,2025-06-01 18:34:05.000,2025-06-16 18:34:05.000
824,824,2025-02-11 23:07:13.000,2025-02-22 23:07:13.000
825,825,2025-09-02 04:27:22.000,2025-09-13 04:27:22.000
826,826,2025-09-08 10:35:36.000,2025-09-17 10:35:36.000
827,827,2025-10-22 05:04:48.000,2025-11-05 05:04:48.000
828,828,2026-01-06 18:45:18.000,2026-01-13 18:45:18.000
829,829,2026-03-31 09:00:12.000,2026-04-15 09:00:12.000
830,830,2025-08-05 09:35:45.000,2025-08-18 09:35:45.000
831,831,2026-06-28 01:24:41.000,2026-07-05 01:24:41.000
832,832,2025-11-08 19:02:53.000,2025-11-20 19:02:53.000
833,833,2026-04-06 03:33:31.000,2026-04-13 03:33:31.000
834,834,2025-05-12 02:00:37.000,2025-05-16 02:00:37.000
835,835,2026-08-20 23:43:25.000,2026-08-29 23:43:25.000
836,836,2026-12-10 16:36:04.000,2026-12-14 16:36:04.000
837,837,2026-01-03 08:45:15.000,2026-01-09 08:45:15.000
838,838,2025-06-25 21:33:04.000,2025-06-28 21:33:04.000
839,839,2025-11-11 08:30:18.000,2025-11-21 08:30:18.000
840,840,2026-05-20 05:39:42.000,2026-06-04 05:39:42.000
841,841,2025-12-29 02:15:22.000,2026-01-03 02:15:22.000
842,842,2026-12-02 07:05:53.000,2026-12-07 07:05:53.000
843,843,2026-08-28 14:53:15.000,2026-09-12 14:53:15.000
844,844,2025-03-31 02:30:26.000,2025-04-10 02:30:26.000
845,845,2026-12-11 11:58:34.000,2026-12-25 11:58:34.000
846,846,2025-12-23 06:08:07.000,2025-12-27 06:08:07.000
847,847,2026-10-04 23:06:16.000,2026-10-09 23:06:16.000
848,848,2026-10-18 16:41:19.000,2026-10-29 16:41:19.000
849,849,2026-12-13 02:30:42.000,2026-12-19 02:30:42.000
850,850,2026-04-05 11:19:28.000,2026-04-09 11:19:28.000
851,851,2025-07-08 10:54:32.000,2025-07-16 10:54:32.000
852,852,2026-02-18 14:45:29.000,2026-02-19 14:45:29.000
853,853,2026-12-03 14:55:11.000,2026-12-09 14:55:11.000
854,854,2025-10-01 14:51:18.000,2025-10-11 14:51:18.000
855,855,2025-12-11 09:59:14.000,2025-12-26 09:59:14.000
856,856,2026-04-08 21:29:32.000,2026-04-16 21:29:32.000
857,857,2026-06-20 08:33:48.000,2026-06-28 08:33:48.000
858,858,2026-06-05 05:10:28.000,2026-06-06 05:10:28.000
859,859,2026-05-02 21:25:37.000,2026-05-03 21:25:37.000
860,860,2025-05-24 17:11:12.000,2025-05-29 17:11:12.000
861,861,2026-03-06 16:04:43.000,2026-03-07 16:04:43.000
862,862,2026-11-16 01:51:42.000,2026-11-18 01:51:42.000
863,863,2025-10-20 09:15:18.000,2025-10-23 09:15:18.000
864,864,2025-03-19 05:50:10.000,2025-04-02 05:50:10.000
865,865,2026-06-16 06:09:55.000,2026-06-17 06:09:55.000
866,866,2025-10-30 22:19:02.000,2025-11-04 22:19:02.000
867,867,2026-12-12 22:36:03.000,2026-12-15 22:36:03.000
868,868,2026-09-05 06:04:56.000,2026-09-14 06:04:56.000
869,869,2026-08-06 02:33:09.000,2026-08-12 02:33:09.000
870,870,2025-06-16 11:04:50.000,2025-06-27 11:04:50.000
871,871,2025-12-25 15:54:55.000,2026-01-06 15:54:55.000
872,872,2025-10-22 17:28:09.000,2025-10-25 17:28:09.000
873,873,2025-04-18 20:17:16.000,2025-04-26 20:17:16.000
874,874,2026-06-25 19:57:32.000,2026-07-02 19:57:32.000
875,875,2025-11-11 05:42:06.000,2025-11-21 05:42:06.000
876,876,2026-10-27 15:17:41.000,2026-11-08 15:17:41.000
877,877,2026-05-03 00:34:53.000,2026-05-10 00:34:53.000
878,878,2026-03-29 12:41:52.000,2026-04-02 12:41:52.000
879,879,2025-04-09 08:25:51.000,2025-04-24 08:25:51.000
880,880,2025-11-15 02:40:23.000,2025-11-26 02:40:23.000
881,881,2025-04-19 19:38:38.000,2025-04-23 19:38:38.000
882,882,2026-04-03 16:51:48.000,2026-04-15 16:51:48.000
883,883,2025-06-17 18:01:20.000,2025-07-02 18:01:20.000
884,884,2025-11-11 06:00:30.000,2025-11-12 06:00:30.000
885,885,2026-03-03 16:38:09.000,2026-03-05 16:38:09.000
886,886,2026-06-07 15:04:04.000,2026-06-19 15:04:04.000
887,887,2025-08-10 18:52:37.000,2025-08-12 18:52:37.000
888,888,2025-12-11 12:35:55.000,2025-12-14 12:35:55.000
889,889,2025-11-09 21:34:36.000,2025-11-13 21:34:36.000
890,890,2025-10-29 22:10:19.000,2025-11-03 22:10:19.000
891,891,2026-04-04 23:50:36.000,2026-04-14 23:50:36.000
892,892,2025-04-22 23:09:39.000,2025-04-29 23:09:39.000
893,893,2026-11-22 15:08:41.000,2026-11-24 15:08:41.000
894,894,2025-04-11 01:18:07.000,2025-04-21 01:18:07.000
895,895,2026-11-02 02:39:00.000,2026-11-14 02:39:00.000
896,896,2026-02-06 07:42:00.000,2026-02-08 07:42:00.000
897,897,2026-12-04 09:28:30.000,2026-12-15 09:28:30.000
898,898,2025-07-15 08:27:24.000,2025-07-26 08:27:24.000
899,899,2026-02-11 01:21:41.000,2026-02-18 01:21:41.000
900,900,2025-06-09 03:40:17.000,2025-06-14 03:40:17.000
901,901,2026-09-20 02:29:49.000,2026-09-29 02:29:49.000
902,902,2025-10-19 18:57:13.000,2025-10-26 18:57:13.000
903,903,2026-06-14 21:35:21.000,2026-06-21 21:35:21.000
904,904,2026-09-09 04:46:06.000,2026-09-14 04:46:06.000
905,905,2026-07-31 03:34:19.000,2026-08-06 03:34:19.000
906,906,2025-11-24 10:01:30.000,2025-12-02 10:01:30.000
907,907,2025-05-25 05:57:23.000,2025-06-09 05:57:23.000
908,908,2026-06-24 18:21:04.000,2026-07-09 18:21:04.000
909,909,2026-04-21 14:18:27.000,2026-05-04 14:18:27.000
910,910,2025-08-14 13:11:15.000,2025-08-27 13:11:15.000
911,911,2025-10-02 06:38:56.000,2025-10-05 06:38:56.000
912,912,2025-04-21 19:11:16.000,2025-05-06 19:11:16.000
913,913,2026-02-13 15:45:37.000,2026-02-24 15:45:37.000
914,914,2026-03-29 20:31:30.000,2026-04-01 20:31:30.000
915,915,2025-06-17 05:54:20.000,2025-06-24 05:54:20.000
916,916,2026-02-22 18:20:00.000,2026-03-01 18:20:00.000
917,917,2026-12-14 08:36:57.000,2026-12-26 08:36:57.000
918,918,2025-07-06 14:28:19.000,2025-07-11 14:28:19.000
919,919,2026-10-04 12:42:01.000,2026-10-16 12:42:01.000
920,920,2025-10-26 09:57:02.000,2025-10-30 09:57:02.000
921,921,2025-11-21 19:35:42.000,2025-11-24 19:35:42.000
922,922,2026-05-12 12:15:15.000,2026-05-22 12:15:15.000
923,923,2026-01-03 12:53:02.000,2026-01-08 12:53:02.000
924,924,2026-11-09 19:06:49.000,2026-11-18 19:06:49.000
925,925,2025-03-02 01:50:21.000,2025-03-07 01:50:21.000
926,926,2025-07-13 21:29:38.000,2025-07-18 21:29:38.000
927,927,2026-03-01 17:49:02.000,2026-03-05 17:49:02.000
928,928,2026-11-17 01:53:52.000,2026-11-29 01:53:52.000
929,929,2025-10-16 18:02:03.000,2025-10-19 18:02:03.000
930,930,2025-11-28 22:40:44.000,2025-12-02 22:40:44.000
931,931,2025-01-02 21:19:10.000,2025-01-17 21:19:10.000
932,932,2025-09-26 23:59:42.000,2025-09-30 23:59:42.000
933,933,2026-03-07 09:16:51.000,2026-03-14 09:16:51.000
934,934,2026-04-13 11:04:17.000,2026-04-21 11:04:17.000
935,935,2025-12-16 05:50:09.000,2025-12-29 05:50:09.000
936,936,2026-08-10 10:44:13.000,2026-08-17 10:44:13.000
937,937,2025-10-05 10:26:08.000,2025-10-06 10:26:08.000
938,938,2025-09-12 14:20:01.000,2025-09-21 14:20:01.000
939,939,2026-08-26 17:23:33.000,2026-09-05 17:23:33.000
940,940,2026-08-17 03:00:59.000,2026-08-25 03:00:59.000
941,941,2025-08-29 13:40:44.000,2025-08-31 13:40:44.000
942,942,2026-07-19 02:02:46.000,2026-07-20 02:02:46.000
943,943,2026-02-05 04:11:40.000,2026-02-18 04:11:40.000
944,944,2026-02-15 22:55:29.000,2026-02-19 22:55:29.000
945,945,2025-12-23 21:29:08.000,2025-12-29 21:29:08.000
946,946,2026-04-07 06:41:23.000,2026-04-11 06:41:23.000
947,947,2026-09-23 19:46:45.000,2026-09-25 19:46:45.000
948,948,2025-09-21 22:49:06.000,2025-09-24 22:49:06.000
949,949,2026-04-30 15:39:54.000,2026-05-05 15:39:54.000
950,950,2026-11-14 22:39:28.000,2026-11-29 22:39:28.000
951,951,2025-12-08 08:29:23.000,2025-12-20 08:29:23.000
952,952,2025-12-05 12:47:59.000,2025-12-17 12:47:59.000
953,953,2026-11-12 17:07:53.000,2026-11-14 17:07:53.000
954,954,2025-05-10 03:24:33.000,2025-05-20 03:24:33.000
955,955,2026-01-06 07:37:54.000,2026-01-20 07:37:54.000
956,956,2025-01-26 21:09:43.000,2025-01-31 21:09:43.000
957,957,2026-02-03 04:07:43.000,2026-02-16 04:07:43.000
958,958,2026-09-25 19:13:35.000,2026-10-01 19:13:35.000
959,959,2025-05-05 03:19:38.000,2025-05-11 03:19:38.000
960,960,2025-04-14 13:53:05.000,2025-04-24 13:53:05.000
961,961,2025-03-23 10:07:59.000,2025-03-26 10:07:59.000
962,962,2025-04-30 02:36:33.000,2025-05-02 02:36:33.000
963,963,2026-03-03 12:55:24.000,2026-03-06 12:55:24.000
964,964,2026-09-11 22:27:16.000,2026-09-18 22:27:16.000
965,965,2025-11-19 00:16:22.000,2025-11-26 00:16:22.000
966,966,2026-10-30 00:40:48.000,2026-11-03 00:40:48.000
967,967,2026-10-08 12:14:16.000,2026-10-16 12:14:16.000
968,968,2026-03-23 01:07:32.000,2026-03-24 01:07:32.000
969,969,2026-03-28 01:01:59.000,2026-04-11 01:01:59.000
970,970,2026-06-04 10:58:00.000,2026-06-08 10:58:00.000
971,971,2026-12-06 22:56:55.000,2026-12-21 22:56:55.000
972,972,2025-11-24 18:42:11.000,2025-11-29 18:42:11.000
973,973,2025-10-11 22:12:29.000,2025-10-16 22:12:29.000
974,974,2025-12-12 00:16:03.000,2025-12-13 00:16:03.000
975,975,2025-11-16 20:03:10.000,2025-11-23 20:03:10.000
976,976,2026-09-21 15:47:05.000,2026-10-01 15:47:05.000
977,977,2025-11-22 00:48:41.000,2025-12-01 00:48:41.000
978,978,2025-09-30 01:29:41.000,2025-10-15 01:29:41.000
979,979,2025-01-22 12:05:38.000,2025-02-04 12:05:38.000
980,980,2025-10-01 14:10:25.000,2025-10-10 14:10:25.000
981,981,2026-07-21 17:49:50.000,2026-07-29 17:49:50.000
982,982,2025-05-09 17:01:22.000,2025-05-24 17:01:22.000
983,983,2025-08-09 10:09:46.000,2025-08-17 10:09:46.000
984,984,2026-06-13 09:22:28.000,2026-06-18 09:22:28.000
985,985,2025-12-10 17:06:48.000,2025-12-17 17:06:48.000
986,986,2025-06-17 22:53:29.000,2025-06-21 22:53:29.000
987,987,2025-05-23 23:47:45.000,2025-06-01 23:47:45.000
988,988,2025-01-12 22:44:27.000,2025-01-14 22:44:27.000
989,989,2026-01-23 18:37:36.000,2026-02-06 18:37:36.000
990,990,2025-11-25 11:58:52.000,2025-12-02 11:58:52.000
991,991,2025-07-31 15:05:18.000,2025-08-04 15:05:18.000
992,992,2025-04-11 12:38:59.000,2025-04-18 12:38:59.000
993,993,2026-02-22 05:47:54.000,2026-02-23 05:47:54.000
994,994,2026-12-04 10:49:04.000,2026-12-19 10:49:04.000
995,995,2025-01-23 19:04:06.000,2025-02-03 19:04:06.000
996,996,2025-05-29 10:40:41.000,2025-06-12 10:40:41.000
997,997,2025-08-01 15:21:46.000,2025-08-07 15:21:46.000
998,998,2025-09-13 16:53:28.000,2025-09-15 16:53:28.000
999,999,2025-10-27 22:19:10.000,2025-10-30 22:19:10.000
1000,1000,2025-08-11 13:41:27.000,2025-08-23 13:41:27.000
